
> clubs@0.0.0 test /Users/jordib/dev/agilityhub/agilityhub-core-web/apps/clubs
> vitest run src/booking/detail.test.tsx src/inactivity/InactivityPage.test.tsx src/leave/LeavePage.test.tsx src/App.test.tsx


 RUN  v5.0.0 /Users/jordib/dev/agilityhub/agilityhub-core-web/apps/clubs

 ❯ src/booking/detail.test.tsx (26 tests | 1 failed) 11455ms
   ❯ T-08-39 screen 07: the booking, who booked it, and its cancellation (R-08-10) (19)
     × E8-W05 #1: a paid checkout reads the booking again before exposing its confirmed actions 10067ms
 ❯ src/inactivity/InactivityPage.test.tsx (14 tests | 7 failed) 72215ms
   ❯ T-13-29 member inactivity (14)
     × shows the API earliest month for INACTIVITY_DEADLINE_PASSED 10020ms
     × offers future ends for a historical open ACTIVE period and beyond a long fixed end 10017ms
     × loads and links to the conflicting live period after INACTIVITY_OVERLAP 10013ms
     × clears an end month overtaken by a changed start and submits an open end 10017ms
     × renders a historical ACTIVE period and patches only its changed editable end 10020ms
     × after 409 STALE_VERSION keeps only the member's own edit on top of the new version 10017ms
     × keeps a newly created period for the return-to-profile subtitle 10018ms

⎯⎯⎯⎯⎯⎯⎯ Failed Tests 8 ⎯⎯⎯⎯⎯⎯⎯

 FAIL  src/booking/detail.test.tsx > T-08-39 screen 07: the booking, who booked it, and its cancellation (R-08-10) > E8-W05 #1: a paid checkout reads the booking again before exposing its confirmed actions
TestingLibraryElementError: Unable to find an element with the text: pagament pendent. This could be because the text is broken up by multiple elements. In this case, you can provide a function for your text matcher to make your matcher more flexible.

Ignored nodes: comments, script, style
[36m<body>[39m
  [36m<div>[39m
    [36m<div[39m
      [33mclass[39m=[32m"clubs-shell"[39m
    [36m>[39m
      [36m<div[39m
        [33mclass[39m=[32m"clubs-shell__top"[39m
      [36m/>[39m
      [36m<main[39m
        [33mclass[39m=[32m"clubs-shell__content"[39m
      [36m>[39m
        [36m<div[39m
          [33mclass[39m=[32m"ah-card checkout-return checkout-return--paid"[39m
          [33mrole[39m=[32m"status"[39m
        [36m>[39m
          [36m<p>[39m
            [0mPagament rebut[0m
          [36m</p>[39m
        [36m</div>[39m
        [36m<section[39m
          [33mclass[39m=[32m"booking-screen"[39m
        [36m>[39m
          [36m<header[39m
            [33mclass[39m=[32m"ah-app-bar booking-screen__bar"[39m
          [36m>[39m
            [36m<div[39m
              [33mclass[39m=[32m"ah-app-bar__side"[39m
            [36m>[39m
              [36m<a[39m
                [33maria-label[39m=[32m"Torna enrere"[39m
                [33mclass[39m=[32m"booking-screen__back"[39m
                [33mhref[39m=[32m"/inici"[39m
              [36m>[39m
                [36m<span[39m
                  [33maria-hidden[39m=[32m"true"[39m
                [36m>[39m
                  [0m‹[0m
                [36m</span>[39m
              [36m</a>[39m
            [36m</div>[39m
            [36m<div[39m
              [33mclass[39m=[32m"ah-app-bar__title"[39m
            [36m>[39m
              [36m<h1>[39m
                [0mDetall de la reserva[0m
              [36m</h1>[39m
            [36m</div>[39m
            [36m<div[39m
              [33mclass[39m=[32m"ah-app-bar__side ah-app-bar__side--end"[39m
            [36m/>[39m
          [36m</header>[39m
          [36m<div[39m
            [33mclass[39m=[32m"ah-card detail-card"[39m
          [36m>[39m
            [36m<p[39m
              [33mclass[39m=[32m"detail-card__line"[39m
            [36m>[39m
              [36m<span[39m
                [33maria-hidden[39m=[32m"true"[39m
                [33mclass[39m=[32m"detail-card__dot"[39m
                [33mstyle[39m=[32m"--class-row-ring: #8FCE8F;"[39m
              [36m/>[39m
              [36m<strong[39m
                [33mclass[39m=[32m"detail-card__title"[39m
              [36m>[39m
                [0mClasse B+C · amb la Duna[0m
              [36m</strong>[39m
              [36m<span[39m
                [33mclass[39m=[32m"ah-badge ah-tone--success"[39m
              [36m>[39m
                [0mconfirmada[0m
              [36m</span>[39m
            [36m</p>[39m
            [36m<p[39m
              [33mclass[39m=[32m"detail-card__when"[39m
            [36m>[39m
              [0mDilluns 3 · 18:50–19:50 · Central[0m
            [36m</p>[39m
            [36m<p[39m
              [33mclass[39m=[32m"detail-card__booked"[39m
            [36m>[39m
              [36m<svg[39m
                [33maria-hidden[39m=[32m"true"[39m
                [33mclass[39m=[32m"ah-icon"[39m
              [36m>[39m
                [36m<use[39m
                  [33mhref[39m=[32m"http://localhost:3000/@fs/Users/jordib/dev/agilityhub/agilityhub-core-web/packages/ui/src/icons/sprite.svg#i-clock"[39m
                [36m/>[39m
              [36m</svg>[39m
              [0mReservada el dijous 30/07 a les 20:14[0m
            [36m</p>[39m
          [36m</div>[39m
          [36m<button[39m
            [33mclass[39m=[32m"ah-button ah-button--primary"[39m
            [33mtype[39m=[32m"button"[39m
          [36m>[39m
            [36m<span[39m
              [33mclass[39m=[32m"ah-button__content"[39m
            [36m>[39m
              [0mANUL·LA LA RESERVA[0m
            [36m</span>[39m
          [36m</button>[39m
        [36m</section>[39m
      [36m</main>[39m
      [36m<nav[39m
        [33maria-label[39m=[32m"Navegació principal"[39m
        [33mclass[39m=[32m"ah-tab-bar"[39m
      [36m>[39m
        [36m<a[39m
          [33mclass[39m=[32m"ah-tab-bar__item"[39m
          [33mhref[39m=[32m"/inici"[39m
        [36m>[39m
          [36m<svg[39m
            [33maria-hidden[39m=[32m"true"[39m
            [33mclass[39m=[32m"ah-icon"[39m
          [36m>[39m
            [36m<use[39m
              [33mhref[39m=[32m"http://localhost:3000/@fs/Users/jordib/dev/agilityhub/agilityhub-core-web/packages/ui/src/icons/sprite.svg#i-home"[39m
            [36m/>[39m
          [36m</svg>[39m
          [36m<span>[39m
            [0mInici[0m
          [36m</span>[39m
        [36m</a>[39m
        [36m<a[39m
          [33maria-current[39m=[32m"page"[39m
          [33mclass[39m=[32m"ah-tab-bar__item"[39m
          [33mhref[39m=[32m"/reservar"[39m
        [36m>[39m
          [36m<svg[39m
            [33maria-hidden[39m=[32m"true"[39m
            [33mclass[39m=[32m"ah-icon"[39m
          [36m>[39m
            [36m<use[39m
              [33mhref[39m=[32m"http://localhost:3000/@fs/Users/jordib/dev/agilityhub/agilityhub-core-web/packages/ui/src/icons/sprite.svg#i-cal"[39m
            [36m/>[39m
          [36m</svg>[39m
          [36m<span>[39m
            [0mReservar[0m
          [36m</span>[39m
        [36m</a>[39m
        [36m<a[39m
          [33mclass[39m=[32m"ah-tab-bar__item"[39m
          [33mhref[39m=[32m"/entrenaments"[39m
        [36m>[39m
          [36m<svg[39m
            [33maria-hidden[39m=[32m"true"[39m
            [33mclass[39m=[32m"ah-icon"[39m
          [36m>[39m
            [36m<use[39m
              [33mhref[39m=[32m"http://localhost:3000/@fs/Users/jordib/dev/agilityhub/agilityhub-core-web/packages/ui/src/icons/sprite.svg#i-cone"[39m
            [36m/>[39m
          [36m</svg>[39m
          [36m<span>[39m
            [0mEntrenaments[0m
          [36m</span>[39m
        [36m</a>[39m
        [36m<a[39m
          [33mclass[39m=[32m"ah-tab-bar__item"[39m
          [33mhref[39m=[32m"/avui"[39m
        [36m>[39m
          [36m<svg[39m
            [33maria-hidden[39m=[32m"true"[39m
            [33mclass[39m=[32m"ah-icon"[39m
          [36m>[39m
            [36m<use[39m
              [33mhref[39m=[32m"http://localhost:3000/@fs/Users/jordib/dev/agilityhub/agilityhub-core-web/packages/ui/src/icons/sprite.svg#i-day"[39m
            [36m/>[39m
          [36m</svg>[39m
          [36m<span>[39m
            [0mAvui[0m
          [36m</span>[39m
        [36m</a>[39m
        [36m<a[39m
          [33mclass[39m=[32m"ah-tab-bar__item"[39m
          [33mhref[39m=[32m"/perfil"[39m
        [36m>[39m
          [36m<svg[39m
            [33maria-hidden[39m=[32m"true"[39m
            [33mclass[39m=[32m"ah-icon"[39m
          [36m>[39m
            [36m<use[39m
              [33mhref[39m=[32m"http://localhost:3000/@fs/Users/jordib/dev/agilityhub/agilityhub-core-web/packages/ui/src/icons/sprite.svg#i-user"[39m
            [36m/>[39m
          [36m</svg>[39m
          [36m<span>[39m
            [0mPerfil[0m
          [36m</span>[39m
        [36m</a>[39m
        [36m<a[39m
          [33mclass[39m=[32m"ah-tab-bar__item"[39m
          [33mhref[39m=[32m"/info"[39m
        [36m>[39m
          [36m<svg[39m
            [33maria-hidden[39m=[32m"true"[39m
            [33mclass[39m=[32m"ah-icon"[39m
          [36m>[39m
            [36m<use[39m
              [33mhref[39m=[32m"http://localhost:3000/@fs/Users/jordib/dev/agilityhub/agilityhub-core-web/packages/ui/src/icons/sprite.svg#i-info"[39m
            [36m/>[39m
          [36m</svg>[39m
          [36m<span>[39m
            [0mInfo[0m
          [36m</span>[39m
        [36m</a>[39m
      [36m</nav>[39m
    [36m</div>[39m
    [36m<div[39m
      [33maria-live[39m=[32m"polite"[39m
      [33mclass[39m=[32m"ah-toast-viewport"[39m
    [36m/>[39m
  [36m</div>[39m
[36m</body>[39m

Ignored nodes: comments, script, style
[36m<body>[39m
  [36m<div>[39m
    [36m<div[39m
      [33mclass[39m=[32m"clubs-shell"[39m
    [36m>[39m
      [36m<div[39m
        [33mclass[39m=[32m"clubs-shell__top"[39m
      [36m/>[39m
      [36m<main[39m
        [33mclass[39m=[32m"clubs-shell__content"[39m
      [36m>[39m
        [36m<div[39m
          [33mclass[39m=[32m"ah-card checkout-return checkout-return--paid"[39m
          [33mrole[39m=[32m"status"[39m
        [36m>[39m
          [36m<p>[39m
            [0mPagament rebut[0m
          [36m</p>[39m
        [36m</div>[39m
        [36m<section[39m
          [33mclass[39m=[32m"booking-screen"[39m
        [36m>[39m
          [36m<header[39m
            [33mclass[39m=[32m"ah-app-bar booking-screen__bar"[39m
          [36m>[39m
            [36m<div[39m
              [33mclass[39m=[32m"ah-app-bar__side"[39m
            [36m>[39m
              [36m<a[39m
                [33maria-label[39m=[32m"Torna enrere"[39m
                [33mclass[39m=[32m"booking-screen__back"[39m
                [33mhref[39m=[32m"/inici"[39m
              [36m>[39m
                [36m<span[39m
                  [33maria-hidden[39m=[32m"true"[39m
                [36m>[39m
                  [0m‹[0m
                [36m</span>[39m
              [36m</a>[39m
            [36m</div>[39m
            [36m<div[39m
              [33mclass[39m=[32m"ah-app-bar__title"[39m
            [36m>[39m
              [36m<h1>[39m
                [0mDetall de la reserva[0m
              [36m</h1>[39m
            [36m</div>[39m
            [36m<div[39m
              [33mclass[39m=[32m"ah-app-bar__side ah-app-bar__side--end"[39m
            [36m/>[39m
          [36m</header>[39m
          [36m<div[39m
            [33mclass[39m=[32m"ah-card detail-card"[39m
          [36m>[39m
            [36m<p[39m
              [33mclass[39m=[32m"detail-card__line"[39m
            [36m>[39m
              [36m<span[39m
                [33maria-hidden[39m=[32m"true"[39m
                [33mclass[39m=[32m"detail-card__dot"[39m
                [33mstyle[39m=[32m"--class-row-ring: #8FCE8F;"[39m
              [36m/>[39m
              [36m<strong[39m
                [33mclass[39m=[32m"detail-card__title"[39m
              [36m>[39m
                [0mClasse B+C · amb la Duna[0m
              [36m</strong>[39m
              [36m<span[39m
                [33mclass[39m=[32m"ah-badge ah-tone--success"[39m
              [36m>[39m
                [0mconfirmada[0m
              [36m</span>[39m
            [36m</p>[39m
            [36m<p[39m
              [33mclass[39m=[32m"detail-card__when"[39m
            [36m>[39m
              [0mDilluns 3 · 18:50–19:50 · Central[0m
            [36m</p>[39m
            [36m<p[39m
              [33mclass[39m=[32m"detail-card__booked"[39m
            [36m>[39m
              [36m<svg[39m
                [33maria-hidden[39m=[32m"true"[39m
                [33mclass[39m=[32m"ah-icon"[39m
              [36m>[39m
                [36m<use[39m
                  [33mhref[39m=[32m"http://localhost:3000/@fs/Users/jordib/dev/agilityhub/agilityhub-core-web/packages/ui/src/icons/sprite.svg#i-clock"[39m
                [36m/>[39m
              [36m</svg>[39m
              [0mReservada el dijous 30/07 a les 20:14[0m
            [36m</p>[39m
          [36m</div>[39m
          [36m<button[39m
            [33mclass[39m=[32m"ah-button ah-button--primary"[39m
            [33mtype[39m=[32m"button"[39m
          [36m>[39m
            [36m<span[39m
              [33mclass[39m=[32m"ah-button__content"[39m
            [36m>[39m
              [0mANUL·LA LA RESERVA[0m
            [36m</span>[39m
          [36m</button>[39m
        [36m</section>[39m
      [36m</main>[39m
      [36m<nav[39m
        [33maria-label[39m=[32m"Navegació principal"[39m
        [33mclass[39m=[32m"ah-tab-bar"[39m
      [36m>[39m
        [36m<a[39m
          [33mclass[39m=[32m"ah-tab-bar__item"[39m
          [33mhref[39m=[32m"/inici"[39m
        [36m>[39m
          [36m<svg[39m
            [33maria-hidden[39m=[32m"true"[39m
            [33mclass[39m=[32m"ah-icon"[39m
          [36m>[39m
            [36m<use[39m
              [33mhref[39m=[32m"http://localhost:3000/@fs/Users/jordib/dev/agilityhub/agilityhub-core-web/packages/ui/src/icons/sprite.svg#i-home"[39m
            [36m/>[39m
          [36m</svg>[39m
          [36m<span>[39m
            [0mInici[0m
          [36m</span>[39m
        [36m</a>[39m
        [36m<a[39m
          [33maria-current[39m=[32m"page"[39m
          [33mclass[39m=[32m"ah-tab-bar__item"[39m
          [33mhref[39m=[32m"/reservar"[39m
        [36m>[39m
          [36m<svg[39m
            [33maria-hidden[39m=[32m"true"[39m
            [33mclass[39m=[32m"ah-icon"[39m
          [36m>[39m
            [36m<use[39m
              [33mhref[39m=[32m"http://localhost:3000/@fs/Users/jordib/dev/agilityhub/agilityhub-core-web/packages/ui/src/icons/sprite.svg#i-cal"[39m
            [36m/>[39m
          [36m</svg>[39m
          [36m<span>[39m
            [0mReservar[0m
          [36m</span>[39m
        [36m</a>[39m
        [36m<a[39m
          [33mclass[39m=[32m"ah-tab-bar__item"[39m
          [33mhref[39m=[32m"/entrenaments"[39m
        [36m>[39m
          [36m<svg[39m
            [33maria-hidden[39m=[32m"true"[39m
            [33mclass[39m=[32m"ah-icon"[39m
          [36m>[39m
            [36m<use[39m
              [33mhref[39m=[32m"http://localhost:3000/@fs/Users/jordib/dev/agilityhub/agilityhub-core-web/packages/ui/src/icons/sprite.svg#i-cone"[39m
            [36m/>[39m
          [36m</svg>[39m
          [36m<span>[39m
            [0mEntrenaments[0m
          [36m</span>[39m
        [36m</a>[39m
        [36m<a[39m
          [33mclass[39m=[32m"ah-tab-bar__item"[39m
          [33mhref[39m=[32m"/avui"[39m
        [36m>[39m
          [36m<svg[39m
            [33maria-hidden[39m=[32m"true"[39m
            [33mclass[39m=[32m"ah-icon"[39m
          [36m>[39m
            [36m<use[39m
              [33mhref[39m=[32m"http://localhost:3000/@fs/Users/jordib/dev/agilityhub/agilityhub-core-web/packages/ui/src/icons/sprite.svg#i-day"[39m
            [36m/>[39m
          [36m</svg>[39m
          [36m<span>[39m
            [0mAvui[0m
          [36m</span>[39m
        [36m</a>[39m
        [36m<a[39m
          [33mclass[39m=[32m"ah-tab-bar__item"[39m
          [33mhref[39m=[32m"/perfil"[39m
        [36m>[39m
          [36m<svg[39m
            [33maria-hidden[39m=[32m"true"[39m
            [33mclass[39m=[32m"ah-icon"[39m
          [36m>[39m
            [36m<use[39m
              [33mhref[39m=[32m"http://localhost:3000/@fs/Users/jordib/dev/agilityhub/agilityhub-core-web/packages/ui/src/icons/sprite.svg#i-user"[39m
            [36m/>[39m
          [36m</svg>[39m
          [36m<span>[39m
            [0mPerfil[0m
          [36m</span>[39m
        [36m</a>[39m
        [36m<a[39m
          [33mclass[39m=[32m"ah-tab-bar__item"[39m
          [33mhref[39m=[32m"/info"[39m
        [36m>[39m
          [36m<svg[39m
            [33maria-hidden[39m=[32m"true"[39m
            [33mclass[39m=[32m"ah-icon"[39m
          [36m>[39m
            [36m<use[39m
              [33mhref[39m=[32m"http://localhost:3000/@fs/Users/jordib/dev/agilityhub/agilityhub-core-web/packages/ui/src/icons/sprite.svg#i-info"[39m
            [36m/>[39m
          [36m</svg>[39m
          [36m<span>[39m
            [0mInfo[0m
          [36m</span>[39m
        [36m</a>[39m
      [36m</nav>[39m
    [36m</div>[39m
    [36m<div[39m
      [33maria-live[39m=[32m"polite"[39m
      [33mclass[39m=[32m"ah-toast-viewport"[39m
    [36m/>[39m
  [36m</div>[39m
[36m</body>[39m
 ❯ waitForWrapper ../../node_modules/.pnpm/@testing-library+dom@10.4.1/node_modules/@testing-library/dom/dist/wait-for.js:163:27
 ❯ ../../node_modules/.pnpm/@testing-library+dom@10.4.1/node_modules/@testing-library/dom/dist/query-helpers.js:86:33
 ❯ src/booking/detail.test.tsx:64:25
     62|     await renderApp("/reserves/booking-duna-mon3?checkout=cs_e8_w05");
     63|
     64|     expect(await screen.findByText("pagament pendent")).toBeVisible();
       |                         ^
     65|     expect(screen.queryByRole("button", { name: "ANUL·LA LA RESERVA" }…
     66|     expect(await screen.findByText("Pagament rebut")).toBeVisible();

⎯⎯⎯⎯⎯⎯⎯⎯⎯⎯⎯⎯⎯⎯⎯⎯⎯⎯⎯⎯⎯⎯⎯⎯[1/8]⎯

 FAIL  src/inactivity/InactivityPage.test.tsx > T-13-29 member inactivity > shows the API earliest month for INACTIVITY_DEADLINE_PASSED
TestingLibraryElementError: Unable to find role="alert"

Ignored nodes: comments, script, style
[36m<body>[39m
  [36m<div>[39m
    [36m<div[39m
      [33mclass[39m=[32m"lifecycle-page"[39m
    [36m>[39m
      [36m<header[39m
        [33mclass[39m=[32m"lifecycle-page__bar"[39m
      [36m>[39m
        [36m<a[39m
          [33maria-label[39m=[32m"Torna al perfil"[39m
          [33mhref[39m=[32m"/perfil"[39m
        [36m>[39m
          [0m‹[0m
        [36m</a>[39m
        [36m<h1>[39m
          [0mPeríode d'inactivitat[0m
        [36m</h1>[39m
      [36m</header>[39m
      [36m<form[39m
        [33mclass[39m=[32m"lifecycle-form"[39m
      [36m>[39m
        [36m<p[39m
          [33mclass[39m=[32m"lifecycle-intro"[39m
        [36m>[39m
          [0mTens dret a demanar una pausa (en mesos). Durant aquest temps no participaries de les activitats de l'escola i pagaràs una quota mínima de manteniment que conserva la teva entrada i la teva quota actual per quan tornis. Pot demanar-se fins al dia 25 del mes anterior al que es vol començar el període d'inactivitat.[0m
        [36m</p>[39m
        [36m<div[39m
          [33mclass[39m=[32m"ah-form-field"[39m
        [36m>[39m
          [36m<label[39m
            [33mclass[39m=[32m"ah-form-field__label"[39m
            [33mfor[39m=[32m"inactivity-from"[39m
          [36m>[39m
            [0mMes d'inici (obligatori)[0m
          [36m</label>[39m
          [36m<select[39m
            [33mclass[39m=[32m"ah-input ah-select"[39m
            [33mid[39m=[32m"inactivity-from"[39m
          [36m>[39m
            [36m<option[39m
              [33mvalue[39m=[32m"2026-10"[39m
            [36m>[39m
              [0mOctubre 2026[0m
            [36m</option>[39m
            [36m<option[39m
              [33mvalue[39m=[32m"2026-11"[39m
            [36m>[39m
              [0mNovembre 2026[0m
            [36m</option>[39m
            [36m<option[39m
              [33mvalue[39m=[32m"2026-12"[39m
            [36m>[39m
              [0mDesembre 2026[0m
            [36m</option>[39m
            [36m<option[39m
              [33mvalue[39m=[32m"2027-01"[39m
            [36m>[39m
              [0mGener 2027[0m
            [36m</option>[39m
            [36m<option[39m
              [33mvalue[39m=[32m"2027-02"[39m
            [36m>[39m
              [0mFebrer 2027[0m
            [36m</option>[39m
            [36m<option[39m
              [33mvalue[39m=[32m"2027-03"[39m
            [36m>[39m
              [0mMarç 2027[0m
            [36m</option>[39m
            [36m<option[39m
              [33mvalue[39m=[32m"2027-04"[39m
            [36m>[39m
              [0mAbril 2027[0m
            [36m</option>[39m
            [36m<option[39m
              [33mvalue[39m=[32m"2027-05"[39m
            [36m>[39m
              [0mMaig 2027[0m
            [36m</option>[39m
            [36m<option[39m
              [33mvalue[39m=[32m"2027-06"[39m
            [36m>[39m
              [0mJuny 2027[0m
            [36m</option>[39m
            [36m<option[39m
              [33mvalue[39m=[32m"2027-07"[39m
            [36m>[39m
              [0mJuliol 2027[0m
            [36m</option>[39m
            [36m<option[39m
              [33mvalue[39m=[32m"2027-08"[39m
            [36m>[39m
              [0mAgost 2027[0m
            [36m</option>[39m
            [36m<option[39m
              [33mvalue[39m=[32m"2027-09"[39m
            [36m>[39m
              [0mSetembre 2027[0m
            [36m</option>[39m
            [36m<option[39m
              [33mvalue[39m=[32m"2027-10"[39m
            [36m>[39m
              [0mOctubre 2027[0m
            [36m</option>[39m
          [36m</select>[39m
        [36m</div>[39m
        [36m<div[39m
          [33mclass[39m=[32m"ah-form-field"[39m
        [36m>[39m
          [36m<label[39m
            [33mclass[39m=[32m"ah-form-field__label"[39m
            [33mfor[39m=[32m"inactivity-to"[39m
          [36m>[39m
            [0mMes de finalització (si el saps)[0m
          [36m</label>[39m
          [36m<input[39m
            [33mclass[39m=[32m"ah-input"[39m
            [33mid[39m=[32m"inactivity-to"[39m
            [33mmin[39m=[32m"2026-10"[39m
            [33mtype[39m=[32m"month"[39m
            [33mvalue[39m=[32m""[39m
          [36m/>[39m
        [36m</div>[39m
        [36m<label[39m
          [33mclass[39m=[32m"lifecycle-open-end"[39m
          [33mfor[39m=[32m"inactivity-open-end"[39m
        [36m>[39m
          [36m<input[39m
            [33mchecked[39m=[32m""[39m
            [33mclass[39m=[32m"ah-checkbox"[39m
            [33mid[39m=[32m"inactivity-open-end"[39m
            [33mtype[39m=[32m"checkbox"[39m
          [36m/>[39m
          [36m<span>[39m
            [0m— encara no ho sé[0m
          [36m</span>[39m
        [36m</label>[39m
        [36m<div[39m
          [33mclass[39m=[32m"ah-form-field"[39m
        [36m>[39m
          [36m<label[39m
            [33mclass[39m=[32m"ah-form-field__label"[39m
            [33mfor[39m=[32m"inactivity-comments"[39m
          [36m>[39m
            [0mComentaris[0m
          [36m</label>[39m
          [36m<textarea[39m
            [33mclass[39m=[32m"ah-input ah-textarea"[39m
            [33mid[39m=[32m"inactivity-comments"[39m
            [33mmaxlength[39m=[32m"500"[39m
          [36m/>[39m
        [36m</div>[39m
        [36m<p[39m
          [33mclass[39m=[32m"lifecycle-note"[39m
        [36m>[39m
          [0mLa data de final es pot modificar durant el període d'inactivitat (també fins al dia 25).[0m
        [36m</p>[39m
        [36m<p[39m
          [33mclass[39m=[32m"lifecycle-warning"[39m
        [36m>[39m
          [0mAra tens 1 reserva dins del període: s'anul·larà si el club aprova la sol·licitud.[0m
        [36m</p>[39m
        [36m<button[39m
          [33mclass[39m=[32m"ah-button ah-button--primary"[39m
          [33mtype[39m=[32m"submit"[39m
        [36m>[39m
          [36m<span[39m
            [33mclass[39m=[32m"ah-button__content"[39m
          [36m>[39m
            [0mENVIA LA SOL·LICITUD[0m
          [36m</span>[39m
        [36m</button>[39m
      [36m</form>[39m
    [36m</div>[39m
    [36m<div[39m
      [33maria-live[39m=[32m"polite"[39m
      [33mclass[39m=[32m"ah-toast-viewport"[39m
    [36m/>[39m
  [36m</div>[39m
[36m</body>[39m

Ignored nodes: comments, script, style
[36m<body>[39m
  [36m<div>[39m
    [36m<div[39m
      [33mclass[39m=[32m"lifecycle-page"[39m
    [36m>[39m
      [36m<header[39m
        [33mclass[39m=[32m"lifecycle-page__bar"[39m
      [36m>[39m
        [36m<a[39m
          [33maria-label[39m=[32m"Torna al perfil"[39m
          [33mhref[39m=[32m"/perfil"[39m
        [36m>[39m
          [0m‹[0m
        [36m</a>[39m
        [36m<h1>[39m
          [0mPeríode d'inactivitat[0m
        [36m</h1>[39m
      [36m</header>[39m
      [36m<form[39m
        [33mclass[39m=[32m"lifecycle-form"[39m
      [36m>[39m
        [36m<p[39m
          [33mclass[39m=[32m"lifecycle-intro"[39m
        [36m>[39m
          [0mTens dret a demanar una pausa (en mesos). Durant aquest temps no participaries de les activitats de l'escola i pagaràs una quota mínima de manteniment que conserva la teva entrada i la teva quota actual per quan tornis. Pot demanar-se fins al dia 25 del mes anterior al que es vol començar el període d'inactivitat.[0m
        [36m</p>[39m
        [36m<div[39m
          [33mclass[39m=[32m"ah-form-field"[39m
        [36m>[39m
          [36m<label[39m
            [33mclass[39m=[32m"ah-form-field__label"[39m
            [33mfor[39m=[32m"inactivity-from"[39m
          [36m>[39m
            [0mMes d'inici (obligatori)[0m
          [36m</label>[39m
          [36m<select[39m
            [33mclass[39m=[32m"ah-input ah-select"[39m
            [33mid[39m=[32m"inactivity-from"[39m
          [36m>[39m
            [36m<option[39m
              [33mvalue[39m=[32m"2026-10"[39m
            [36m>[39m
              [0mOctubre 2026[0m
            [36m</option>[39m
            [36m<option[39m
              [33mvalue[39m=[32m"2026-11"[39m
            [36m>[39m
              [0mNovembre 2026[0m
            [36m</option>[39m
            [36m<option[39m
              [33mvalue[39m=[32m"2026-12"[39m
            [36m>[39m
              [0mDesembre 2026[0m
            [36m</option>[39m
            [36m<option[39m
              [33mvalue[39m=[32m"2027-01"[39m
            [36m>[39m
              [0mGener 2027[0m
            [36m</option>[39m
            [36m<option[39m
              [33mvalue[39m=[32m"2027-02"[39m
            [36m>[39m
              [0mFebrer 2027[0m
            [36m</option>[39m
            [36m<option[39m
              [33mvalue[39m=[32m"2027-03"[39m
            [36m>[39m
              [0mMarç 2027[0m
            [36m</option>[39m
            [36m<option[39m
              [33mvalue[39m=[32m"2027-04"[39m
            [36m>[39m
              [0mAbril 2027[0m
            [36m</option>[39m
            [36m<option[39m
              [33mvalue[39m=[32m"2027-05"[39m
            [36m>[39m
              [0mMaig 2027[0m
            [36m</option>[39m
            [36m<option[39m
              [33mvalue[39m=[32m"2027-06"[39m
            [36m>[39m
              [0mJuny 2027[0m
            [36m</option>[39m
            [36m<option[39m
              [33mvalue[39m=[32m"2027-07"[39m
            [36m>[39m
              [0mJuliol 2027[0m
            [36m</option>[39m
            [36m<option[39m
              [33mvalue[39m=[32m"2027-08"[39m
            [36m>[39m
              [0mAgost 2027[0m
            [36m</option>[39m
            [36m<option[39m
              [33mvalue[39m=[32m"2027-09"[39m
            [36m>[39m
              [0mSetembre 2027[0m
            [36m</option>[39m
            [36m<option[39m
              [33mvalue[39m=[32m"2027-10"[39m
            [36m>[39m
              [0mOctubre 2027[0m
            [36m</option>[39m
          [36m</select>[39m
        [36m</div>[39m
        [36m<div[39m
          [33mclass[39m=[32m"ah-form-field"[39m
        [36m>[39m
          [36m<label[39m
            [33mclass[39m=[32m"ah-form-field__label"[39m
            [33mfor[39m=[32m"inactivity-to"[39m
          [36m>[39m
            [0mMes de finalització (si el saps)[0m
          [36m</label>[39m
          [36m<input[39m
            [33mclass[39m=[32m"ah-input"[39m
            [33mid[39m=[32m"inactivity-to"[39m
            [33mmin[39m=[32m"2026-10"[39m
            [33mtype[39m=[32m"month"[39m
            [33mvalue[39m=[32m""[39m
          [36m/>[39m
        [36m</div>[39m
        [36m<label[39m
          [33mclass[39m=[32m"lifecycle-open-end"[39m
          [33mfor[39m=[32m"inactivity-open-end"[39m
        [36m>[39m
          [36m<input[39m
            [33mchecked[39m=[32m""[39m
            [33mclass[39m=[32m"ah-checkbox"[39m
            [33mid[39m=[32m"inactivity-open-end"[39m
            [33mtype[39m=[32m"checkbox"[39m
          [36m/>[39m
          [36m<span>[39m
            [0m— encara no ho sé[0m
          [36m</span>[39m
        [36m</label>[39m
        [36m<div[39m
          [33mclass[39m=[32m"ah-form-field"[39m
        [36m>[39m
          [36m<label[39m
            [33mclass[39m=[32m"ah-form-field__label"[39m
            [33mfor[39m=[32m"inactivity-comments"[39m
          [36m>[39m
            [0mComentaris[0m
          [36m</label>[39m
          [36m<textarea[39m
            [33mclass[39m=[32m"ah-input ah-textarea"[39m
            [33mid[39m=[32m"inactivity-comments"[39m
            [33mmaxlength[39m=[32m"500"[39m
          [36m/>[39m
        [36m</div>[39m
        [36m<p[39m
          [33mclass[39m=[32m"lifecycle-note"[39m
        [36m>[39m
          [0mLa data de final es pot modificar durant el període d'inactivitat (també fins al dia 25).[0m
        [36m</p>[39m
        [36m<p[39m
          [33mclass[39m=[32m"lifecycle-warning"[39m
        [36m>[39m
          [0mAra tens 1 reserva dins del període: s'anul·larà si el club aprova la sol·licitud.[0m
        [36m</p>[39m
        [36m<button[39m
          [33mclass[39m=[32m"ah-button ah-button--primary"[39m
          [33mtype[39m=[32m"submit"[39m
        [36m>[39m
          [36m<span[39m
            [33mclass[39m=[32m"ah-button__content"[39m
          [36m>[39m
            [0mENVIA LA SOL·LICITUD[0m
          [36m</span>[39m
        [36m</button>[39m
      [36m</form>[39m
    [36m</div>[39m
    [36m<div[39m
      [33maria-live[39m=[32m"polite"[39m
      [33mclass[39m=[32m"ah-toast-viewport"[39m
    [36m/>[39m
  [36m</div>[39m
[36m</body>[39m
 ❯ waitForWrapper ../../node_modules/.pnpm/@testing-library+dom@10.4.1/node_modules/@testing-library/dom/dist/wait-for.js:163:27
 ❯ ../../node_modules/.pnpm/@testing-library+dom@10.4.1/node_modules/@testing-library/dom/dist/query-helpers.js:86:33
 ❯ src/inactivity/InactivityPage.test.tsx:111:25
    109|     await renderE8(<InactivityPage client={e8Client()} />, { scenario:…
    110|     fireEvent.click(await screen.findByRole("button", { name: "ENVIA L…
    111|     expect(await screen.findByRole("alert")).toHaveTextContent(
       |                         ^
    112|       "Ja ha passat el dia 25: el primer mes que pots demanar és Novem…
    113|     );

⎯⎯⎯⎯⎯⎯⎯⎯⎯⎯⎯⎯⎯⎯⎯⎯⎯⎯⎯⎯⎯⎯⎯⎯[2/8]⎯

 FAIL  src/inactivity/InactivityPage.test.tsx > T-13-29 member inactivity > offers future ends for a historical open ACTIVE period and beyond a long fixed end
AssertionError: expected undefined to deeply equal { toMonth: '2035-01', version: 7 }

Ignored nodes: comments, script, style
[36m<html[39m
  [33mdata-theme[39m=[32m"dark"[39m
  [33mstyle[39m=[32m"color-scheme: dark; --ah-color-primary: #E26A2A; --ah-color-primary-fg: #0B0B0B; --ah-color-background: #0B0B0B; --ah-color-surface: #161616; --ah-color-surface-2: #1E1E1E; --ah-color-text: #FFFFFF; --ah-color-text-muted: #B5B5B5; --ah-color-border: #2B2B2B; --ah-color-success: #4CAF7D; --ah-color-warning: #E5B93C; --ah-color-danger: #E05B5B; --ah-color-info: #85B8E8; --ah-font-sans: Montserrat, system-ui, sans-serif; --ah-font-display: Montserrat, system-ui, sans-serif; --ah-radius-sm: 4px; --ah-radius-md: 4px; --ah-color-ring-1: #F2B58C; --ah-color-ring-2: #8FCE8F; --ah-color-ring-3: #C9CDD3; --ah-color-ring-4: #F5D67A; --ah-color-ring-5: #85B8E8;"[39m
[36m>[39m
  [36m<head />[39m
  [36m<body>[39m
    [36m<div>[39m
      [36m<div[39m
        [33mclass[39m=[32m"lifecycle-page"[39m
      [36m>[39m
        [36m<header[39m
          [33mclass[39m=[32m"lifecycle-page__bar"[39m
        [36m>[39m
          [36m<a[39m
            [33maria-label[39m=[32m"Torna al perfil"[39m
            [33mhref[39m=[32m"/perfil"[39m
          [36m>[39m
            [0m‹[0m
          [36m</a>[39m
          [36m<h1>[39m
            [0mPeríode d'inactivitat[0m
          [36m</h1>[39m
        [36m</header>[39m
        [36m<form[39m
          [33mclass[39m=[32m"lifecycle-form"[39m
        [36m>[39m
          [36m<p[39m
            [33mclass[39m=[32m"lifecycle-intro"[39m
          [36m>[39m
            [0mTens dret a demanar una pausa (en mesos). Durant aquest temps no participaries de les activitats de l'escola i pagaràs una quota mínima de manteniment que conserva la teva entrada i la teva quota actual per quan tornis. Pot demanar-se fins al dia 25 del mes anterior al que es vol començar el període d'inactivitat.[0m
          [36m</p>[39m
          [36m<div[39m
            [33mclass[39m=[32m"ah-form-field"[39m
          [36m>[39m
            [36m<label[39m
              [33mclass[39m=[32m"ah-form-field__label"[39m
              [33mfor[39m=[32m"inactivity-from"[39m
            [36m>[39m
              [0mMes d'inici (obligatori)[0m
            [36m</label>[39m
            [36m<select[39m
              [33mclass[39m=[32m"ah-input ah-select"[39m
              [33mdisabled[39m=[32m""[39m
              [33mid[39m=[32m"inactivity-from"[39m
            [36m>[39m
              [36m<option[39m
                [33mvalue[39m=[32m"2025-08"[39m
              [36m>[39m
                [0mAgost 2025[0m
              [36m</option>[39m
              [36m<option[39m
                [33mvalue[39m=[32m"2026-10"[39m
              [36m>[39m
                [0mOctubre 2026[0m
              [36m</option>[39m
              [36m<option[39m
                [33mvalue[39m=[32m"2026-11"[39m
              [36m>[39m
                [0mNovembre 2026[0m
              [36m</option>[39m
              [36m<option[39m
                [33mvalue[39m=[32m"2026-12"[39m
              [36m>[39m
                [0mDesembre 2026[0m
              [36m</option>[39m
              [36m<option[39m
                [33mvalue[39m=[32m"2027-01"[39m
              [36m>[39m
                [0mGener 2027[0m
              [36m</option>[39m
              [36m<option[39m
                [33mvalue[39m=[32m"2027-02"[39m
              [36m>[39m
                [0mFebrer 2027[0m
              [36m</option>[39m
              [36m<option[39m
                [33mvalue[39m=[32m"2027-03"[39m
              [36m>[39m
                [0mMarç 2027[0m
              [36m</option>[39m
              [36m<option[39m
                [33mvalue[39m=[32m"2027-04"[39m
              [36m>[39m
                [0mAbril 2027[0m
              [36m</option>[39m
              [36m<option[39m
                [33mvalue[39m=[32m"2027-05"[39m
              [36m>[39m
                [0mMaig 2027[0m
              [36m</option>[39m
              [36m<option[39m
                [33mvalue[39m=[32m"2027-06"[39m
              [36m>[39m
                [0mJuny 2027[0m
              [36m</option>[39m
              [36m<option[39m
                [33mvalue[39m=[32m"2027-07"[39m
              [36m>[39m
                [0mJuliol 2027[0m
              [36m</option>[39m
              [36m<option[39m
                [33mvalue[39m=[32m"2027-08"[39m
              [36m>[39m
                [0mAgost 2027[0m
              [36m</option>[39m
              [36m<option[39m
                [33mvalue[39m=[32m"2027-09"[39m
              [36m>[39m
                [0mSetembre 2027[0m
              [36m</option>[39m
              [36m<option[39m
                [33mvalue[39m=[32m"2027-10"[39m
              [36m>[39m
                [0mOctubre 2027[0m
              [36m</option>[39m
            [36m</select>[39m
          [36m</div>[39m
          [36m<div[39m
            [33mclass[39m=[32m"ah-form-field"[39m
          [36m>[39m
            [36m<label[39m
              [33mclass[39m=[32m"ah-form-field__label"[39m
              [33mfor[39m=[32m"inactivity-to"[39m
            [36m>[39m
              [0mMes de finalització (si el saps)[0m
            [36m</label>[39m
            [36m<input[39m
              [33mclass[39m=[32m"ah-input"[39m
              [33mid[39m=[32m"inactivity-to"[39m
              [33mmin[39m=[32m"2025-08"[39m
              [33mtype[39m=[32m"month"[39m
              [33mvalue[39m=[32m"2035-01"[39m
            [36m/>[39m
          [36m</div>[39m
          [36m<label[39m
            [33mclass[39m=[32m"lifecycle-open-end"[39m
            [33mfor[39m=[32m"inactivity-open-end"[39m
          [36m>[39m
            [36m<input[39m
              [33mchecked[39m=[32m""[39m
              [33mclass[39m=[32m"ah-checkbox"[39m
              [33mid[39m=[32m"inactivity-open-end"[39m
              [33mtype[39m=[32m"checkbox"[39m
            [36m/>[39m
            [36m<span>[39m
              [0m— encara no ho sé[0m
            [36m</span>[39m
          [36m</label>[39m
          [36m<div[39m
            [33mclass[39m=[32m"ah-form-field"[39m
          [36m>[39m
            [36m<label[39m
              [33mclass[39m=[32m"ah-form-field__label"[39m
              [33mfor[39m=[32m"inactivity-comments"[39m
            [36m>[39m
              [0mComentaris[0m
            [36m</label>[39m
            [36m<textarea[39m
              [33mclass[39m=[32m"ah-input ah-textarea"[39m
              [33mdisabled[39m=[32m""[39m
              [33mid[39m=[32m"inactivity-comments"[39m
              [33mmaxlength[39m=[32m"500"[39m
            [36m/>[39m
          [36m</div>[39m
          [36m<p[39m
            [33mclass[39m=[32m"lifecycle-note"[39m
          [36m>[39m
            [0mLa data de final es pot modificar durant el període d'inactivitat (també fins al dia 25).[0m
          [36m</p>[39m
          [36m<p[39m
            [33mclass[39m=[32m"lifecycle-warning"[39m
          [36m>[39m
            [0mAra tens 1 reserva dins del període: s'anul·larà si el club aprova la sol·licitud.[0m
          [36m</p>[39m
          [36m<button[39m
            [33mclass[39m=[32m"ah-button ah-button--primary"[39m
            [33mtype[39m=[32m"submit"[39m
          [36m>[39m
            [36m<span[39m
              [33mclass[39m=[32m"ah-button__content"[39m
            [36m>[39m
              [0mMODIFICA[0m
            [36m</span>[39m
          [36m</button>[39m
        [36m</form>[39m
      [36m</div>[39m
      [36m<div[39m
        [33maria-live[39m=[32m"polite"[39m
        [33mclass[39m=[32m"ah-toast-viewport"[39m
      [36m/>[39m
    [36m</div>[39m
  [36m</body>[39m
[36m</html>[39m

- Expected:
{
  "toMonth": "2035-01",
  "version": 7,
}

+ Received:
undefined

 ❯ src/inactivity/InactivityPage.test.tsx:209:25
    207|     fireEvent.click(screen.getByRole("button", { name: "MODIFICA" }));
    208|     await waitFor(() => {
    209|       expect(patchBody).toEqual({ toMonth: "2035-01", version: 7 });
       |                         ^
    210|     });
    211|   });
 ❯ runWithExpensiveErrorDiagnosticsDisabled ../../node_modules/.pnpm/@testing-library+dom@10.4.1/node_modules/@testing-library/dom/dist/config.js:47:12
 ❯ checkCallback ../../node_modules/.pnpm/@testing-library+dom@10.4.1/node_modules/@testing-library/dom/dist/wait-for.js:124:77
 ❯ Timeout.checkRealTimersCallback ../../node_modules/.pnpm/@testing-library+dom@10.4.1/node_modules/@testing-library/dom/dist/wait-for.js:118:16

⎯⎯⎯⎯⎯⎯⎯⎯⎯⎯⎯⎯⎯⎯⎯⎯⎯⎯⎯⎯⎯⎯⎯⎯[3/8]⎯

 FAIL  src/inactivity/InactivityPage.test.tsx > T-13-29 member inactivity > loads and links to the conflicting live period after INACTIVITY_OVERLAP
TestingLibraryElementError: Unable to find role="link" and name `/Ja tens un període demanat/u`

Ignored nodes: comments, script, style
[36m<body>[39m
  [36m<div>[39m
    [36m<div[39m
      [33mclass[39m=[32m"lifecycle-page"[39m
    [36m>[39m
      [36m<header[39m
        [33mclass[39m=[32m"lifecycle-page__bar"[39m
      [36m>[39m
        [36m<a[39m
          [33maria-label[39m=[32m"Torna al perfil"[39m
          [33mhref[39m=[32m"/perfil"[39m
        [36m>[39m
          [0m‹[0m
        [36m</a>[39m
        [36m<h1>[39m
          [0mPeríode d'inactivitat[0m
        [36m</h1>[39m
      [36m</header>[39m
      [36m<form[39m
        [33mclass[39m=[32m"lifecycle-form"[39m
      [36m>[39m
        [36m<p[39m
          [33mclass[39m=[32m"lifecycle-intro"[39m
        [36m>[39m
          [0mTens dret a demanar una pausa (en mesos). Durant aquest temps no participaries de les activitats de l'escola i pagaràs una quota mínima de manteniment que conserva la teva entrada i la teva quota actual per quan tornis. Pot demanar-se fins al dia 25 del mes anterior al que es vol començar el període d'inactivitat.[0m
        [36m</p>[39m
        [36m<div[39m
          [33mclass[39m=[32m"ah-form-field"[39m
        [36m>[39m
          [36m<label[39m
            [33mclass[39m=[32m"ah-form-field__label"[39m
            [33mfor[39m=[32m"inactivity-from"[39m
          [36m>[39m
            [0mMes d'inici (obligatori)[0m
          [36m</label>[39m
          [36m<select[39m
            [33mclass[39m=[32m"ah-input ah-select"[39m
            [33mid[39m=[32m"inactivity-from"[39m
          [36m>[39m
            [36m<option[39m
              [33mvalue[39m=[32m"2026-10"[39m
            [36m>[39m
              [0mOctubre 2026[0m
            [36m</option>[39m
            [36m<option[39m
              [33mvalue[39m=[32m"2026-11"[39m
            [36m>[39m
              [0mNovembre 2026[0m
            [36m</option>[39m
            [36m<option[39m
              [33mvalue[39m=[32m"2026-12"[39m
            [36m>[39m
              [0mDesembre 2026[0m
            [36m</option>[39m
            [36m<option[39m
              [33mvalue[39m=[32m"2027-01"[39m
            [36m>[39m
              [0mGener 2027[0m
            [36m</option>[39m
            [36m<option[39m
              [33mvalue[39m=[32m"2027-02"[39m
            [36m>[39m
              [0mFebrer 2027[0m
            [36m</option>[39m
            [36m<option[39m
              [33mvalue[39m=[32m"2027-03"[39m
            [36m>[39m
              [0mMarç 2027[0m
            [36m</option>[39m
            [36m<option[39m
              [33mvalue[39m=[32m"2027-04"[39m
            [36m>[39m
              [0mAbril 2027[0m
            [36m</option>[39m
            [36m<option[39m
              [33mvalue[39m=[32m"2027-05"[39m
            [36m>[39m
              [0mMaig 2027[0m
            [36m</option>[39m
            [36m<option[39m
              [33mvalue[39m=[32m"2027-06"[39m
            [36m>[39m
              [0mJuny 2027[0m
            [36m</option>[39m
            [36m<option[39m
              [33mvalue[39m=[32m"2027-07"[39m
            [36m>[39m
              [0mJuliol 2027[0m
            [36m</option>[39m
            [36m<option[39m
              [33mvalue[39m=[32m"2027-08"[39m
            [36m>[39m
              [0mAgost 2027[0m
            [36m</option>[39m
            [36m<option[39m
              [33mvalue[39m=[32m"2027-09"[39m
            [36m>[39m
              [0mSetembre 2027[0m
            [36m</option>[39m
            [36m<option[39m
              [33mvalue[39m=[32m"2027-10"[39m
            [36m>[39m
              [0mOctubre 2027[0m
            [36m</option>[39m
          [36m</select>[39m
        [36m</div>[39m
        [36m<div[39m
          [33mclass[39m=[32m"ah-form-field"[39m
        [36m>[39m
          [36m<label[39m
            [33mclass[39m=[32m"ah-form-field__label"[39m
            [33mfor[39m=[32m"inactivity-to"[39m
          [36m>[39m
            [0mMes de finalització (si el saps)[0m
          [36m</label>[39m
          [36m<input[39m
            [33mclass[39m=[32m"ah-input"[39m
            [33mid[39m=[32m"inactivity-to"[39m
            [33mmin[39m=[32m"2026-10"[39m
            [33mtype[39m=[32m"month"[39m
            [33mvalue[39m=[32m""[39m
          [36m/>[39m
        [36m</div>[39m
        [36m<label[39m
          [33mclass[39m=[32m"lifecycle-open-end"[39m
          [33mfor[39m=[32m"inactivity-open-end"[39m
        [36m>[39m
          [36m<input[39m
            [33mchecked[39m=[32m""[39m
            [33mclass[39m=[32m"ah-checkbox"[39m
            [33mid[39m=[32m"inactivity-open-end"[39m
            [33mtype[39m=[32m"checkbox"[39m
          [36m/>[39m
          [36m<span>[39m
            [0m— encara no ho sé[0m
          [36m</span>[39m
        [36m</label>[39m
        [36m<div[39m
          [33mclass[39m=[32m"ah-form-field"[39m
        [36m>[39m
          [36m<label[39m
            [33mclass[39m=[32m"ah-form-field__label"[39m
            [33mfor[39m=[32m"inactivity-comments"[39m
          [36m>[39m
            [0mComentaris[0m
          [36m</label>[39m
          [36m<textarea[39m
            [33mclass[39m=[32m"ah-input ah-textarea"[39m
            [33mid[39m=[32m"inactivity-comments"[39m
            [33mmaxlength[39m=[32m"500"[39m
          [36m/>[39m
        [36m</div>[39m
        [36m<p[39m
          [33mclass[39m=[32m"lifecycle-note"[39m
        [36m>[39m
          [0mLa data de final es pot modificar durant el període d'inactivitat (també fins al dia 25).[0m
        [36m</p>[39m
        [36m<p[39m
          [33mclass[39m=[32m"lifecycle-warning"[39m
        [36m>[39m
          [0mAra tens 1 reserva dins del període: s'anul·larà si el club aprova la sol·licitud.[0m
        [36m</p>[39m
        [36m<button[39m
          [33mclass[39m=[32m"ah-button ah-button--primary"[39m
          [33mtype[39m=[32m"submit"[39m
        [36m>[39m
          [36m<span[39m
            [33mclass[39m=[32m"ah-button__content"[39m
          [36m>[39m
            [0mENVIA LA SOL·LICITUD[0m
          [36m</span>[39m
        [36m</button>[39m
      [36m</form>[39m
    [36m</div>[39m
    [36m<div[39m
      [33maria-live[39m=[32m"polite"[39m
      [33mclass[39m=[32m"ah-toast-viewport"[39m
    [36m/>[39m
  [36m</div>[39m
[36m</body>[39m

Ignored nodes: comments, script, style
[36m<body>[39m
  [36m<div>[39m
    [36m<div[39m
      [33mclass[39m=[32m"lifecycle-page"[39m
    [36m>[39m
      [36m<header[39m
        [33mclass[39m=[32m"lifecycle-page__bar"[39m
      [36m>[39m
        [36m<a[39m
          [33maria-label[39m=[32m"Torna al perfil"[39m
          [33mhref[39m=[32m"/perfil"[39m
        [36m>[39m
          [0m‹[0m
        [36m</a>[39m
        [36m<h1>[39m
          [0mPeríode d'inactivitat[0m
        [36m</h1>[39m
      [36m</header>[39m
      [36m<form[39m
        [33mclass[39m=[32m"lifecycle-form"[39m
      [36m>[39m
        [36m<p[39m
          [33mclass[39m=[32m"lifecycle-intro"[39m
        [36m>[39m
          [0mTens dret a demanar una pausa (en mesos). Durant aquest temps no participaries de les activitats de l'escola i pagaràs una quota mínima de manteniment que conserva la teva entrada i la teva quota actual per quan tornis. Pot demanar-se fins al dia 25 del mes anterior al que es vol començar el període d'inactivitat.[0m
        [36m</p>[39m
        [36m<div[39m
          [33mclass[39m=[32m"ah-form-field"[39m
        [36m>[39m
          [36m<label[39m
            [33mclass[39m=[32m"ah-form-field__label"[39m
            [33mfor[39m=[32m"inactivity-from"[39m
          [36m>[39m
            [0mMes d'inici (obligatori)[0m
          [36m</label>[39m
          [36m<select[39m
            [33mclass[39m=[32m"ah-input ah-select"[39m
            [33mid[39m=[32m"inactivity-from"[39m
          [36m>[39m
            [36m<option[39m
              [33mvalue[39m=[32m"2026-10"[39m
            [36m>[39m
              [0mOctubre 2026[0m
            [36m</option>[39m
            [36m<option[39m
              [33mvalue[39m=[32m"2026-11"[39m
            [36m>[39m
              [0mNovembre 2026[0m
            [36m</option>[39m
            [36m<option[39m
              [33mvalue[39m=[32m"2026-12"[39m
            [36m>[39m
              [0mDesembre 2026[0m
            [36m</option>[39m
            [36m<option[39m
              [33mvalue[39m=[32m"2027-01"[39m
            [36m>[39m
              [0mGener 2027[0m
            [36m</option>[39m
            [36m<option[39m
              [33mvalue[39m=[32m"2027-02"[39m
            [36m>[39m
              [0mFebrer 2027[0m
            [36m</option>[39m
            [36m<option[39m
              [33mvalue[39m=[32m"2027-03"[39m
            [36m>[39m
              [0mMarç 2027[0m
            [36m</option>[39m
            [36m<option[39m
              [33mvalue[39m=[32m"2027-04"[39m
            [36m>[39m
              [0mAbril 2027[0m
            [36m</option>[39m
            [36m<option[39m
              [33mvalue[39m=[32m"2027-05"[39m
            [36m>[39m
              [0mMaig 2027[0m
            [36m</option>[39m
            [36m<option[39m
              [33mvalue[39m=[32m"2027-06"[39m
            [36m>[39m
              [0mJuny 2027[0m
            [36m</option>[39m
            [36m<option[39m
              [33mvalue[39m=[32m"2027-07"[39m
            [36m>[39m
              [0mJuliol 2027[0m
            [36m</option>[39m
            [36m<option[39m
              [33mvalue[39m=[32m"2027-08"[39m
            [36m>[39m
              [0mAgost 2027[0m
            [36m</option>[39m
            [36m<option[39m
              [33mvalue[39m=[32m"2027-09"[39m
            [36m>[39m
              [0mSetembre 2027[0m
            [36m</option>[39m
            [36m<option[39m
              [33mvalue[39m=[32m"2027-10"[39m
            [36m>[39m
              [0mOctubre 2027[0m
            [36m</option>[39m
          [36m</select>[39m
        [36m</div>[39m
        [36m<div[39m
          [33mclass[39m=[32m"ah-form-field"[39m
        [36m>[39m
          [36m<label[39m
            [33mclass[39m=[32m"ah-form-field__label"[39m
            [33mfor[39m=[32m"inactivity-to"[39m
          [36m>[39m
            [0mMes de finalització (si el saps)[0m
          [36m</label>[39m
          [36m<input[39m
            [33mclass[39m=[32m"ah-input"[39m
            [33mid[39m=[32m"inactivity-to"[39m
            [33mmin[39m=[32m"2026-10"[39m
            [33mtype[39m=[32m"month"[39m
            [33mvalue[39m=[32m""[39m
          [36m/>[39m
        [36m</div>[39m
        [36m<label[39m
          [33mclass[39m=[32m"lifecycle-open-end"[39m
          [33mfor[39m=[32m"inactivity-open-end"[39m
        [36m>[39m
          [36m<input[39m
            [33mchecked[39m=[32m""[39m
            [33mclass[39m=[32m"ah-checkbox"[39m
            [33mid[39m=[32m"inactivity-open-end"[39m
            [33mtype[39m=[32m"checkbox"[39m
          [36m/>[39m
          [36m<span>[39m
            [0m— encara no ho sé[0m
          [36m</span>[39m
        [36m</label>[39m
        [36m<div[39m
          [33mclass[39m=[32m"ah-form-field"[39m
        [36m>[39m
          [36m<label[39m
            [33mclass[39m=[32m"ah-form-field__label"[39m
            [33mfor[39m=[32m"inactivity-comments"[39m
          [36m>[39m
            [0mComentaris[0m
          [36m</label>[39m
          [36m<textarea[39m
            [33mclass[39m=[32m"ah-input ah-textarea"[39m
            [33mid[39m=[32m"inactivity-comments"[39m
            [33mmaxlength[39m=[32m"500"[39m
          [36m/>[39m
        [36m</div>[39m
        [36m<p[39m
          [33mclass[39m=[32m"lifecycle-note"[39m
        [36m>[39m
          [0mLa data de final es pot modificar durant el període d'inactivitat (també fins al dia 25).[0m
        [36m</p>[39m
        [36m<p[39m
          [33mclass[39m=[32m"lifecycle-warning"[39m
        [36m>[39m
          [0mAra tens 1 reserva dins del període: s'anul·larà si el club aprova la sol·licitud.[0m
        [36m</p>[39m
        [36m<button[39m
          [33mclass[39m=[32m"ah-button ah-button--primary"[39m
          [33mtype[39m=[32m"submit"[39m
        [36m>[39m
          [36m<span[39m
            [33mclass[39m=[32m"ah-button__content"[39m
          [36m>[39m
            [0mENVIA LA SOL·LICITUD[0m
          [36m</span>[39m
        [36m</button>[39m
      [36m</form>[39m
    [36m</div>[39m
    [36m<div[39m
      [33maria-live[39m=[32m"polite"[39m
      [33mclass[39m=[32m"ah-toast-viewport"[39m
    [36m/>[39m
  [36m</div>[39m
[36m</body>[39m
 ❯ waitForWrapper ../../node_modules/.pnpm/@testing-library+dom@10.4.1/node_modules/@testing-library/dom/dist/wait-for.js:163:27
 ❯ ../../node_modules/.pnpm/@testing-library+dom@10.4.1/node_modules/@testing-library/dom/dist/query-helpers.js:86:33
 ❯ src/inactivity/InactivityPage.test.tsx:265:34
    263|     await renderE8(<InactivityPage client={e8Client()} navigate={() =>…
    264|     fireEvent.click(await screen.findByRole("button", { name: "ENVIA L…
    265|     const overlap = await screen.findByRole("link", { name: /Ja tens u…
       |                                  ^
    266|     expect(overlap).toHaveAttribute(
    267|       "href",

⎯⎯⎯⎯⎯⎯⎯⎯⎯⎯⎯⎯⎯⎯⎯⎯⎯⎯⎯⎯⎯⎯⎯⎯[4/8]⎯

 FAIL  src/inactivity/InactivityPage.test.tsx > T-13-29 member inactivity > clears an end month overtaken by a changed start and submits an open end
AssertionError: expected undefined to match object { fromMonth: '2026-12', toMonth: null }

Ignored nodes: comments, script, style
[36m<html[39m
  [33mdata-theme[39m=[32m"dark"[39m
  [33mstyle[39m=[32m"color-scheme: dark; --ah-color-primary: #E26A2A; --ah-color-primary-fg: #0B0B0B; --ah-color-background: #0B0B0B; --ah-color-surface: #161616; --ah-color-surface-2: #1E1E1E; --ah-color-text: #FFFFFF; --ah-color-text-muted: #B5B5B5; --ah-color-border: #2B2B2B; --ah-color-success: #4CAF7D; --ah-color-warning: #E5B93C; --ah-color-danger: #E05B5B; --ah-color-info: #85B8E8; --ah-font-sans: Montserrat, system-ui, sans-serif; --ah-font-display: Montserrat, system-ui, sans-serif; --ah-radius-sm: 4px; --ah-radius-md: 4px; --ah-color-ring-1: #F2B58C; --ah-color-ring-2: #8FCE8F; --ah-color-ring-3: #C9CDD3; --ah-color-ring-4: #F5D67A; --ah-color-ring-5: #85B8E8;"[39m
[36m>[39m
  [36m<head />[39m
  [36m<body>[39m
    [36m<div>[39m
      [36m<div[39m
        [33mclass[39m=[32m"lifecycle-page"[39m
      [36m>[39m
        [36m<header[39m
          [33mclass[39m=[32m"lifecycle-page__bar"[39m
        [36m>[39m
          [36m<a[39m
            [33maria-label[39m=[32m"Torna al perfil"[39m
            [33mhref[39m=[32m"/perfil"[39m
          [36m>[39m
            [0m‹[0m
          [36m</a>[39m
          [36m<h1>[39m
            [0mPeríode d'inactivitat[0m
          [36m</h1>[39m
        [36m</header>[39m
        [36m<form[39m
          [33mclass[39m=[32m"lifecycle-form"[39m
        [36m>[39m
          [36m<p[39m
            [33mclass[39m=[32m"lifecycle-intro"[39m
          [36m>[39m
            [0mTens dret a demanar una pausa (en mesos). Durant aquest temps no participaries de les activitats de l'escola i pagaràs una quota mínima de manteniment que conserva la teva entrada i la teva quota actual per quan tornis. Pot demanar-se fins al dia 25 del mes anterior al que es vol començar el període d'inactivitat.[0m
          [36m</p>[39m
          [36m<div[39m
            [33mclass[39m=[32m"ah-form-field"[39m
          [36m>[39m
            [36m<label[39m
              [33mclass[39m=[32m"ah-form-field__label"[39m
              [33mfor[39m=[32m"inactivity-from"[39m
            [36m>[39m
              [0mMes d'inici (obligatori)[0m
            [36m</label>[39m
            [36m<select[39m
              [33mclass[39m=[32m"ah-input ah-select"[39m
              [33mid[39m=[32m"inactivity-from"[39m
            [36m>[39m
              [36m<option[39m
                [33mvalue[39m=[32m"2026-10"[39m
              [36m>[39m
                [0mOctubre 2026[0m
              [36m</option>[39m
              [36m<option[39m
                [33mvalue[39m=[32m"2026-11"[39m
              [36m>[39m
                [0mNovembre 2026[0m
              [36m</option>[39m
              [36m<option[39m
                [33mvalue[39m=[32m"2026-12"[39m
              [36m>[39m
                [0mDesembre 2026[0m
              [36m</option>[39m
              [36m<option[39m
                [33mvalue[39m=[32m"2027-01"[39m
              [36m>[39m
                [0mGener 2027[0m
              [36m</option>[39m
              [36m<option[39m
                [33mvalue[39m=[32m"2027-02"[39m
              [36m>[39m
                [0mFebrer 2027[0m
              [36m</option>[39m
              [36m<option[39m
                [33mvalue[39m=[32m"2027-03"[39m
              [36m>[39m
                [0mMarç 2027[0m
              [36m</option>[39m
              [36m<option[39m
                [33mvalue[39m=[32m"2027-04"[39m
              [36m>[39m
                [0mAbril 2027[0m
              [36m</option>[39m
              [36m<option[39m
                [33mvalue[39m=[32m"2027-05"[39m
              [36m>[39m
                [0mMaig 2027[0m
              [36m</option>[39m
              [36m<option[39m
                [33mvalue[39m=[32m"2027-06"[39m
              [36m>[39m
                [0mJuny 2027[0m
              [36m</option>[39m
              [36m<option[39m
                [33mvalue[39m=[32m"2027-07"[39m
              [36m>[39m
                [0mJuliol 2027[0m
              [36m</option>[39m
              [36m<option[39m
                [33mvalue[39m=[32m"2027-08"[39m
              [36m>[39m
                [0mAgost 2027[0m
              [36m</option>[39m
              [36m<option[39m
                [33mvalue[39m=[32m"2027-09"[39m
              [36m>[39m
                [0mSetembre 2027[0m
              [36m</option>[39m
              [36m<option[39m
                [33mvalue[39m=[32m"2027-10"[39m
              [36m>[39m
                [0mOctubre 2027[0m
              [36m</option>[39m
            [36m</select>[39m
          [36m</div>[39m
          [36m<div[39m
            [33mclass[39m=[32m"ah-form-field"[39m
          [36m>[39m
            [36m<label[39m
              [33mclass[39m=[32m"ah-form-field__label"[39m
              [33mfor[39m=[32m"inactivity-to"[39m
            [36m>[39m
              [0mMes de finalització (si el saps)[0m
            [36m</label>[39m
            [36m<input[39m
              [33mclass[39m=[32m"ah-input"[39m
              [33mid[39m=[32m"inactivity-to"[39m
              [33mmin[39m=[32m"2026-12"[39m
              [33mtype[39m=[32m"month"[39m
              [33mvalue[39m=[32m""[39m
            [36m/>[39m
          [36m</div>[39m
          [36m<label[39m
            [33mclass[39m=[32m"lifecycle-open-end"[39m
            [33mfor[39m=[32m"inactivity-open-end"[39m
          [36m>[39m
            [36m<input[39m
              [33mchecked[39m=[32m""[39m
              [33mclass[39m=[32m"ah-checkbox"[39m
              [33mid[39m=[32m"inactivity-open-end"[39m
              [33mtype[39m=[32m"checkbox"[39m
            [36m/>[39m
            [36m<span>[39m
              [0m— encara no ho sé[0m
            [36m</span>[39m
          [36m</label>[39m
          [36m<div[39m
            [33mclass[39m=[32m"ah-form-field"[39m
          [36m>[39m
            [36m<label[39m
              [33mclass[39m=[32m"ah-form-field__label"[39m
              [33mfor[39m=[32m"inactivity-comments"[39m
            [36m>[39m
              [0mComentaris[0m
            [36m</label>[39m
            [36m<textarea[39m
              [33mclass[39m=[32m"ah-input ah-textarea"[39m
              [33mid[39m=[32m"inactivity-comments"[39m
              [33mmaxlength[39m=[32m"500"[39m
            [36m/>[39m
          [36m</div>[39m
          [36m<p[39m
            [33mclass[39m=[32m"lifecycle-note"[39m
          [36m>[39m
            [0mLa data de final es pot modificar durant el període d'inactivitat (també fins al dia 25).[0m
          [36m</p>[39m
          [36m<p[39m
            [33mclass[39m=[32m"lifecycle-warning"[39m
          [36m>[39m
            [0mAra tens 1 reserva dins del període: s'anul·larà si el club aprova la sol·licitud.[0m
          [36m</p>[39m
          [36m<button[39m
            [33mclass[39m=[32m"ah-button ah-button--primary"[39m
            [33mtype[39m=[32m"submit"[39m
          [36m>[39m
            [36m<span[39m
              [33mclass[39m=[32m"ah-button__content"[39m
            [36m>[39m
              [0mENVIA LA SOL·LICITUD[0m
            [36m</span>[39m
          [36m</button>[39m
        [36m</form>[39m
      [36m</div>[39m
      [36m<div[39m
        [33maria-live[39m=[32m"polite"[39m
        [33mclass[39m=[32m"ah-toast-viewport"[39m
      [36m/>[39m
    [36m</div>[39m
  [36m</body>[39m
[36m</html>[39m

- Expected:
{
  "fromMonth": "2026-12",
  "toMonth": null,
}

+ Received:
undefined

 ❯ src/inactivity/InactivityPage.test.tsx:315:22
    313|     fireEvent.click(screen.getByRole("button", { name: "ENVIA LA SOL·L…
    314|     await waitFor(() => {
    315|       expect(posted).toMatchObject({ fromMonth: "2026-12", toMonth: nu…
       |                      ^
    316|     });
    317|   });
 ❯ runWithExpensiveErrorDiagnosticsDisabled ../../node_modules/.pnpm/@testing-library+dom@10.4.1/node_modules/@testing-library/dom/dist/config.js:47:12
 ❯ checkCallback ../../node_modules/.pnpm/@testing-library+dom@10.4.1/node_modules/@testing-library/dom/dist/wait-for.js:124:77
 ❯ Timeout.checkRealTimersCallback ../../node_modules/.pnpm/@testing-library+dom@10.4.1/node_modules/@testing-library/dom/dist/wait-for.js:118:16

⎯⎯⎯⎯⎯⎯⎯⎯⎯⎯⎯⎯⎯⎯⎯⎯⎯⎯⎯⎯⎯⎯⎯⎯[5/8]⎯

 FAIL  src/inactivity/InactivityPage.test.tsx > T-13-29 member inactivity > renders a historical ACTIVE period and patches only its changed editable end
AssertionError: expected undefined to deeply equal { toMonth: '2027-11', version: 7 }

Ignored nodes: comments, script, style
[36m<html[39m
  [33mdata-theme[39m=[32m"dark"[39m
  [33mstyle[39m=[32m"color-scheme: dark; --ah-color-primary: #E26A2A; --ah-color-primary-fg: #0B0B0B; --ah-color-background: #0B0B0B; --ah-color-surface: #161616; --ah-color-surface-2: #1E1E1E; --ah-color-text: #FFFFFF; --ah-color-text-muted: #B5B5B5; --ah-color-border: #2B2B2B; --ah-color-success: #4CAF7D; --ah-color-warning: #E5B93C; --ah-color-danger: #E05B5B; --ah-color-info: #85B8E8; --ah-font-sans: Montserrat, system-ui, sans-serif; --ah-font-display: Montserrat, system-ui, sans-serif; --ah-radius-sm: 4px; --ah-radius-md: 4px; --ah-color-ring-1: #F2B58C; --ah-color-ring-2: #8FCE8F; --ah-color-ring-3: #C9CDD3; --ah-color-ring-4: #F5D67A; --ah-color-ring-5: #85B8E8;"[39m
[36m>[39m
  [36m<head />[39m
  [36m<body>[39m
    [36m<div>[39m
      [36m<div[39m
        [33mclass[39m=[32m"lifecycle-page"[39m
      [36m>[39m
        [36m<header[39m
          [33mclass[39m=[32m"lifecycle-page__bar"[39m
        [36m>[39m
          [36m<a[39m
            [33maria-label[39m=[32m"Torna al perfil"[39m
            [33mhref[39m=[32m"/perfil"[39m
          [36m>[39m
            [0m‹[0m
          [36m</a>[39m
          [36m<h1>[39m
            [0mPeríode d'inactivitat[0m
          [36m</h1>[39m
        [36m</header>[39m
        [36m<form[39m
          [33mclass[39m=[32m"lifecycle-form"[39m
        [36m>[39m
          [36m<p[39m
            [33mclass[39m=[32m"lifecycle-intro"[39m
          [36m>[39m
            [0mTens dret a demanar una pausa (en mesos). Durant aquest temps no participaries de les activitats de l'escola i pagaràs una quota mínima de manteniment que conserva la teva entrada i la teva quota actual per quan tornis. Pot demanar-se fins al dia 25 del mes anterior al que es vol començar el període d'inactivitat.[0m
          [36m</p>[39m
          [36m<div[39m
            [33mclass[39m=[32m"ah-form-field"[39m
          [36m>[39m
            [36m<label[39m
              [33mclass[39m=[32m"ah-form-field__label"[39m
              [33mfor[39m=[32m"inactivity-from"[39m
            [36m>[39m
              [0mMes d'inici (obligatori)[0m
            [36m</label>[39m
            [36m<select[39m
              [33mclass[39m=[32m"ah-input ah-select"[39m
              [33mdisabled[39m=[32m""[39m
              [33mid[39m=[32m"inactivity-from"[39m
            [36m>[39m
              [36m<option[39m
                [33mvalue[39m=[32m"2025-08"[39m
              [36m>[39m
                [0mAgost 2025[0m
              [36m</option>[39m
              [36m<option[39m
                [33mvalue[39m=[32m"2026-10"[39m
              [36m>[39m
                [0mOctubre 2026[0m
              [36m</option>[39m
              [36m<option[39m
                [33mvalue[39m=[32m"2026-11"[39m
              [36m>[39m
                [0mNovembre 2026[0m
              [36m</option>[39m
              [36m<option[39m
                [33mvalue[39m=[32m"2026-12"[39m
              [36m>[39m
                [0mDesembre 2026[0m
              [36m</option>[39m
              [36m<option[39m
                [33mvalue[39m=[32m"2027-01"[39m
              [36m>[39m
                [0mGener 2027[0m
              [36m</option>[39m
              [36m<option[39m
                [33mvalue[39m=[32m"2027-02"[39m
              [36m>[39m
                [0mFebrer 2027[0m
              [36m</option>[39m
              [36m<option[39m
                [33mvalue[39m=[32m"2027-03"[39m
              [36m>[39m
                [0mMarç 2027[0m
              [36m</option>[39m
              [36m<option[39m
                [33mvalue[39m=[32m"2027-04"[39m
              [36m>[39m
                [0mAbril 2027[0m
              [36m</option>[39m
              [36m<option[39m
                [33mvalue[39m=[32m"2027-05"[39m
              [36m>[39m
                [0mMaig 2027[0m
              [36m</option>[39m
              [36m<option[39m
                [33mvalue[39m=[32m"2027-06"[39m
              [36m>[39m
                [0mJuny 2027[0m
              [36m</option>[39m
              [36m<option[39m
                [33mvalue[39m=[32m"2027-07"[39m
              [36m>[39m
                [0mJuliol 2027[0m
              [36m</option>[39m
              [36m<option[39m
                [33mvalue[39m=[32m"2027-08"[39m
              [36m>[39m
                [0mAgost 2027[0m
              [36m</option>[39m
              [36m<option[39m
                [33mvalue[39m=[32m"2027-09"[39m
              [36m>[39m
                [0mSetembre 2027[0m
              [36m</option>[39m
              [36m<option[39m
                [33mvalue[39m=[32m"2027-10"[39m
              [36m>[39m
                [0mOctubre 2027[0m
              [36m</option>[39m
            [36m</select>[39m
          [36m</div>[39m
          [36m<div[39m
            [33mclass[39m=[32m"ah-form-field"[39m
          [36m>[39m
            [36m<label[39m
              [33mclass[39m=[32m"ah-form-field__label"[39m
              [33mfor[39m=[32m"inactivity-to"[39m
            [36m>[39m
              [0mMes de finalització (si el saps)[0m
            [36m</label>[39m
            [36m<input[39m
              [33mclass[39m=[32m"ah-input"[39m
              [33mid[39m=[32m"inactivity-to"[39m
              [33mmin[39m=[32m"2025-08"[39m
              [33mtype[39m=[32m"month"[39m
              [33mvalue[39m=[32m"2027-11"[39m
            [36m/>[39m
          [36m</div>[39m
          [36m<label[39m
            [33mclass[39m=[32m"lifecycle-open-end"[39m
            [33mfor[39m=[32m"inactivity-open-end"[39m
          [36m>[39m
            [36m<input[39m
              [33mclass[39m=[32m"ah-checkbox"[39m
              [33mid[39m=[32m"inactivity-open-end"[39m
              [33mtype[39m=[32m"checkbox"[39m
            [36m/>[39m
            [36m<span>[39m
              [0m— encara no ho sé[0m
            [36m</span>[39m
          [36m</label>[39m
          [36m<div[39m
            [33mclass[39m=[32m"ah-form-field"[39m
          [36m>[39m
            [36m<label[39m
              [33mclass[39m=[32m"ah-form-field__label"[39m
              [33mfor[39m=[32m"inactivity-comments"[39m
            [36m>[39m
              [0mComentaris[0m
            [36m</label>[39m
            [36m<textarea[39m
              [33mclass[39m=[32m"ah-input ah-textarea"[39m
              [33mdisabled[39m=[32m""[39m
              [33mid[39m=[32m"inactivity-comments"[39m
              [33mmaxlength[39m=[32m"500"[39m
            [36m>[39m
              [0mPeríode històric[0m
            [36m</textarea>[39m
          [36m</div>[39m
          [36m<p[39m
            [33mclass[39m=[32m"lifecycle-note"[39m
          [36m>[39m
            [0mLa data de final es pot modificar durant el període d'inactivitat (també fins al dia 25).[0m
          [36m</p>[39m
          [36m<p[39m
            [33mclass[39m=[32m"lifecycle-warning"[39m
          [36m>[39m
            [0mAra tens 1 reserva dins del període: s'anul·larà si el club aprova la sol·licitud.[0m
          [36m</p>[39m
          [36m<button[39m
            [33mclass[39m=[32m"ah-button ah-button--primary"[39m
            [33mtype[39m=[32m"submit"[39m
          [36m>[39m
            [36m<span[39m
              [33mclass[39m=[32m"ah-button__content"[39m
            [36m>[39m
              [0mMODIFICA[0m
            [36m</span>[39m
          [36m</button>[39m
        [36m</form>[39m
      [36m</div>[39m
      [36m<div[39m
        [33maria-live[39m=[32m"polite"[39m
        [33mclass[39m=[32m"ah-toast-viewport"[39m
      [36m/>[39m
    [36m</div>[39m
  [36m</body>[39m
[36m</html>[39m

- Expected:
{
  "toMonth": "2027-11",
  "version": 7,
}

+ Received:
undefined

 ❯ src/inactivity/InactivityPage.test.tsx:401:25
    399|     fireEvent.click(screen.getByRole("button", { name: "MODIFICA" }));
    400|     await waitFor(() => {
    401|       expect(patchBody).toEqual({ toMonth: "2027-11", version: 7 });
       |                         ^
    402|     });
    403|   });
 ❯ runWithExpensiveErrorDiagnosticsDisabled ../../node_modules/.pnpm/@testing-library+dom@10.4.1/node_modules/@testing-library/dom/dist/config.js:47:12
 ❯ checkCallback ../../node_modules/.pnpm/@testing-library+dom@10.4.1/node_modules/@testing-library/dom/dist/wait-for.js:124:77
 ❯ Timeout.checkRealTimersCallback ../../node_modules/.pnpm/@testing-library+dom@10.4.1/node_modules/@testing-library/dom/dist/wait-for.js:118:16

⎯⎯⎯⎯⎯⎯⎯⎯⎯⎯⎯⎯⎯⎯⎯⎯⎯⎯⎯⎯⎯⎯⎯⎯[6/8]⎯

 FAIL  src/inactivity/InactivityPage.test.tsx > T-13-29 member inactivity > after 409 STALE_VERSION keeps only the member's own edit on top of the new version
TestingLibraryElementError: Unable to find an element with the text: El període ha canviat.. This could be because the text is broken up by multiple elements. In this case, you can provide a function for your text matcher to make your matcher more flexible.

Ignored nodes: comments, script, style
[36m<body>[39m
  [36m<div>[39m
    [36m<div[39m
      [33mclass[39m=[32m"lifecycle-page"[39m
    [36m>[39m
      [36m<header[39m
        [33mclass[39m=[32m"lifecycle-page__bar"[39m
      [36m>[39m
        [36m<a[39m
          [33maria-label[39m=[32m"Torna al perfil"[39m
          [33mhref[39m=[32m"/perfil"[39m
        [36m>[39m
          [0m‹[0m
        [36m</a>[39m
        [36m<h1>[39m
          [0mPeríode d'inactivitat[0m
        [36m</h1>[39m
      [36m</header>[39m
      [36m<form[39m
        [33mclass[39m=[32m"lifecycle-form"[39m
      [36m>[39m
        [36m<p[39m
          [33mclass[39m=[32m"lifecycle-intro"[39m
        [36m>[39m
          [0mTens dret a demanar una pausa (en mesos). Durant aquest temps no participaries de les activitats de l'escola i pagaràs una quota mínima de manteniment que conserva la teva entrada i la teva quota actual per quan tornis. Pot demanar-se fins al dia 25 del mes anterior al que es vol començar el període d'inactivitat.[0m
        [36m</p>[39m
        [36m<div[39m
          [33mclass[39m=[32m"ah-form-field"[39m
        [36m>[39m
          [36m<label[39m
            [33mclass[39m=[32m"ah-form-field__label"[39m
            [33mfor[39m=[32m"inactivity-from"[39m
          [36m>[39m
            [0mMes d'inici (obligatori)[0m
          [36m</label>[39m
          [36m<select[39m
            [33mclass[39m=[32m"ah-input ah-select"[39m
            [33mid[39m=[32m"inactivity-from"[39m
          [36m>[39m
            [36m<option[39m
              [33mvalue[39m=[32m"2026-10"[39m
            [36m>[39m
              [0mOctubre 2026[0m
            [36m</option>[39m
            [36m<option[39m
              [33mvalue[39m=[32m"2026-11"[39m
            [36m>[39m
              [0mNovembre 2026[0m
            [36m</option>[39m
            [36m<option[39m
              [33mvalue[39m=[32m"2026-12"[39m
            [36m>[39m
              [0mDesembre 2026[0m
            [36m</option>[39m
            [36m<option[39m
              [33mvalue[39m=[32m"2027-01"[39m
            [36m>[39m
              [0mGener 2027[0m
            [36m</option>[39m
            [36m<option[39m
              [33mvalue[39m=[32m"2027-02"[39m
            [36m>[39m
              [0mFebrer 2027[0m
            [36m</option>[39m
            [36m<option[39m
              [33mvalue[39m=[32m"2027-03"[39m
            [36m>[39m
              [0mMarç 2027[0m
            [36m</option>[39m
            [36m<option[39m
              [33mvalue[39m=[32m"2027-04"[39m
            [36m>[39m
              [0mAbril 2027[0m
            [36m</option>[39m
            [36m<option[39m
              [33mvalue[39m=[32m"2027-05"[39m
            [36m>[39m
              [0mMaig 2027[0m
            [36m</option>[39m
            [36m<option[39m
              [33mvalue[39m=[32m"2027-06"[39m
            [36m>[39m
              [0mJuny 2027[0m
            [36m</option>[39m
            [36m<option[39m
              [33mvalue[39m=[32m"2027-07"[39m
            [36m>[39m
              [0mJuliol 2027[0m
            [36m</option>[39m
            [36m<option[39m
              [33mvalue[39m=[32m"2027-08"[39m
            [36m>[39m
              [0mAgost 2027[0m
            [36m</option>[39m
            [36m<option[39m
              [33mvalue[39m=[32m"2027-09"[39m
            [36m>[39m
              [0mSetembre 2027[0m
            [36m</option>[39m
            [36m<option[39m
              [33mvalue[39m=[32m"2027-10"[39m
            [36m>[39m
              [0mOctubre 2027[0m
            [36m</option>[39m
          [36m</select>[39m
        [36m</div>[39m
        [36m<div[39m
          [33mclass[39m=[32m"ah-form-field"[39m
        [36m>[39m
          [36m<label[39m
            [33mclass[39m=[32m"ah-form-field__label"[39m
            [33mfor[39m=[32m"inactivity-to"[39m
          [36m>[39m
            [0mMes de finalització (si el saps)[0m
          [36m</label>[39m
          [36m<input[39m
            [33mclass[39m=[32m"ah-input"[39m
            [33mid[39m=[32m"inactivity-to"[39m
            [33mmin[39m=[32m"2026-10"[39m
            [33mtype[39m=[32m"month"[39m
            [33mvalue[39m=[32m"2027-01"[39m
          [36m/>[39m
        [36m</div>[39m
        [36m<label[39m
          [33mclass[39m=[32m"lifecycle-open-end"[39m
          [33mfor[39m=[32m"inactivity-open-end"[39m
        [36m>[39m
          [36m<input[39m
            [33mchecked[39m=[32m""[39m
            [33mclass[39m=[32m"ah-checkbox"[39m
            [33mid[39m=[32m"inactivity-open-end"[39m
            [33mtype[39m=[32m"checkbox"[39m
          [36m/>[39m
          [36m<span>[39m
            [0m— encara no ho sé[0m
          [36m</span>[39m
        [36m</label>[39m
        [36m<div[39m
          [33mclass[39m=[32m"ah-form-field"[39m
        [36m>[39m
          [36m<label[39m
            [33mclass[39m=[32m"ah-form-field__label"[39m
            [33mfor[39m=[32m"inactivity-comments"[39m
          [36m>[39m
            [0mComentaris[0m
          [36m</label>[39m
          [36m<textarea[39m
            [33mclass[39m=[32m"ah-input ah-textarea"[39m
            [33mid[39m=[32m"inactivity-comments"[39m
            [33mmaxlength[39m=[32m"500"[39m
          [36m>[39m
            [0mDescans de la Duna[0m
          [36m</textarea>[39m
        [36m</div>[39m
        [36m<div[39m
          [33mclass[39m=[32m"ah-card lifecycle-fee"[39m
        [36m>[39m
          [36m<div>[39m
            [36m<span>[39m
              [0mQuota del 1r mes[0m
            [36m</span>[39m
            [36m<strong>[39m
              [0m20,00 €[0m
            [36m</strong>[39m
          [36m</div>[39m
          [36m<div>[39m
            [36m<span>[39m
              [0mMesos següents[0m
            [36m</span>[39m
            [36m<strong>[39m
              [0m10,00 €/mes[0m
            [36m</strong>[39m
          [36m</div>[39m
        [36m</div>[39m
        [36m<p[39m
          [33mclass[39m=[32m"lifecycle-note"[39m
        [36m>[39m
          [0mLa data de final es pot modificar durant el període d'inactivitat (també fins al dia 25).[0m
        [36m</p>[39m
        [36m<p[39m
          [33mclass[39m=[32m"lifecycle-warning"[39m
        [36m>[39m
          [0mAra tens 1 reserva dins del període: s'anul·larà si el club aprova la sol·licitud.[0m
        [36m</p>[39m
        [36m<button[39m
          [33mclass[39m=[32m"ah-button ah-button--primary"[39m
          [33mtype[39m=[32m"submit"[39m
        [36m>[39m
          [36m<span[39m
            [33mclass[39m=[32m"ah-button__content"[39m
          [36m>[39m
            [0mMODIFICA[0m
          [36m</span>[39m
        [36m</button>[39m
        [36m<button[39m
          [33mclass[39m=[32m"ah-button ah-button--danger"[39m
          [33mtype[39m=[32m"button"[39m
        [36m>[39m
          [36m<span[39m
            [33mclass[39m=[32m"ah-button__content"[39m
          [36m>[39m
            [0mRETIRA LA SOL·LICITUD[0m
          [36m</span>[39m
        [36m</button>[39m
      [36m</form>[39m
    [36m</div>[39m
    [36m<div[39m
      [33maria-live[39m=[32m"polite"[39m
      [33mclass[39m=[32m"ah-toast-viewport"[39m
    [36m/>[39m
  [36m</div>[39m
[36m</body>[39m

Ignored nodes: comments, script, style
[36m<body>[39m
  [36m<div>[39m
    [36m<div[39m
      [33mclass[39m=[32m"lifecycle-page"[39m
    [36m>[39m
      [36m<header[39m
        [33mclass[39m=[32m"lifecycle-page__bar"[39m
      [36m>[39m
        [36m<a[39m
          [33maria-label[39m=[32m"Torna al perfil"[39m
          [33mhref[39m=[32m"/perfil"[39m
        [36m>[39m
          [0m‹[0m
        [36m</a>[39m
        [36m<h1>[39m
          [0mPeríode d'inactivitat[0m
        [36m</h1>[39m
      [36m</header>[39m
      [36m<form[39m
        [33mclass[39m=[32m"lifecycle-form"[39m
      [36m>[39m
        [36m<p[39m
          [33mclass[39m=[32m"lifecycle-intro"[39m
        [36m>[39m
          [0mTens dret a demanar una pausa (en mesos). Durant aquest temps no participaries de les activitats de l'escola i pagaràs una quota mínima de manteniment que conserva la teva entrada i la teva quota actual per quan tornis. Pot demanar-se fins al dia 25 del mes anterior al que es vol començar el període d'inactivitat.[0m
        [36m</p>[39m
        [36m<div[39m
          [33mclass[39m=[32m"ah-form-field"[39m
        [36m>[39m
          [36m<label[39m
            [33mclass[39m=[32m"ah-form-field__label"[39m
            [33mfor[39m=[32m"inactivity-from"[39m
          [36m>[39m
            [0mMes d'inici (obligatori)[0m
          [36m</label>[39m
          [36m<select[39m
            [33mclass[39m=[32m"ah-input ah-select"[39m
            [33mid[39m=[32m"inactivity-from"[39m
          [36m>[39m
            [36m<option[39m
              [33mvalue[39m=[32m"2026-10"[39m
            [36m>[39m
              [0mOctubre 2026[0m
            [36m</option>[39m
            [36m<option[39m
              [33mvalue[39m=[32m"2026-11"[39m
            [36m>[39m
              [0mNovembre 2026[0m
            [36m</option>[39m
            [36m<option[39m
              [33mvalue[39m=[32m"2026-12"[39m
            [36m>[39m
              [0mDesembre 2026[0m
            [36m</option>[39m
            [36m<option[39m
              [33mvalue[39m=[32m"2027-01"[39m
            [36m>[39m
              [0mGener 2027[0m
            [36m</option>[39m
            [36m<option[39m
              [33mvalue[39m=[32m"2027-02"[39m
            [36m>[39m
              [0mFebrer 2027[0m
            [36m</option>[39m
            [36m<option[39m
              [33mvalue[39m=[32m"2027-03"[39m
            [36m>[39m
              [0mMarç 2027[0m
            [36m</option>[39m
            [36m<option[39m
              [33mvalue[39m=[32m"2027-04"[39m
            [36m>[39m
              [0mAbril 2027[0m
            [36m</option>[39m
            [36m<option[39m
              [33mvalue[39m=[32m"2027-05"[39m
            [36m>[39m
              [0mMaig 2027[0m
            [36m</option>[39m
            [36m<option[39m
              [33mvalue[39m=[32m"2027-06"[39m
            [36m>[39m
              [0mJuny 2027[0m
            [36m</option>[39m
            [36m<option[39m
              [33mvalue[39m=[32m"2027-07"[39m
            [36m>[39m
              [0mJuliol 2027[0m
            [36m</option>[39m
            [36m<option[39m
              [33mvalue[39m=[32m"2027-08"[39m
            [36m>[39m
              [0mAgost 2027[0m
            [36m</option>[39m
            [36m<option[39m
              [33mvalue[39m=[32m"2027-09"[39m
            [36m>[39m
              [0mSetembre 2027[0m
            [36m</option>[39m
            [36m<option[39m
              [33mvalue[39m=[32m"2027-10"[39m
            [36m>[39m
              [0mOctubre 2027[0m
            [36m</option>[39m
          [36m</select>[39m
        [36m</div>[39m
        [36m<div[39m
          [33mclass[39m=[32m"ah-form-field"[39m
        [36m>[39m
          [36m<label[39m
            [33mclass[39m=[32m"ah-form-field__label"[39m
            [33mfor[39m=[32m"inactivity-to"[39m
          [36m>[39m
            [0mMes de finalització (si el saps)[0m
          [36m</label>[39m
          [36m<input[39m
            [33mclass[39m=[32m"ah-input"[39m
            [33mid[39m=[32m"inactivity-to"[39m
            [33mmin[39m=[32m"2026-10"[39m
            [33mtype[39m=[32m"month"[39m
            [33mvalue[39m=[32m"2027-01"[39m
          [36m/>[39m
        [36m</div>[39m
        [36m<label[39m
          [33mclass[39m=[32m"lifecycle-open-end"[39m
          [33mfor[39m=[32m"inactivity-open-end"[39m
        [36m>[39m
          [36m<input[39m
            [33mchecked[39m=[32m""[39m
            [33mclass[39m=[32m"ah-checkbox"[39m
            [33mid[39m=[32m"inactivity-open-end"[39m
            [33mtype[39m=[32m"checkbox"[39m
          [36m/>[39m
          [36m<span>[39m
            [0m— encara no ho sé[0m
          [36m</span>[39m
        [36m</label>[39m
        [36m<div[39m
          [33mclass[39m=[32m"ah-form-field"[39m
        [36m>[39m
          [36m<label[39m
            [33mclass[39m=[32m"ah-form-field__label"[39m
            [33mfor[39m=[32m"inactivity-comments"[39m
          [36m>[39m
            [0mComentaris[0m
          [36m</label>[39m
          [36m<textarea[39m
            [33mclass[39m=[32m"ah-input ah-textarea"[39m
            [33mid[39m=[32m"inactivity-comments"[39m
            [33mmaxlength[39m=[32m"500"[39m
          [36m>[39m
            [0mDescans de la Duna[0m
          [36m</textarea>[39m
        [36m</div>[39m
        [36m<div[39m
          [33mclass[39m=[32m"ah-card lifecycle-fee"[39m
        [36m>[39m
          [36m<div>[39m
            [36m<span>[39m
              [0mQuota del 1r mes[0m
            [36m</span>[39m
            [36m<strong>[39m
              [0m20,00 €[0m
            [36m</strong>[39m
          [36m</div>[39m
          [36m<div>[39m
            [36m<span>[39m
              [0mMesos següents[0m
            [36m</span>[39m
            [36m<strong>[39m
              [0m10,00 €/mes[0m
            [36m</strong>[39m
          [36m</div>[39m
        [36m</div>[39m
        [36m<p[39m
          [33mclass[39m=[32m"lifecycle-note"[39m
        [36m>[39m
          [0mLa data de final es pot modificar durant el període d'inactivitat (també fins al dia 25).[0m
        [36m</p>[39m
        [36m<p[39m
          [33mclass[39m=[32m"lifecycle-warning"[39m
        [36m>[39m
          [0mAra tens 1 reserva dins del període: s'anul·larà si el club aprova la sol·licitud.[0m
        [36m</p>[39m
        [36m<button[39m
          [33mclass[39m=[32m"ah-button ah-button--primary"[39m
          [33mtype[39m=[32m"submit"[39m
        [36m>[39m
          [36m<span[39m
            [33mclass[39m=[32m"ah-button__content"[39m
          [36m>[39m
            [0mMODIFICA[0m
          [36m</span>[39m
        [36m</button>[39m
        [36m<button[39m
          [33mclass[39m=[32m"ah-button ah-button--danger"[39m
          [33mtype[39m=[32m"button"[39m
        [36m>[39m
          [36m<span[39m
            [33mclass[39m=[32m"ah-button__content"[39m
          [36m>[39m
            [0mRETIRA LA SOL·LICITUD[0m
          [36m</span>[39m
        [36m</button>[39m
      [36m</form>[39m
    [36m</div>[39m
    [36m<div[39m
      [33maria-live[39m=[32m"polite"[39m
      [33mclass[39m=[32m"ah-toast-viewport"[39m
    [36m/>[39m
  [36m</div>[39m
[36m</body>[39m
 ❯ waitForWrapper ../../node_modules/.pnpm/@testing-library+dom@10.4.1/node_modules/@testing-library/dom/dist/wait-for.js:163:27
 ❯ ../../node_modules/.pnpm/@testing-library+dom@10.4.1/node_modules/@testing-library/dom/dist/query-helpers.js:86:33
 ❯ src/inactivity/InactivityPage.test.tsx:450:25
    448|     current = period(2, "2026-11", "Canvi del club");
    449|     fireEvent.click(screen.getByRole("button", { name: "MODIFICA" }));
    450|     expect(await screen.findByText("El període ha canviat.")).toBeVisi…
       |                         ^
    451|     await waitFor(() => {
    452|       expect(screen.getByLabelText("Mes d'inici (obligatori)")).toHave…

⎯⎯⎯⎯⎯⎯⎯⎯⎯⎯⎯⎯⎯⎯⎯⎯⎯⎯⎯⎯⎯⎯⎯⎯[7/8]⎯

 FAIL  src/inactivity/InactivityPage.test.tsx > T-13-29 member inactivity > keeps a newly created period for the return-to-profile subtitle
AssertionError: expected "vi.fn()" to be called with arguments: [ '/perfil' ]

Number of calls: 0


Ignored nodes: comments, script, style
[36m<html[39m
  [33mdata-theme[39m=[32m"dark"[39m
  [33mstyle[39m=[32m"color-scheme: dark; --ah-color-primary: #E26A2A; --ah-color-primary-fg: #0B0B0B; --ah-color-background: #0B0B0B; --ah-color-surface: #161616; --ah-color-surface-2: #1E1E1E; --ah-color-text: #FFFFFF; --ah-color-text-muted: #B5B5B5; --ah-color-border: #2B2B2B; --ah-color-success: #4CAF7D; --ah-color-warning: #E5B93C; --ah-color-danger: #E05B5B; --ah-color-info: #85B8E8; --ah-font-sans: Montserrat, system-ui, sans-serif; --ah-font-display: Montserrat, system-ui, sans-serif; --ah-radius-sm: 4px; --ah-radius-md: 4px; --ah-color-ring-1: #F2B58C; --ah-color-ring-2: #8FCE8F; --ah-color-ring-3: #C9CDD3; --ah-color-ring-4: #F5D67A; --ah-color-ring-5: #85B8E8;"[39m
[36m>[39m
  [36m<head />[39m
  [36m<body>[39m
    [36m<div>[39m
      [36m<div[39m
        [33mclass[39m=[32m"lifecycle-page"[39m
      [36m>[39m
        [36m<header[39m
          [33mclass[39m=[32m"lifecycle-page__bar"[39m
        [36m>[39m
          [36m<a[39m
            [33maria-label[39m=[32m"Torna al perfil"[39m
            [33mhref[39m=[32m"/perfil"[39m
          [36m>[39m
            [0m‹[0m
          [36m</a>[39m
          [36m<h1>[39m
            [0mPeríode d'inactivitat[0m
          [36m</h1>[39m
        [36m</header>[39m
        [36m<form[39m
          [33mclass[39m=[32m"lifecycle-form"[39m
        [36m>[39m
          [36m<p[39m
            [33mclass[39m=[32m"lifecycle-intro"[39m
          [36m>[39m
            [0mTens dret a demanar una pausa (en mesos). Durant aquest temps no participaries de les activitats de l'escola i pagaràs una quota mínima de manteniment que conserva la teva entrada i la teva quota actual per quan tornis. Pot demanar-se fins al dia 25 del mes anterior al que es vol començar el període d'inactivitat.[0m
          [36m</p>[39m
          [36m<div[39m
            [33mclass[39m=[32m"ah-form-field"[39m
          [36m>[39m
            [36m<label[39m
              [33mclass[39m=[32m"ah-form-field__label"[39m
              [33mfor[39m=[32m"inactivity-from"[39m
            [36m>[39m
              [0mMes d'inici (obligatori)[0m
            [36m</label>[39m
            [36m<select[39m
              [33mclass[39m=[32m"ah-input ah-select"[39m
              [33mid[39m=[32m"inactivity-from"[39m
            [36m>[39m
              [36m<option[39m
                [33mvalue[39m=[32m"2026-10"[39m
              [36m>[39m
                [0mOctubre 2026[0m
              [36m</option>[39m
              [36m<option[39m
                [33mvalue[39m=[32m"2026-11"[39m
              [36m>[39m
                [0mNovembre 2026[0m
              [36m</option>[39m
              [36m<option[39m
                [33mvalue[39m=[32m"2026-12"[39m
              [36m>[39m
                [0mDesembre 2026[0m
              [36m</option>[39m
              [36m<option[39m
                [33mvalue[39m=[32m"2027-01"[39m
              [36m>[39m
                [0mGener 2027[0m
              [36m</option>[39m
              [36m<option[39m
                [33mvalue[39m=[32m"2027-02"[39m
              [36m>[39m
                [0mFebrer 2027[0m
              [36m</option>[39m
              [36m<option[39m
                [33mvalue[39m=[32m"2027-03"[39m
              [36m>[39m
                [0mMarç 2027[0m
              [36m</option>[39m
              [36m<option[39m
                [33mvalue[39m=[32m"2027-04"[39m
              [36m>[39m
                [0mAbril 2027[0m
              [36m</option>[39m
              [36m<option[39m
                [33mvalue[39m=[32m"2027-05"[39m
              [36m>[39m
                [0mMaig 2027[0m
              [36m</option>[39m
              [36m<option[39m
                [33mvalue[39m=[32m"2027-06"[39m
              [36m>[39m
                [0mJuny 2027[0m
              [36m</option>[39m
              [36m<option[39m
                [33mvalue[39m=[32m"2027-07"[39m
              [36m>[39m
                [0mJuliol 2027[0m
              [36m</option>[39m
              [36m<option[39m
                [33mvalue[39m=[32m"2027-08"[39m
              [36m>[39m
                [0mAgost 2027[0m
              [36m</option>[39m
              [36m<option[39m
                [33mvalue[39m=[32m"2027-09"[39m
              [36m>[39m
                [0mSetembre 2027[0m
              [36m</option>[39m
              [36m<option[39m
                [33mvalue[39m=[32m"2027-10"[39m
              [36m>[39m
                [0mOctubre 2027[0m
              [36m</option>[39m
            [36m</select>[39m
          [36m</div>[39m
          [36m<div[39m
            [33mclass[39m=[32m"ah-form-field"[39m
          [36m>[39m
            [36m<label[39m
              [33mclass[39m=[32m"ah-form-field__label"[39m
              [33mfor[39m=[32m"inactivity-to"[39m
            [36m>[39m
              [0mMes de finalització (si el saps)[0m
            [36m</label>[39m
            [36m<input[39m
              [33mclass[39m=[32m"ah-input"[39m
              [33mid[39m=[32m"inactivity-to"[39m
              [33mmin[39m=[32m"2026-10"[39m
              [33mtype[39m=[32m"month"[39m
              [33mvalue[39m=[32m""[39m
            [36m/>[39m
          [36m</div>[39m
          [36m<label[39m
            [33mclass[39m=[32m"lifecycle-open-end"[39m
            [33mfor[39m=[32m"inactivity-open-end"[39m
          [36m>[39m
            [36m<input[39m
              [33mchecked[39m=[32m""[39m
              [33mclass[39m=[32m"ah-checkbox"[39m
              [33mid[39m=[32m"inactivity-open-end"[39m
              [33mtype[39m=[32m"checkbox"[39m
            [36m/>[39m
            [36m<span>[39m
              [0m— encara no ho sé[0m
            [36m</span>[39m
          [36m</label>[39m
          [36m<div[39m
            [33mclass[39m=[32m"ah-form-field"[39m
          [36m>[39m
            [36m<label[39m
              [33mclass[39m=[32m"ah-form-field__label"[39m
              [33mfor[39m=[32m"inactivity-comments"[39m
            [36m>[39m
              [0mComentaris[0m
            [36m</label>[39m
            [36m<textarea[39m
              [33mclass[39m=[32m"ah-input ah-textarea"[39m
              [33mid[39m=[32m"inactivity-comments"[39m
              [33mmaxlength[39m=[32m"500"[39m
            [36m/>[39m
          [36m</div>[39m
          [36m<div[39m
            [33mclass[39m=[32m"ah-card lifecycle-fee"[39m
          [36m>[39m
            [36m<div>[39m
              [36m<span>[39m
                [0mQuota del 1r mes[0m
              [36m</span>[39m
              [36m<strong>[39m
                [0m20,00 €[0m
              [36m</strong>[39m
            [36m</div>[39m
            [36m<div>[39m
              [36m<span>[39m
                [0mMesos següents[0m
              [36m</span>[39m
              [36m<strong>[39m
                [0m10,00 €/mes[0m
              [36m</strong>[39m
            [36m</div>[39m
          [36m</div>[39m
          [36m<p[39m
            [33mclass[39m=[32m"lifecycle-note"[39m
          [36m>[39m
            [0mLa data de final es pot modificar durant el període d'inactivitat (també fins al dia 25).[0m
          [36m</p>[39m
          [36m<p[39m
            [33mclass[39m=[32m"lifecycle-warning"[39m
          [36m>[39m
            [0mAra tens 1 reserva dins del període: s'anul·larà si el club aprova la sol·licitud.[0m
          [36m</p>[39m
          [36m<button[39m
            [33mclass[39m=[32m"ah-button ah-button--primary"[39m
            [33mtype[39m=[32m"submit"[39m
          [36m>[39m
            [36m<span[39m
              [33mclass[39m=[32m"ah-button__content"[39m
            [36m>[39m
              [0mENVIA LA SOL·LICITUD[0m
            [36m</span>[39m
          [36m</button>[39m
        [36m</form>[39m
      [36m</div>[39m
      [36m<div[39m
        [33maria-live[39m=[32m"polite"[39m
        [33mclass[39m=[32m"ah-toast-viewport"[39m
      [36m/>[39m
    [36m</div>[39m
  [36m</body>[39m
[36m</html>[39m
 ❯ src/inactivity/InactivityPage.test.tsx:473:24
    471|     fireEvent.click(await screen.findByRole("button", { name: "ENVIA L…
    472|     await waitFor(() => {
    473|       expect(navigate).toHaveBeenCalledWith("/perfil");
       |                        ^
    474|     });
    475|     view.unmount();
 ❯ runWithExpensiveErrorDiagnosticsDisabled ../../node_modules/.pnpm/@testing-library+dom@10.4.1/node_modules/@testing-library/dom/dist/config.js:47:12
 ❯ checkCallback ../../node_modules/.pnpm/@testing-library+dom@10.4.1/node_modules/@testing-library/dom/dist/wait-for.js:124:77
 ❯ Timeout.checkRealTimersCallback ../../node_modules/.pnpm/@testing-library+dom@10.4.1/node_modules/@testing-library/dom/dist/wait-for.js:118:16

⎯⎯⎯⎯⎯⎯⎯⎯⎯⎯⎯⎯⎯⎯⎯⎯⎯⎯⎯⎯⎯⎯⎯⎯[8/8]⎯


 Test Files  2 failed | 2 passed (4)
      Tests  8 failed | 102 passed (110)
   Start at  15:52:15
   Duration  73.39s (tests 95%, transform 3%, environment 1%, import 1%)

/Users/jordib/dev/agilityhub/agilityhub-core-web/apps/clubs:
 ERR_PNPM_RECURSIVE_RUN_FIRST_FAIL  clubs@0.0.0 test: `vitest run src/booking/detail.test.tsx src/inactivity/InactivityPage.test.tsx src/leave/LeavePage.test.tsx src/App.test.tsx`
Exit status 1
