• turbo 2.10.12

   • Packages in scope: @agilityhub/api-client, @agilityhub/auth, @agilityhub/config, @agilityhub/course-core, @agilityhub/i18n, @agilityhub/shared-types, @agilityhub/ui, clubs, clubs-admin, id
   • Running lint, typecheck, test, build in 10 packages
   • Remote caching disabled

@agilityhub/api-client:lint: cache miss, executing 21db5b62b9883e68
clubs-admin:lint: cache miss, executing 19684c48a1c9634a
@agilityhub/api-client:typecheck: cache miss, executing 05b859789896d3e4
id:lint: cache hit, replaying logs 22651cf71461790e
@agilityhub/course-core:typecheck: cache hit, replaying logs 61edc282ad1bbb2a
@agilityhub/ui:typecheck: cache hit, replaying logs 80ec6d010d3e3996
@agilityhub/shared-types:lint: cache hit, replaying logs a946566fb9efb741
@agilityhub/course-core:lint: cache hit, replaying logs e1967c3b8013c83f
@agilityhub/ui:lint: cache hit, replaying logs 0e7a5e13346b3c4c
@agilityhub/ui:typecheck: 
@agilityhub/ui:typecheck: > @agilityhub/ui@0.0.0 typecheck /Users/jordib/dev/agilityhub/agilityhub-core-web/packages/ui
@agilityhub/ui:typecheck: > tsc --noEmit
@agilityhub/ui:typecheck: 
@agilityhub/shared-types:lint: 
@agilityhub/shared-types:lint: > @agilityhub/shared-types@0.0.1 lint /Users/jordib/dev/agilityhub/agilityhub-core-web/packages/shared-types
@agilityhub/shared-types:lint: > eslint src tests scripts --max-warnings 0 --config ../../eslint.config.mjs
@agilityhub/shared-types:lint: 
id:lint: 
id:lint: > id@0.0.0 lint /Users/jordib/dev/agilityhub/agilityhub-core-web/apps/id
id:lint: > eslint . --max-warnings 0 --config ../../eslint.config.mjs
@agilityhub/course-core:typecheck: 
@agilityhub/course-core:typecheck: > @agilityhub/course-core@0.0.1 typecheck /Users/jordib/dev/agilityhub/agilityhub-core-web/packages/course-core
@agilityhub/course-core:typecheck: > tsc --noEmit
@agilityhub/course-core:typecheck: 
@agilityhub/ui:lint: 
@agilityhub/ui:lint: > @agilityhub/ui@0.0.0 lint /Users/jordib/dev/agilityhub/agilityhub-core-web/packages/ui
@agilityhub/ui:lint: > eslint src --max-warnings 0 --config ../../eslint.config.mjs
@agilityhub/ui:lint: 
id:lint: 
@agilityhub/course-core:lint: 
@agilityhub/course-core:lint: > @agilityhub/course-core@0.0.1 lint /Users/jordib/dev/agilityhub/agilityhub-core-web/packages/course-core
@agilityhub/course-core:lint: > eslint src tests --max-warnings 0 --config ../../eslint.config.mjs
@agilityhub/course-core:build: cache hit, replaying logs e18b31668a225399
@agilityhub/course-core:lint: 
@agilityhub/course-core:build: 
@agilityhub/course-core:build: > @agilityhub/course-core@0.0.1 build /Users/jordib/dev/agilityhub/agilityhub-core-web/packages/course-core
@agilityhub/course-core:build: > tsc -p tsconfig.build.json
@agilityhub/course-core:build: 
@agilityhub/api-client:test: cache miss, executing c8fdca85c7650867
@agilityhub/config:lint: cache hit, replaying logs 42ac5d636417f38d
@agilityhub/course-core:test: cache hit, replaying logs 34116acf0470d929
@agilityhub/config:typecheck: cache hit, replaying logs 6860c83ceac65ae7
clubs:lint: cache hit, replaying logs 04e35d7f65444fb6
@agilityhub/i18n:lint: cache hit, replaying logs 4f64d4ab12668076
@agilityhub/auth:lint: cache hit, replaying logs 2925197e67cefb4b
@agilityhub/course-core:test: 
@agilityhub/course-core:test: > @agilityhub/course-core@0.0.1 test /Users/jordib/dev/agilityhub/agilityhub-core-web/packages/course-core
@agilityhub/config:typecheck: 
@agilityhub/config:typecheck: > @agilityhub/config@0.0.0 typecheck /Users/jordib/dev/agilityhub/agilityhub-core-web/packages/config
@agilityhub/config:typecheck: > node --check eslint.config.mjs && node --check prettier.config.mjs && node --check scripts/prepare-husky.mjs
@agilityhub/config:typecheck: 
@agilityhub/course-core:test: > vitest run
@agilityhub/course-core:test: 
@agilityhub/course-core:test: 
@agilityhub/course-core:test: [1m[30m[46m RUN [49m[39m[22m [36mv5.0.0 [39m[90m/Users/jordib/dev/agilityhub/agilityhub-core-web/packages/course-core[39m
@agilityhub/config:lint: 
@agilityhub/config:lint: > @agilityhub/config@0.0.0 lint /Users/jordib/dev/agilityhub/agilityhub-core-web/packages/config
@agilityhub/config:lint: > eslint . --max-warnings 0 --config ../../eslint.config.mjs
@agilityhub/i18n:lint: 
@agilityhub/course-core:test: 
@agilityhub/course-core:test:  [32m✓[39m tests/coords.test.ts [2m([22m[2m5 tests[22m[2m)[22m[32m 3[2mms[22m[39m
@agilityhub/course-core:test:  [32m✓[39m tests/geometry-primitives.test.ts [2m([22m[2m15 tests[22m[2m)[22m[32m 4[2mms[22m[39m
@agilityhub/course-core:test:  [32m✓[39m tests/marker-id.test.ts [2m([22m[2m11 tests[22m[2m)[22m[32m 8[2mms[22m[39m
clubs:lint: 
@agilityhub/config:lint: 
@agilityhub/auth:lint: 
@agilityhub/auth:lint: > @agilityhub/auth@0.0.0 lint /Users/jordib/dev/agilityhub/agilityhub-core-web/packages/auth
@agilityhub/auth:lint: > eslint src --max-warnings 0 --config ../../eslint.config.mjs
@agilityhub/auth:lint: 
clubs:lint: > clubs@0.0.0 lint /Users/jordib/dev/agilityhub/agilityhub-core-web/apps/clubs
clubs:lint: > eslint . --max-warnings 0 --config ../../eslint.config.mjs
clubs:lint: 
@agilityhub/i18n:lint: > @agilityhub/i18n@0.0.0 lint /Users/jordib/dev/agilityhub/agilityhub-core-web/packages/i18n
@agilityhub/course-core:test:  [32m✓[39m tests/wrapper.test.ts [2m([22m[2m5 tests[22m[2m)[22m[32m 3[2mms[22m[39m
@agilityhub/course-core:test:  [32m✓[39m tests/calibration.test.ts [2m([22m[2m9 tests[22m[2m)[22m[32m 4[2mms[22m[39m
@agilityhub/course-core:test:  [32m✓[39m tests/parse-smarter-colors-txt.test.ts [2m([22m[2m6 tests[22m[2m)[22m[32m 5[2mms[22m[39m
@agilityhub/i18n:lint: > eslint src --max-warnings 0 --config ../../eslint.config.mjs
@agilityhub/i18n:lint: 
@agilityhub/course-core:test:  [32m✓[39m tests/apriltag-36h11.test.ts [2m([22m[2m31 tests[22m[2m)[22m[32m 31[2mms[22m[39m
@agilityhub/course-core:test:  [32m✓[39m tests/ring.test.ts [2m([22m[2m7 tests[22m[2m)[22m[32m 11[2mms[22m[39m
@agilityhub/course-core:test:  [32m✓[39m tests/marker-svg.test.ts [2m([22m[2m29 tests[22m[2m)[22m[32m 11[2mms[22m[39m
@agilityhub/course-core:test:  [32m✓[39m tests/geometry-transform.test.ts [2m([22m[2m6 tests[22m[2m)[22m[32m 4[2mms[22m[39m
@agilityhub/course-core:test:  [32m✓[39m tests/placement.test.ts [2m([22m[2m20 tests[22m[2m)[22m[32m 7[2mms[22m[39m
@agilityhub/course-core:test:  [32m✓[39m tests/units.test.ts [2m([22m[2m5 tests[22m[2m)[22m[32m 3[2mms[22m[39m
@agilityhub/course-core:test:  [32m✓[39m tests/summarize-course.test.ts [2m([22m[2m8 tests[22m[2m)[22m[32m 10[2mms[22m[39m
@agilityhub/course-core:test:  [32m✓[39m tests/parse-smarter-txt.test.ts [2m([22m[2m113 tests[22m[2m)[22m[32m 22[2mms[22m[39m
@agilityhub/course-core:test:  [32m✓[39m tests/smarter-writer.test.ts [2m([22m[2m8 tests[22m[2m)[22m[32m 12[2mms[22m[39m
@agilityhub/ui:test: cache hit, replaying logs 6f4ac5c5c4ed4fbb
@agilityhub/course-core:test:  [32m✓[39m tests/warnings-engine.test.ts [2m([22m[2m13 tests[22m[2m)[22m[32m 6[2mms[22m[39m
@agilityhub/course-core:test:  [32m✓[39m tests/warnings-rules.test.ts [2m([22m[2m26 tests[22m[2m)[22m[32m 26[2mms[22m[39m
@agilityhub/course-core:test:  [32m✓[39m tests/smarter-fixtures.test.ts [2m([22m[2m25 tests[22m[2m)[22m[32m 19[2mms[22m[39m
@agilityhub/course-core:test:  [32m✓[39m tests/course-data-json-schema.test.ts [2m([22m[2m22 tests[22m[2m)[22m[32m 86[2mms[22m[39m
@agilityhub/course-core:test: 
@agilityhub/course-core:test: [2m Test Files [22m [1m[32m19 passed[39m[22m[90m (19)[39m
@agilityhub/course-core:test: [2m      Tests [22m [1m[32m364 passed[39m[22m[90m (364)[39m
@agilityhub/course-core:test: [2m   Start at [22m 16:01:14
@agilityhub/course-core:test: [2m   Duration [22m 1.25s[2m (transform 79%, import 15%, tests 4%, worker 2%)[22m
@agilityhub/course-core:test: 
@agilityhub/course-core:test: [2m  Transform [22m [33mtransforming modules took 5.41s[39m[2m · 79% of tracked time, re-done on every run[22m
@agilityhub/course-core:test: [2m            [22m [2mpersist transforms across runs with [22m[33mfsModuleCache: true[39m
@agilityhub/course-core:test: [2m            [22m [2mlearn more: https://vitest.dev/guide/improving-performance#caching-between-reruns[22m
@agilityhub/course-core:test: 
@agilityhub/ui:test: 
@agilityhub/ui:test: > @agilityhub/ui@0.0.0 test /Users/jordib/dev/agilityhub/agilityhub-core-web/packages/ui
@agilityhub/ui:test: > vitest run
@agilityhub/ui:test: 
@agilityhub/ui:test: 
@agilityhub/ui:test: [1m[30m[46m RUN [49m[39m[22m [36mv5.0.0 [39m[90m/Users/jordib/dev/agilityhub/agilityhub-core-web/packages/ui[39m
@agilityhub/ui:test: 
@agilityhub/ui:test:  [32m✓[39m src/attendance-contrast.test.ts [2m([22m[2m34 tests[22m[2m)[22m[32m 7[2mms[22m[39m
@agilityhub/ui:test:  [32m✓[39m src/on-primary.test.ts [2m([22m[2m3 tests[22m[2m)[22m[32m 72[2mms[22m[39m
@agilityhub/ui:test:  [32m✓[39m src/branding.test.tsx [2m([22m[2m5 tests[22m[2m)[22m[32m 30[2mms[22m[39m
@agilityhub/i18n:typecheck: cache hit, replaying logs f5ac91197f42d648
@agilityhub/ui:test:  [32m✓[39m src/icons/Icon.test.tsx [2m([22m[2m1 test[22m[2m)[22m[32m 63[2mms[22m[39m
@agilityhub/ui:test:  [32m✓[39m src/limited-markdown.test.tsx [2m([22m[2m1 test[22m[2m)[22m[33m 306[2mms[22m[39m
@agilityhub/ui:test:    [32m✓[39m LimitedMarkdown [2m(1)[22m
@agilityhub/ui:test:      [33m[2m✓[22m[39m renders the allowed subset and strips unsupported HTML and images[33m 305[2mms[22m[39m
@agilityhub/ui:test:  [32m✓[39m src/index.test.ts [2m([22m[2m2 tests[22m[2m)[22m[32m 3[2mms[22m[39m
@agilityhub/ui:test:  [32m✓[39m src/attendance-sheet.test.tsx [2m([22m[2m4 tests[22m[2m)[22m[32m 247[2mms[22m[39m
@agilityhub/ui:test: [90mstderr[2m | src/day-grid.test.tsx[2m > [22m[2mDayGrid presenter (screens 10 / 23)[2m > [22m[2mrenders the api's «Sense» column as delivered and never adds one of its own
@agilityhub/ui:test: [22m[39m[DayGrid] cells without a matching column are not drawn: cls-1 (ringId null)
@agilityhub/ui:test: 
@agilityhub/ui:test:  [32m✓[39m src/schedule-grid.test.tsx [2m([22m[2m3 tests[22m[2m)[22m[33m 453[2mms[22m[39m
@agilityhub/ui:test:    [32m✓[39m ScheduleGrid [2m(3)[22m
@agilityhub/ui:test:      [33m[2m✓[22m[39m stacks cells per slot, exposes day buttons and tints cells through --schedule-color[33m 307[2mms[22m[39m
@agilityhub/ui:test:  [32m✓[39m src/day-grid.test.tsx [2m([22m[2m10 tests[22m[2m)[22m[33m 532[2mms[22m[39m
@agilityhub/ui:test:  [32m✓[39m src/slot-grid.test.tsx [2m([22m[2m9 tests[22m[2m)[22m[33m 526[2mms[22m[39m
@agilityhub/ui:test:  [32m✓[39m src/rich-text.test.tsx [2m([22m[2m13 tests[22m[2m)[22m[33m 570[2mms[22m[39m
@agilityhub/ui:test:  [32m✓[39m src/attendance.test.tsx [2m([22m[2m16 tests[22m[2m)[22m[33m 440[2mms[22m[39m
@agilityhub/ui:test:  [32m✓[39m src/components.test.tsx [2m([22m[2m31 tests[22m[2m)[22m[33m 775[2mms[22m[39m
@agilityhub/ui:test:  [32m✓[39m src/universal-list.test.tsx [2m([22m[2m10 tests[22m[2m)[22m[33m 848[2mms[22m[39m
@agilityhub/ui:test:    [32m✓[39m E5-W05 round 2 #2 · a range filter with no suggested values (ruling E80) [2m(1)[22m
@agilityhub/ui:test:      [33m[2m✓[22m[39m offers two dates instead of the value list, never asks for the field's values, and adds the range's own value[33m 552[2mms[22m[39m
@agilityhub/ui:test:  [32m✓[39m src/tasks-panel.test.tsx [2m([22m[2m14 tests[22m[2m)[22m[33m 1346[2mms[22m[39m
@agilityhub/ui:test: 
@agilityhub/ui:test: [2m Test Files [22m [1m[32m15 passed[39m[22m[90m (15)[39m
@agilityhub/ui:test: [2m      Tests [22m [1m[32m156 passed[39m[22m[90m (156)[39m
@agilityhub/ui:test: [2m   Start at [22m 18:11:49
@agilityhub/ui:test: [2m   Duration [22m 5.94s[2m (environment 68%, setup 14%, tests 9%, transform 7%, import 1%)[22m
@agilityhub/ui:test: 
@agilityhub/i18n:typecheck: 
@agilityhub/i18n:typecheck: > @agilityhub/i18n@0.0.0 typecheck /Users/jordib/dev/agilityhub/agilityhub-core-web/packages/i18n
@agilityhub/i18n:typecheck: > tsc --noEmit
@agilityhub/i18n:typecheck: 
@agilityhub/i18n:test: cache hit, replaying logs 25ba33e2806dd863
@agilityhub/shared-types:typecheck: cache hit, replaying logs c4cd70d7e3ccd8fa
clubs-admin:build: cache miss, executing 58659f8275963dbd
@agilityhub/shared-types:test: cache hit, replaying logs 0d5094aa59df2bb0
@agilityhub/shared-types:build: cache hit, replaying logs a211f3de2fb8a1b3
@agilityhub/i18n:test: 
@agilityhub/i18n:test: > @agilityhub/i18n@0.0.0 test /Users/jordib/dev/agilityhub/agilityhub-core-web/packages/i18n
@agilityhub/i18n:test: > vitest run
@agilityhub/i18n:test: 
@agilityhub/i18n:test: 
@agilityhub/i18n:test:  RUN  v5.0.0 /Users/jordib/dev/agilityhub/agilityhub-core-web/packages/i18n
@agilityhub/i18n:test: 
@agilityhub/i18n:test:  ✓ src/masking.test.ts (9 tests) 4ms
id:build: cache miss, executing 02d647eb00cbf3db
@agilityhub/shared-types:test: 
@agilityhub/shared-types:test: > @agilityhub/shared-types@0.0.1 test /Users/jordib/dev/agilityhub/agilityhub-core-web/packages/shared-types
@agilityhub/shared-types:test: > vitest run
@agilityhub/shared-types:test: 
@agilityhub/shared-types:test: 
@agilityhub/shared-types:test: [1m[30m[46m RUN [49m[39m[22m [36mv5.0.0 [39m[90m/Users/jordib/dev/agilityhub/agilityhub-core-web/packages/shared-types[39m
@agilityhub/shared-types:test: 
@agilityhub/shared-types:test:  [32m✓[39m tests/build-session-export.test.ts [2m([22m[2m21 tests[22m[2m)[22m[32m 30[2mms[22m[39m
@agilityhub/shared-types:test:  [32m✓[39m tests/json-schemas.test.ts [2m([22m[2m17 tests[22m[2m)[22m[32m 52[2mms[22m[39m
@agilityhub/shared-types:test: 
@agilityhub/shared-types:build: 
@agilityhub/shared-types:build: > @agilityhub/shared-types@0.0.1 build /Users/jordib/dev/agilityhub/agilityhub-core-web/packages/shared-types
@agilityhub/shared-types:build: > tsc -p tsconfig.build.json
@agilityhub/shared-types:build: 
@agilityhub/shared-types:typecheck: 
@agilityhub/shared-types:typecheck: > @agilityhub/shared-types@0.0.1 typecheck /Users/jordib/dev/agilityhub/agilityhub-core-web/packages/shared-types
@agilityhub/shared-types:typecheck: > tsc --noEmit
@agilityhub/shared-types:typecheck: 
@agilityhub/shared-types:test: [2m Test Files [22m [1m[32m2 passed[39m[22m[90m (2)[39m
@agilityhub/shared-types:test: [2m      Tests [22m [1m[32m38 passed[39m[22m[90m (38)[39m
@agilityhub/shared-types:test: [2m   Start at [22m 16:01:24
@agilityhub/shared-types:test: [2m   Duration [22m 740ms[2m (transform 70%, import 21%, tests 8%, worker 1%)[22m
@agilityhub/shared-types:test: 
@agilityhub/i18n:test:  ✓ src/locale.test.ts (3 tests) 2ms
@agilityhub/i18n:test:  ✓ src/activities.test.ts (5 tests) 35ms
@agilityhub/i18n:test:  ✓ src/format.test.ts (99 tests) 60ms
@agilityhub/i18n:test:  ✓ src/index.test.ts (4 tests) 39ms
@agilityhub/i18n:test: 
@agilityhub/i18n:test:  Test Files  5 passed (5)
@agilityhub/i18n:test:       Tests  120 passed (120)
@agilityhub/i18n:test:    Start at  07:13:24
@agilityhub/i18n:test:    Duration  1.02s (transform 74%, import 16%, tests 8%, worker 1%)
@agilityhub/i18n:test: 
clubs:build: cache miss, executing 48a1f86be3e8525e
@agilityhub/api-client:typecheck: 
@agilityhub/api-client:typecheck: > @agilityhub/api-client@0.0.0 typecheck /Users/jordib/dev/agilityhub/agilityhub-core-web/packages/api-client
@agilityhub/api-client:typecheck: > tsc --noEmit
@agilityhub/api-client:typecheck: 
clubs:build: 
clubs:build: > clubs@0.0.0 build /Users/jordib/dev/agilityhub/agilityhub-core-web/apps/clubs
clubs:build: > tsc --noEmit && vite build
clubs:build: 
@agilityhub/api-client:test: 
@agilityhub/api-client:test: > @agilityhub/api-client@0.0.0 test /Users/jordib/dev/agilityhub/agilityhub-core-web/packages/api-client
@agilityhub/api-client:test: > vitest run
@agilityhub/api-client:test: 
id:build: 
id:build: > id@0.0.0 build /Users/jordib/dev/agilityhub/agilityhub-core-web/apps/id
id:build: > tsc --noEmit && vite build
id:build: 
clubs-admin:lint: 
clubs-admin:lint: > clubs-admin@0.0.0 lint /Users/jordib/dev/agilityhub/agilityhub-core-web/apps/clubs-admin
clubs-admin:lint: > eslint . --max-warnings 0 --config ../../eslint.config.mjs
clubs-admin:lint: 
@agilityhub/api-client:lint: 
@agilityhub/api-client:lint: > @agilityhub/api-client@0.0.0 lint /Users/jordib/dev/agilityhub/agilityhub-core-web/packages/api-client
@agilityhub/api-client:lint: > eslint src --ignore-pattern src/generated/** --max-warnings 0 --config ../../eslint.config.mjs
@agilityhub/api-client:lint: 
clubs-admin:build: 
clubs-admin:build: > clubs-admin@0.0.0 build /Users/jordib/dev/agilityhub/agilityhub-core-web/apps/clubs-admin
clubs-admin:build: > tsc --noEmit && vite build
clubs-admin:build: 
@agilityhub/api-client:test: 
@agilityhub/api-client:test:  RUN  v5.0.0 /Users/jordib/dev/agilityhub/agilityhub-core-web/packages/api-client
@agilityhub/api-client:test: 
@agilityhub/api-client:test:  ✓ src/mocks/auth-handoff.test.ts (2 tests) 1917ms
@agilityhub/api-client:test:    ✓ T-01-12 E4-W16 round 2 #2 (S01 R-01-09, E47): a handoff code is single-use across page loads (2)
@agilityhub/api-client:test:      ✓ redeem code 1, reload, redeem code 2, then code 1 again → refused (the whole redemption history stays spent) 1726ms
@agilityhub/api-client:test:  ✓ src/mocks/signup-handlers.test.ts (32 tests) 407ms
@agilityhub/api-client:test:  ✓ src/mocks/agenda-handlers.test.ts (16 tests) 381ms
@agilityhub/api-client:test:  ✓ src/mocks/notification-handlers.test.ts (11 tests) 384ms
@agilityhub/api-client:test:  ✓ src/mocks/messaging-handlers.test.ts (19 tests) 402ms
@agilityhub/api-client:test:  ✓ src/mocks/followup-handlers.test.ts (21 tests) 333ms
@agilityhub/api-client:test:  ✓ src/mocks/census-handlers.test.ts (104 tests) 406ms
@agilityhub/api-client:test:  ✓ src/mocks/attendance-handlers.test.ts (18 tests) 562ms
@agilityhub/api-client:test:  ✓ src/mocks/training-handlers.test.ts (11 tests) 581ms
@agilityhub/api-client:test:  ✓ src/index.test.ts (21 tests) 566ms
@agilityhub/api-client:test:  ✓ src/attendance-sheet.test.ts (5 tests) 16ms
@agilityhub/api-client:test:  ✓ src/mocks/calendar-handlers.test.ts (15 tests) 685ms
@agilityhub/api-client:test:  ✓ src/preferences-saver.test.ts (20 tests) 192ms
@agilityhub/api-client:test:  ✓ src/branding-cache.test.ts (5 tests) 414ms
@agilityhub/api-client:test:  ✓ src/api-error.test.ts (5 tests) 3ms
@agilityhub/api-client:test:  ✓ src/submission-key.test.ts (15 tests) 7ms
@agilityhub/api-client:test:  ✓ src/mocks/list-fields.test.ts (8 tests) 4ms
@agilityhub/api-client:test:  ✓ src/mocks/list-exports.test.ts (19 tests) 234ms
@agilityhub/api-client:test:  ✓ src/uploads.test.ts (4 tests) 51ms
@agilityhub/api-client:test:  ✓ src/exports.test.ts (16 tests) 44ms
@agilityhub/api-client:test:  ✓ src/mocks/activity-handlers.test.ts (27 tests) 1001ms
@agilityhub/api-client:test:  ✓ src/club-pages.test.ts (1 test) 27ms
@agilityhub/api-client:test:  ✓ src/mocks/day-grid-handlers.test.ts (16 tests) 210ms
@agilityhub/api-client:test:  ✓ src/mocks/booking-handlers.test.ts (30 tests) 1242ms
@agilityhub/api-client:test:  ✓ src/mocks/club-settings-handlers.test.ts (1 test) 33ms
@agilityhub/api-client:test:  ✓ src/mocks/billing-handlers.test.ts (53 tests) 1375ms
@agilityhub/api-client:test:  ✓ src/mocks/fixtures.contract.test.ts (79 tests) 1278ms
@agilityhub/api-client:test:  ✓ src/mocks/mock-worlds.budget.test.ts (23 tests) 2230ms
@agilityhub/api-client:test:    ✓ E3-W10 build-time budget of the MSW mock worlds (23)
@agilityhub/api-client:test:      ✓ imports the mock modules afresh within the start-up budget 1154ms
id:build: vite v8.2.2 building client environment for production...
id:build: transforming...
id:build: ✓ 230 modules transformed.
id:build: rendering chunks...
id:build: computing gzip size...
id:build: dist/index.html                                           0.39 kB │ gzip:   0.26 kB
id:build: dist/assets/sprite-BOr1Ydze.svg                           5.78 kB │ gzip:   1.52 kB
id:build: dist/assets/montserrat-latin-600-normal-UVxSCcoG.woff2   18.68 kB
id:build: dist/assets/montserrat-latin-500-normal-DRFEGfly.woff2   18.74 kB
id:build: dist/assets/montserrat-latin-400-normal-BLhwKU8k.woff2   18.78 kB
id:build: dist/assets/montserrat-latin-700-normal-BdjcYUrC.woff2   18.82 kB
id:build: dist/assets/montserrat-latin-600-normal-CdhFl4lI.woff    20.54 kB
id:build: dist/assets/montserrat-latin-500-normal-Dok2oTci.woff    20.60 kB
id:build: dist/assets/montserrat-latin-400-normal-xItZbAXg.woff    20.64 kB
id:build: dist/assets/montserrat-latin-700-normal-BWkrl476.woff    20.67 kB
id:build: dist/assets/index-CIhKnQD-.css                           52.05 kB │ gzip:   9.48 kB
id:build: dist/assets/notifications-ChKXsAvB.js                     0.75 kB │ gzip:   0.47 kB
id:build: dist/assets/notifications-dxKZmlHL.js                     0.75 kB │ gzip:   0.43 kB
id:build: dist/assets/notifications-BP8GtpgC.js                     0.75 kB │ gzip:   0.47 kB
id:build: dist/assets/history-B1Xz7N4l.js                           1.27 kB │ gzip:   0.65 kB
id:build: dist/assets/history-D5FndTjo.js                           1.32 kB │ gzip:   0.68 kB
id:build: dist/assets/admin-training-DDv2dFuD.js                    1.35 kB │ gzip:   0.63 kB
id:build: dist/assets/history-Bs5JKpAd.js                           1.35 kB │ gzip:   0.69 kB
id:build: dist/assets/shell-C8-jwyq4.js                             1.41 kB │ gzip:   0.74 kB
id:build: dist/assets/admin-training-Du9KAoeO.js                    1.42 kB │ gzip:   0.68 kB
id:build: dist/assets/admin-training-CtWdBvS6.js                    1.44 kB │ gzip:   0.69 kB
id:build: dist/assets/shell-BbrVQiYO.js                             1.47 kB │ gzip:   0.83 kB
id:build: dist/assets/shell-CxXcYDDQ.js                             1.50 kB │ gzip:   0.83 kB
id:build: dist/assets/training-CYuCURIa.js                          1.57 kB │ gzip:   0.80 kB
id:build: dist/assets/home-CLVBc5a3.js                              1.59 kB │ gzip:   0.79 kB
id:build: dist/assets/training-DhvOYmdN.js                          1.62 kB │ gzip:   0.85 kB
id:build: dist/assets/training-B5riWOVN.js                          1.63 kB │ gzip:   0.86 kB
id:build: dist/assets/home-DIaHUeYG.js                              1.65 kB │ gzip:   0.84 kB
id:build: dist/assets/home-vQT0WHAi.js                              1.67 kB │ gzip:   0.84 kB
id:build: dist/assets/activities-_j5UPNJ2.js                        1.79 kB │ gzip:   0.83 kB
id:build: dist/assets/activities-D_fvQi10.js                        1.86 kB │ gzip:   0.91 kB
id:build: dist/assets/activities-BKuUowmB.js                        1.88 kB │ gzip:   0.91 kB
id:build: dist/assets/admin-dashboard-VZhOZ68T.js                   2.07 kB │ gzip:   1.02 kB
id:build: dist/assets/admin-dashboard-MI69Hia9.js                   2.13 kB │ gzip:   1.10 kB
id:build: dist/assets/admin-dashboard-DNVY2TkD.js                   2.18 kB │ gzip:   1.11 kB
id:build: dist/assets/common-BpH9cuss.js                            2.30 kB │ gzip:   1.09 kB
id:build: dist/assets/common-D5M4a98u.js                            2.39 kB │ gzip:   1.18 kB
id:build: dist/assets/common-DLazKDt-.js                            2.45 kB │ gzip:   1.20 kB
id:build: dist/assets/id-cJQwgM2i.js                                2.89 kB │ gzip:   1.28 kB
id:build: dist/assets/id-Dio3OKNo.js                                3.04 kB │ gzip:   1.41 kB
id:build: dist/assets/id-Rnv2hXs4.js                                3.10 kB │ gzip:   1.42 kB
id:build: dist/assets/admin-messaging-Deb_qeG3.js                   4.53 kB │ gzip:   1.87 kB
id:build: dist/assets/admin-messaging-BzpSHSUj.js                   4.70 kB │ gzip:   2.01 kB
id:build: dist/assets/admin-messaging-dXGlHtst.js                   4.79 kB │ gzip:   2.03 kB
id:build: dist/assets/booking-C2JFywZY.js                           4.84 kB │ gzip:   1.84 kB
id:build: dist/assets/auth-C10lCXDJ.js                              5.05 kB │ gzip:   2.14 kB
id:build: dist/assets/booking-BnHoP-fw.js                           5.18 kB │ gzip:   2.03 kB
id:build: dist/assets/booking-oFemWAlT.js                           5.19 kB │ gzip:   2.03 kB
id:build: dist/assets/admin-catalogs-p29fM8xq.js                    5.41 kB │ gzip:   2.01 kB
id:build: dist/assets/auth-Uy3Y-og8.js                              5.63 kB │ gzip:   2.37 kB
id:build: dist/assets/signup-BkgU37Eh.js                            5.63 kB │ gzip:   2.54 kB
id:build: dist/assets/admin-catalogs-dZtpqy8S.js                    5.67 kB │ gzip:   2.23 kB
id:build: dist/assets/admin-audit-DY0X8EOb.js                       5.68 kB │ gzip:   2.37 kB
id:build: dist/assets/auth-DU3LoyRH.js                              5.70 kB │ gzip:   2.38 kB
id:build: dist/assets/admin-catalogs-D4wG5vIy.js                    5.87 kB │ gzip:   2.26 kB
id:build: dist/assets/signup-Bi4UbtBk.js                            5.88 kB │ gzip:   2.80 kB
id:build: dist/assets/signup-DQ9RZKro.js                            5.97 kB │ gzip:   2.82 kB
id:build: dist/assets/admin-activities-Cmq1QEmn.js                  6.01 kB │ gzip:   2.42 kB
id:build: dist/assets/admin-activities-p-Yew4Zm.js                  6.17 kB │ gzip:   2.62 kB
id:build: dist/assets/admin-audit-BH-XD2BI.js                       6.19 kB │ gzip:   2.60 kB
id:build: dist/assets/admin-audit-CaX7fz6F.js                       6.30 kB │ gzip:   2.62 kB
id:build: dist/assets/admin-activities-7OuSwNid.js                  6.38 kB │ gzip:   2.68 kB
id:build: dist/assets/census-Bur0wGCG.js                            6.46 kB │ gzip:   2.52 kB
id:build: dist/assets/census-J8mVT_14.js                            6.81 kB │ gzip:   2.77 kB
id:build: dist/assets/census-CazzAc0I.js                            7.00 kB │ gzip:   2.82 kB
id:build: dist/assets/enums-Bdvw4838.js                             7.24 kB │ gzip:   3.06 kB
id:build: dist/assets/enums-CI0rJjwt.js                             7.45 kB │ gzip:   3.18 kB
id:build: dist/assets/enums-oWSHW7AF.js                             7.49 kB │ gzip:   3.18 kB
id:build: dist/assets/admin-scheduling-nhXWwjRG.js                  8.23 kB │ gzip:   3.04 kB
id:build: dist/assets/admin-scheduling-DeLeUPtJ.js                  8.64 kB │ gzip:   3.30 kB
id:build: dist/assets/admin-scheduling-BhSriSnV.js                  8.64 kB │ gzip:   3.31 kB
id:build: dist/assets/instructor-Drv5FS73.js                        8.95 kB │ gzip:   3.24 kB
id:build: dist/assets/instructor-C9Nzp3I-.js                        9.33 kB │ gzip:   3.45 kB
id:build: dist/assets/instructor-DOywIQyk.js                        9.43 kB │ gzip:   3.47 kB
id:build: dist/assets/admin-billing-CKR3l-0j.js                     9.75 kB │ gzip:   3.44 kB
id:build: dist/assets/admin-billing-BVs2da4o.js                     9.95 kB │ gzip:   3.75 kB
id:build: dist/assets/admin-billing-B9Brj-Vj.js                    10.16 kB │ gzip:   3.78 kB
id:build: dist/assets/admin-census-CTOnFuNR.js                     12.15 kB │ gzip:   4.73 kB
id:build: dist/assets/admin-census-BvFfCXDl.js                     12.93 kB │ gzip:   5.07 kB
id:build: dist/assets/admin-census-DM-Dl984.js                     13.32 kB │ gzip:   5.18 kB
id:build: dist/assets/errors-DLyAknxo.js                           21.99 kB │ gzip:   7.18 kB
id:build: dist/assets/admin-settings-BlVOTC-v.js                   22.92 kB │ gzip:   7.95 kB
id:build: dist/assets/errors-Bvp7svDM.js                           23.31 kB │ gzip:   7.57 kB
id:build: dist/assets/errors-QdWmQXin.js                           23.32 kB │ gzip:   7.54 kB
id:build: dist/assets/admin-settings-Cq0ZFrDH.js                   24.62 kB │ gzip:   8.62 kB
id:build: dist/assets/admin-settings-wvO4u_TR.js                   25.08 kB │ gzip:   8.63 kB
id:build: dist/assets/index-CHqTtu8y.js                           331.38 kB │ gzip: 101.83 kB
id:build: 
id:build: ✓ built in 248ms
@agilityhub/auth:test: cache miss, executing 3811a4dcc90120d5
@agilityhub/auth:typecheck: cache miss, executing 2e59d5cbe5eaec89
@agilityhub/auth:typecheck: 
@agilityhub/auth:typecheck: > @agilityhub/auth@0.0.0 typecheck /Users/jordib/dev/agilityhub/agilityhub-core-web/packages/auth
@agilityhub/auth:typecheck: > tsc --noEmit
@agilityhub/auth:typecheck: 
@agilityhub/auth:test: 
@agilityhub/auth:test: > @agilityhub/auth@0.0.0 test /Users/jordib/dev/agilityhub/agilityhub-core-web/packages/auth
@agilityhub/auth:test: > vitest run
@agilityhub/auth:test: 
@agilityhub/api-client:test:  ✓ src/mocks/backoffice-handlers.test.ts (47 tests) 3995ms
@agilityhub/api-client:test:    ✓ E7-W07 step 5 · the staff reads never book a dog over its week's limit (S08 R-08-02, R-08-03, R-08-19) (7)
@agilityhub/api-client:test:      ✓ T-08-03 E7-W07 round 2 #3 (R-08-02, R-08-03): after Tuesday's 18:50 class is cancelled, still no dog of the calendar or the day grid is booked over its week's limit, and every class lists its counters' registrants 462ms
@agilityhub/api-client:test: 
@agilityhub/api-client:test:  Test Files  29 passed (29)
@agilityhub/api-client:test:       Tests  644 passed (644)
@agilityhub/api-client:test:    Start at  08:14:12
@agilityhub/api-client:test:    Duration  6.10s (import 43%, tests 37%, transform 20%)
@agilityhub/api-client:test: 
@agilityhub/auth:test: 
@agilityhub/auth:test:  RUN  v5.0.0 /Users/jordib/dev/agilityhub/agilityhub-core-web/packages/auth
@agilityhub/auth:test: 
@agilityhub/auth:test:  ✓ src/session.test.tsx (5 tests) 229ms
clubs:build: vite v8.2.2 building client environment for production...
clubs:build: transforming...
clubs:build: ✓ 282 modules transformed.
clubs:build: rendering chunks...
clubs:build: computing gzip size...
clubs:build: dist/index.html                                           2.71 kB │ gzip:   0.94 kB
clubs:build: dist/assets/sprite-BOr1Ydze.svg                           5.78 kB │ gzip:   1.52 kB
clubs:build: dist/assets/montserrat-latin-600-normal-UVxSCcoG.woff2   18.68 kB
clubs:build: dist/assets/montserrat-latin-500-normal-DRFEGfly.woff2   18.74 kB
clubs:build: dist/assets/montserrat-latin-400-normal-BLhwKU8k.woff2   18.78 kB
clubs:build: dist/assets/montserrat-latin-700-normal-BdjcYUrC.woff2   18.82 kB
clubs:build: dist/assets/montserrat-latin-600-normal-CdhFl4lI.woff    20.54 kB
clubs:build: dist/assets/montserrat-latin-500-normal-Dok2oTci.woff    20.60 kB
clubs:build: dist/assets/montserrat-latin-400-normal-xItZbAXg.woff    20.64 kB
clubs:build: dist/assets/montserrat-latin-700-normal-BWkrl476.woff    20.67 kB
clubs:build: dist/assets/index-BVVXHeOi.css                          116.04 kB │ gzip:  18.27 kB
clubs:build: dist/assets/notifications-ChKXsAvB.js                     0.75 kB │ gzip:   0.47 kB
clubs:build: dist/assets/notifications-dxKZmlHL.js                     0.75 kB │ gzip:   0.43 kB
clubs:build: dist/assets/notifications-BP8GtpgC.js                     0.75 kB │ gzip:   0.47 kB
clubs:build: dist/assets/virtual_pwa-register-BmXVfeXd.js              1.12 kB │ gzip:   0.59 kB
clubs:build: dist/assets/history-B1Xz7N4l.js                           1.27 kB │ gzip:   0.65 kB
clubs:build: dist/assets/history-D5FndTjo.js                           1.32 kB │ gzip:   0.68 kB
clubs:build: dist/assets/admin-training-DDv2dFuD.js                    1.35 kB │ gzip:   0.63 kB
clubs:build: dist/assets/history-Bs5JKpAd.js                           1.35 kB │ gzip:   0.69 kB
clubs:build: dist/assets/admin-training-Du9KAoeO.js                    1.42 kB │ gzip:   0.68 kB
clubs:build: dist/assets/admin-training-CtWdBvS6.js                    1.44 kB │ gzip:   0.69 kB
clubs:build: dist/assets/training-CYuCURIa.js                          1.57 kB │ gzip:   0.80 kB
clubs:build: dist/assets/home-CLVBc5a3.js                              1.59 kB │ gzip:   0.79 kB
clubs:build: dist/assets/training-DhvOYmdN.js                          1.62 kB │ gzip:   0.85 kB
clubs:build: dist/assets/training-B5riWOVN.js                          1.63 kB │ gzip:   0.86 kB
clubs:build: dist/assets/home-DIaHUeYG.js                              1.65 kB │ gzip:   0.84 kB
clubs:build: dist/assets/home-vQT0WHAi.js                              1.67 kB │ gzip:   0.84 kB
clubs:build: dist/assets/activities-_j5UPNJ2.js                        1.79 kB │ gzip:   0.83 kB
clubs:build: dist/assets/activities-D_fvQi10.js                        1.86 kB │ gzip:   0.91 kB
clubs:build: dist/assets/activities-BKuUowmB.js                        1.88 kB │ gzip:   0.91 kB
clubs:build: dist/assets/admin-dashboard-VZhOZ68T.js                   2.07 kB │ gzip:   1.02 kB
clubs:build: dist/assets/admin-dashboard-MI69Hia9.js                   2.13 kB │ gzip:   1.10 kB
clubs:build: dist/assets/admin-dashboard-DNVY2TkD.js                   2.18 kB │ gzip:   1.11 kB
clubs:build: dist/assets/id-cJQwgM2i.js                                2.89 kB │ gzip:   1.28 kB
clubs:build: dist/assets/id-Dio3OKNo.js                                3.04 kB │ gzip:   1.41 kB
clubs:build: dist/assets/id-Rnv2hXs4.js                                3.10 kB │ gzip:   1.42 kB
clubs:build: dist/assets/admin-messaging-Deb_qeG3.js                   4.53 kB │ gzip:   1.87 kB
clubs:build: dist/assets/admin-messaging-BzpSHSUj.js                   4.70 kB │ gzip:   2.01 kB
clubs:build: dist/assets/admin-messaging-dXGlHtst.js                   4.79 kB │ gzip:   2.03 kB
clubs:build: dist/assets/booking-C2JFywZY.js                           4.84 kB │ gzip:   1.84 kB
clubs:build: dist/assets/auth-C10lCXDJ.js                              5.05 kB │ gzip:   2.14 kB
clubs:build: dist/assets/booking-BnHoP-fw.js                           5.18 kB │ gzip:   2.03 kB
clubs:build: dist/assets/booking-oFemWAlT.js                           5.19 kB │ gzip:   2.03 kB
clubs:build: dist/assets/admin-catalogs-p29fM8xq.js                    5.41 kB │ gzip:   2.01 kB
clubs:build: dist/assets/auth-Uy3Y-og8.js                              5.63 kB │ gzip:   2.37 kB
clubs:build: dist/assets/signup-BkgU37Eh.js                            5.63 kB │ gzip:   2.54 kB
clubs:build: dist/assets/workbox-window.prod.es5-Bd17z0YL.js           5.65 kB │ gzip:   2.20 kB
clubs:build: dist/assets/admin-catalogs-dZtpqy8S.js                    5.67 kB │ gzip:   2.23 kB
clubs:build: dist/assets/admin-audit-DY0X8EOb.js                       5.68 kB │ gzip:   2.37 kB
clubs:build: dist/assets/auth-DU3LoyRH.js                              5.70 kB │ gzip:   2.38 kB
clubs:build: dist/assets/admin-catalogs-D4wG5vIy.js                    5.87 kB │ gzip:   2.26 kB
clubs:build: dist/assets/signup-Bi4UbtBk.js                            5.88 kB │ gzip:   2.80 kB
clubs:build: dist/assets/signup-DQ9RZKro.js                            5.97 kB │ gzip:   2.82 kB
clubs:build: dist/assets/admin-activities-Cmq1QEmn.js                  6.01 kB │ gzip:   2.42 kB
clubs:build: dist/assets/admin-activities-p-Yew4Zm.js                  6.17 kB │ gzip:   2.62 kB
clubs:build: dist/assets/admin-audit-BH-XD2BI.js                       6.19 kB │ gzip:   2.60 kB
clubs:build: dist/assets/admin-audit-CaX7fz6F.js                       6.30 kB │ gzip:   2.62 kB
clubs:build: dist/assets/admin-activities-7OuSwNid.js                  6.38 kB │ gzip:   2.68 kB
clubs:build: dist/assets/census-Bur0wGCG.js                            6.46 kB │ gzip:   2.52 kB
clubs:build: dist/assets/census-J8mVT_14.js                            6.81 kB │ gzip:   2.77 kB
clubs:build: dist/assets/census-CazzAc0I.js                            7.00 kB │ gzip:   2.82 kB
clubs:build: dist/assets/enums-Bdvw4838.js                             7.24 kB │ gzip:   3.06 kB
clubs:build: dist/assets/enums-CI0rJjwt.js                             7.45 kB │ gzip:   3.18 kB
clubs:build: dist/assets/enums-oWSHW7AF.js                             7.49 kB │ gzip:   3.18 kB
clubs:build: dist/assets/admin-scheduling-nhXWwjRG.js                  8.23 kB │ gzip:   3.04 kB
clubs:build: dist/assets/admin-scheduling-DeLeUPtJ.js                  8.64 kB │ gzip:   3.30 kB
clubs:build: dist/assets/admin-scheduling-BhSriSnV.js                  8.64 kB │ gzip:   3.31 kB
clubs:build: dist/assets/instructor-Drv5FS73.js                        8.95 kB │ gzip:   3.24 kB
clubs:build: dist/assets/instructor-C9Nzp3I-.js                        9.33 kB │ gzip:   3.45 kB
clubs:build: dist/assets/instructor-DOywIQyk.js                        9.43 kB │ gzip:   3.47 kB
clubs:build: dist/assets/admin-billing-CKR3l-0j.js                     9.75 kB │ gzip:   3.44 kB
clubs:build: dist/assets/admin-billing-BVs2da4o.js                     9.95 kB │ gzip:   3.75 kB
clubs:build: dist/assets/admin-billing-B9Brj-Vj.js                    10.16 kB │ gzip:   3.78 kB
clubs:build: dist/assets/admin-census-CTOnFuNR.js                     12.15 kB │ gzip:   4.73 kB
clubs:build: dist/assets/admin-census-BvFfCXDl.js                     12.93 kB │ gzip:   5.07 kB
clubs:build: dist/assets/admin-census-DM-Dl984.js                     13.32 kB │ gzip:   5.18 kB
clubs:build: dist/assets/errors-DLyAknxo.js                           21.99 kB │ gzip:   7.18 kB
clubs:build: dist/assets/admin-settings-BlVOTC-v.js                   22.92 kB │ gzip:   7.95 kB
clubs:build: dist/assets/errors-Bvp7svDM.js                           23.31 kB │ gzip:   7.57 kB
clubs:build: dist/assets/errors-QdWmQXin.js                           23.32 kB │ gzip:   7.54 kB
clubs:build: dist/assets/admin-settings-Cq0ZFrDH.js                   24.62 kB │ gzip:   8.62 kB
clubs:build: dist/assets/admin-settings-wvO4u_TR.js                   25.08 kB │ gzip:   8.63 kB
clubs:build: dist/assets/index-BWZnj4Zj.js                           650.79 kB │ gzip: 187.50 kB
clubs:build: 
clubs:build: [33m[INEFFECTIVE_DYNAMIC_IMPORT] [0m../../packages/i18n/src/locales/ca/common.json is dynamically imported by ../../packages/i18n/src/resources.ts but also statically imported by ../../packages/i18n/src/catalog.ts, dynamic import will not move module into another chunk.
clubs:build: 
clubs:build: [plugin builtin:vite-reporter] 
clubs:build: (!) Some chunks are larger than 500 kB after minification. Consider:
clubs:build: - Using dynamic import() to code-split the application
clubs:build: - Use build.rolldownOptions.output.codeSplitting to improve chunking: https://rolldown.rs/reference/OutputOptions.codeSplitting
clubs:build: - Adjust chunk size limit for this warning via build.chunkSizeWarningLimit.
clubs:build: [33m[INEFFECTIVE_DYNAMIC_IMPORT] [0m../../packages/i18n/src/locales/ca/shell.json is dynamically imported by ../../packages/i18n/src/resources.ts but also statically imported by ../../packages/i18n/src/catalog.ts, dynamic import will not move module into another chunk.
clubs:build: 
clubs:build: [33m[INEFFECTIVE_DYNAMIC_IMPORT] [0m../../packages/i18n/src/locales/en/common.json is dynamically imported by ../../packages/i18n/src/resources.ts but also statically imported by ../../packages/i18n/src/catalog.ts, dynamic import will not move module into another chunk.
clubs:build: 
clubs:build: [33m[INEFFECTIVE_DYNAMIC_IMPORT] [0m../../packages/i18n/src/locales/en/shell.json is dynamically imported by ../../packages/i18n/src/resources.ts but also statically imported by ../../packages/i18n/src/catalog.ts, dynamic import will not move module into another chunk.
clubs:build: 
clubs:build: [33m[INEFFECTIVE_DYNAMIC_IMPORT] [0m../../packages/i18n/src/locales/es/common.json is dynamically imported by ../../packages/i18n/src/resources.ts but also statically imported by ../../packages/i18n/src/catalog.ts, dynamic import will not move module into another chunk.
clubs:build: 
clubs:build: [33m[INEFFECTIVE_DYNAMIC_IMPORT] [0m../../packages/i18n/src/locales/es/shell.json is dynamically imported by ../../packages/i18n/src/resources.ts but also statically imported by ../../packages/i18n/src/catalog.ts, dynamic import will not move module into another chunk.
clubs:build: 
clubs:build: ✓ built in 233ms
@agilityhub/auth:test:  ✓ src/auth-client.test.ts (27 tests) 968ms
@agilityhub/auth:test:    ✓ T-01-11 E4-W16 round 2 #1 (S01 R-01-09, E47): a transient /me failure after a handoff never falls back to the cookie (3)
@agilityhub/auth:test:      ✓ /me keeps failing: the exchange rejects but the tab keeps that session, restores never read the cookie (also after a reload), and retryHandoff enters it 312ms
@agilityhub/auth:test: 
@agilityhub/auth:test:  Test Files  2 passed (2)
@agilityhub/auth:test:       Tests  32 passed (32)
@agilityhub/auth:test:    Start at  08:14:18
@agilityhub/auth:test:    Duration  1.86s (tests 41%, environment 37%, transform 12%, import 10%)
@agilityhub/auth:test: 
clubs:test: cache miss, executing b959b57d9724da00
id:typecheck: cache miss, executing d719d4806982dc65
clubs:typecheck: cache miss, executing 8231a7098a0813ed
clubs-admin:test: cache miss, executing a33ad4f2b3b2c786
id:test: cache miss, executing 15c52612bbb218e8
clubs-admin:typecheck: cache miss, executing 2574b580adc09a6b
id:test: 
id:test: > id@0.0.0 test /Users/jordib/dev/agilityhub/agilityhub-core-web/apps/id
id:test: > vitest run
id:test: 
clubs-admin:typecheck: 
clubs-admin:typecheck: > clubs-admin@0.0.0 typecheck /Users/jordib/dev/agilityhub/agilityhub-core-web/apps/clubs-admin
clubs-admin:typecheck: > tsc --noEmit
clubs-admin:typecheck: 
clubs-admin:test: 
clubs-admin:test: > clubs-admin@0.0.0 test /Users/jordib/dev/agilityhub/agilityhub-core-web/apps/clubs-admin
clubs-admin:test: > vitest run
clubs-admin:test: 
id:typecheck: 
id:typecheck: > id@0.0.0 typecheck /Users/jordib/dev/agilityhub/agilityhub-core-web/apps/id
id:typecheck: > tsc --noEmit
id:typecheck: 
clubs:typecheck: 
clubs:typecheck: > clubs@0.0.0 typecheck /Users/jordib/dev/agilityhub/agilityhub-core-web/apps/clubs
clubs:typecheck: > tsc --noEmit
clubs:typecheck: 
clubs:test: 
clubs:test: > clubs@0.0.0 test /Users/jordib/dev/agilityhub/agilityhub-core-web/apps/clubs
clubs:test: > vitest run
clubs:test: 
clubs:build: 
clubs:build: PWA v1.3.0
clubs:build: Building src/sw.ts service worker ("es" format)...
clubs:build: vite v8.2.2 building client environment for production...
clubs:build: 
clubs:build:  WARN  inlineDynamicImports option is deprecated, please use codeSplitting: false instead.
clubs:build: 
clubs:build: transforming...
clubs:build: ✓ 60 modules transformed.
clubs:build: rendering chunks...
clubs:build: computing gzip size...
clubs:build: dist/sw.mjs  17.90 kB │ gzip: 6.01 kB
clubs:build: 
clubs:build: ✓ built in 17ms
clubs:build: 
clubs:build: PWA v1.3.0
clubs:build: mode      injectManifest
clubs:build: format:   es
clubs:build: precache  74 entries (1210.59 KiB)
clubs:build: files generated
clubs:build:   dist/sw.js
clubs-admin:test: 
clubs-admin:test:  RUN  v5.0.0 /Users/jordib/dev/agilityhub/agilityhub-core-web/apps/clubs-admin
clubs-admin:test: 
clubs:test: 
clubs:test:  RUN  v5.0.0 /Users/jordib/dev/agilityhub/agilityhub-core-web/apps/clubs
clubs:test: 
id:test: 
id:test:  RUN  v5.0.0 /Users/jordib/dev/agilityhub/agilityhub-core-web/apps/id
id:test: 
id:test:  ✓ src/App.test.tsx (9 tests) 666ms
id:test: 
id:test:  Test Files  1 passed (1)
id:test:       Tests  9 passed (9)
id:test:    Start at  08:14:21
id:test:    Duration  4.72s (environment 49%, transform 23%, tests 15%, setup 11%, import 2%)
id:test: 
clubs-admin:build: vite v8.2.2 building client environment for production...
clubs-admin:build: transforming...
clubs-admin:build: ✓ 307 modules transformed.
clubs-admin:build: rendering chunks...
clubs-admin:build: computing gzip size...
clubs-admin:build: dist/index.html                                             2.65 kB │ gzip:   0.91 kB
clubs-admin:build: dist/assets/sprite-BOr1Ydze.svg                             5.78 kB │ gzip:   1.52 kB
clubs-admin:build: dist/assets/montserrat-latin-600-normal-UVxSCcoG.woff2     18.68 kB
clubs-admin:build: dist/assets/montserrat-latin-500-normal-DRFEGfly.woff2     18.74 kB
clubs-admin:build: dist/assets/montserrat-latin-400-normal-BLhwKU8k.woff2     18.78 kB
clubs-admin:build: dist/assets/montserrat-latin-700-normal-BdjcYUrC.woff2     18.82 kB
clubs-admin:build: dist/assets/montserrat-latin-600-normal-CdhFl4lI.woff      20.54 kB
clubs-admin:build: dist/assets/montserrat-latin-500-normal-Dok2oTci.woff      20.60 kB
clubs-admin:build: dist/assets/montserrat-latin-400-normal-xItZbAXg.woff      20.64 kB
clubs-admin:build: dist/assets/montserrat-latin-700-normal-BWkrl476.woff      20.67 kB
clubs-admin:build: dist/assets/index-D_RSZIri.css                            132.92 kB │ gzip:  20.03 kB
clubs-admin:build: dist/assets/notifications-ChKXsAvB.js                       0.75 kB │ gzip:   0.47 kB
clubs-admin:build: dist/assets/notifications-dxKZmlHL.js                       0.75 kB │ gzip:   0.43 kB
clubs-admin:build: dist/assets/notifications-BP8GtpgC.js                       0.75 kB │ gzip:   0.47 kB
clubs-admin:build: dist/assets/history-B1Xz7N4l.js                             1.27 kB │ gzip:   0.65 kB
clubs-admin:build: dist/assets/history-D5FndTjo.js                             1.32 kB │ gzip:   0.68 kB
clubs-admin:build: dist/assets/admin-training-DDv2dFuD.js                      1.35 kB │ gzip:   0.63 kB
clubs-admin:build: dist/assets/history-Bs5JKpAd.js                             1.35 kB │ gzip:   0.69 kB
clubs-admin:build: dist/assets/admin-training-Du9KAoeO.js                      1.42 kB │ gzip:   0.68 kB
clubs-admin:build: dist/assets/admin-training-CtWdBvS6.js                      1.44 kB │ gzip:   0.69 kB
clubs-admin:build: dist/assets/training-CYuCURIa.js                            1.57 kB │ gzip:   0.80 kB
clubs-admin:build: dist/assets/home-CLVBc5a3.js                                1.59 kB │ gzip:   0.79 kB
clubs-admin:build: dist/assets/training-DhvOYmdN.js                            1.62 kB │ gzip:   0.85 kB
clubs-admin:build: dist/assets/training-B5riWOVN.js                            1.63 kB │ gzip:   0.86 kB
clubs-admin:build: dist/assets/home-DIaHUeYG.js                                1.65 kB │ gzip:   0.84 kB
clubs-admin:build: dist/assets/home-vQT0WHAi.js                                1.67 kB │ gzip:   0.84 kB
clubs-admin:build: dist/assets/activities-_j5UPNJ2.js                          1.79 kB │ gzip:   0.83 kB
clubs-admin:build: dist/assets/activities-D_fvQi10.js                          1.86 kB │ gzip:   0.91 kB
clubs-admin:build: dist/assets/activities-BKuUowmB.js                          1.88 kB │ gzip:   0.91 kB
clubs-admin:build: dist/assets/admin-dashboard-VZhOZ68T.js                     2.07 kB │ gzip:   1.02 kB
clubs-admin:build: dist/assets/admin-dashboard-MI69Hia9.js                     2.13 kB │ gzip:   1.10 kB
clubs-admin:build: dist/assets/admin-dashboard-DNVY2TkD.js                     2.18 kB │ gzip:   1.11 kB
clubs-admin:build: dist/assets/id-cJQwgM2i.js                                  2.89 kB │ gzip:   1.28 kB
clubs-admin:build: dist/assets/id-Dio3OKNo.js                                  3.04 kB │ gzip:   1.41 kB
clubs-admin:build: dist/assets/id-Rnv2hXs4.js                                  3.10 kB │ gzip:   1.42 kB
clubs-admin:build: dist/assets/admin-messaging-Deb_qeG3.js                     4.53 kB │ gzip:   1.87 kB
clubs-admin:build: dist/assets/admin-messaging-BzpSHSUj.js                     4.70 kB │ gzip:   2.01 kB
clubs-admin:build: dist/assets/admin-messaging-dXGlHtst.js                     4.79 kB │ gzip:   2.03 kB
clubs-admin:build: dist/assets/booking-C2JFywZY.js                             4.84 kB │ gzip:   1.84 kB
clubs-admin:build: dist/assets/auth-C10lCXDJ.js                                5.05 kB │ gzip:   2.14 kB
clubs-admin:build: dist/assets/booking-BnHoP-fw.js                             5.18 kB │ gzip:   2.03 kB
clubs-admin:build: dist/assets/booking-oFemWAlT.js                             5.19 kB │ gzip:   2.03 kB
clubs-admin:build: dist/assets/admin-catalogs-p29fM8xq.js                      5.41 kB │ gzip:   2.01 kB
clubs-admin:build: dist/assets/auth-Uy3Y-og8.js                                5.63 kB │ gzip:   2.37 kB
clubs-admin:build: dist/assets/signup-BkgU37Eh.js                              5.63 kB │ gzip:   2.54 kB
clubs-admin:build: dist/assets/admin-catalogs-dZtpqy8S.js                      5.67 kB │ gzip:   2.23 kB
clubs-admin:build: dist/assets/admin-audit-DY0X8EOb.js                         5.68 kB │ gzip:   2.37 kB
clubs-admin:build: dist/assets/auth-DU3LoyRH.js                                5.70 kB │ gzip:   2.38 kB
clubs-admin:build: dist/assets/admin-catalogs-D4wG5vIy.js                      5.87 kB │ gzip:   2.26 kB
clubs-admin:build: dist/assets/signup-Bi4UbtBk.js                              5.88 kB │ gzip:   2.80 kB
clubs-admin:build: dist/assets/signup-DQ9RZKro.js                              5.97 kB │ gzip:   2.82 kB
clubs-admin:build: dist/assets/admin-activities-Cmq1QEmn.js                    6.01 kB │ gzip:   2.42 kB
clubs-admin:build: dist/assets/admin-activities-p-Yew4Zm.js                    6.17 kB │ gzip:   2.62 kB
clubs-admin:build: dist/assets/admin-audit-BH-XD2BI.js                         6.19 kB │ gzip:   2.60 kB
clubs-admin:build: dist/assets/admin-audit-CaX7fz6F.js                         6.30 kB │ gzip:   2.62 kB
clubs-admin:build: dist/assets/admin-activities-7OuSwNid.js                    6.38 kB │ gzip:   2.68 kB
clubs-admin:build: dist/assets/census-Bur0wGCG.js                              6.46 kB │ gzip:   2.52 kB
clubs-admin:build: dist/assets/census-J8mVT_14.js                              6.81 kB │ gzip:   2.77 kB
clubs-admin:build: dist/assets/census-CazzAc0I.js                              7.00 kB │ gzip:   2.82 kB
clubs-admin:build: dist/assets/enums-Bdvw4838.js                               7.24 kB │ gzip:   3.06 kB
clubs-admin:build: dist/assets/enums-CI0rJjwt.js                               7.45 kB │ gzip:   3.18 kB
clubs-admin:build: dist/assets/enums-oWSHW7AF.js                               7.49 kB │ gzip:   3.18 kB
clubs-admin:build: dist/assets/admin-scheduling-nhXWwjRG.js                    8.23 kB │ gzip:   3.04 kB
clubs-admin:build: dist/assets/admin-scheduling-DeLeUPtJ.js                    8.64 kB │ gzip:   3.30 kB
clubs-admin:build: dist/assets/admin-scheduling-BhSriSnV.js                    8.64 kB │ gzip:   3.31 kB
clubs-admin:build: dist/assets/instructor-Drv5FS73.js                          8.95 kB │ gzip:   3.24 kB
clubs-admin:build: dist/assets/instructor-C9Nzp3I-.js                          9.33 kB │ gzip:   3.45 kB
clubs-admin:build: dist/assets/instructor-DOywIQyk.js                          9.43 kB │ gzip:   3.47 kB
clubs-admin:build: dist/assets/admin-billing-CKR3l-0j.js                       9.75 kB │ gzip:   3.44 kB
clubs-admin:build: dist/assets/admin-billing-BVs2da4o.js                       9.95 kB │ gzip:   3.75 kB
clubs-admin:build: dist/assets/admin-billing-B9Brj-Vj.js                      10.16 kB │ gzip:   3.78 kB
clubs-admin:build: dist/assets/admin-census-CTOnFuNR.js                       12.15 kB │ gzip:   4.73 kB
clubs-admin:build: dist/assets/admin-census-BvFfCXDl.js                       12.93 kB │ gzip:   5.07 kB
clubs-admin:build: dist/assets/admin-census-DM-Dl984.js                       13.32 kB │ gzip:   5.18 kB
clubs-admin:build: dist/assets/errors-DLyAknxo.js                             21.99 kB │ gzip:   7.18 kB
clubs-admin:build: dist/assets/admin-settings-BlVOTC-v.js                     22.92 kB │ gzip:   7.95 kB
clubs-admin:build: dist/assets/errors-Bvp7svDM.js                             23.31 kB │ gzip:   7.57 kB
clubs-admin:build: dist/assets/errors-QdWmQXin.js                             23.32 kB │ gzip:   7.54 kB
clubs-admin:build: dist/assets/admin-settings-Cq0ZFrDH.js                     24.62 kB │ gzip:   8.62 kB
clubs-admin:build: dist/assets/admin-settings-wvO4u_TR.js                     25.08 kB │ gzip:   8.63 kB
clubs-admin:build: dist/assets/index-G25TrfPw.js                           1,199.80 kB │ gzip: 412.31 kB
clubs-admin:build: 
clubs-admin:build: [33m[INEFFECTIVE_DYNAMIC_IMPORT] [0m../../packages/i18n/src/locales/ca/common.json is dynamically imported by ../../packages/i18n/src/resources.ts but also statically imported by ../../packages/i18n/src/catalog.ts, dynamic import will not move module into another chunk.
clubs-admin:build: 
clubs-admin:build: [plugin builtin:vite-reporter] 
clubs-admin:build: (!) Some chunks are larger than 500 kB after minification. Consider:
clubs-admin:build: - Using dynamic import() to code-split the application
clubs-admin:build: - Use build.rolldownOptions.output.codeSplitting to improve chunking: https://rolldown.rs/reference/OutputOptions.codeSplitting
clubs-admin:build: - Adjust chunk size limit for this warning via build.chunkSizeWarningLimit.
clubs-admin:build: [33m[INEFFECTIVE_DYNAMIC_IMPORT] [0m../../packages/i18n/src/locales/ca/shell.json is dynamically imported by ../../packages/i18n/src/resources.ts but also statically imported by ../../packages/i18n/src/catalog.ts, dynamic import will not move module into another chunk.
clubs-admin:build: 
clubs-admin:build: [33m[INEFFECTIVE_DYNAMIC_IMPORT] [0m../../packages/i18n/src/locales/en/common.json is dynamically imported by ../../packages/i18n/src/resources.ts but also statically imported by ../../packages/i18n/src/catalog.ts, dynamic import will not move module into another chunk.
clubs-admin:build: 
clubs-admin:build: [33m[INEFFECTIVE_DYNAMIC_IMPORT] [0m../../packages/i18n/src/locales/en/shell.json is dynamically imported by ../../packages/i18n/src/resources.ts but also statically imported by ../../packages/i18n/src/catalog.ts, dynamic import will not move module into another chunk.
clubs-admin:build: 
clubs-admin:build: [33m[INEFFECTIVE_DYNAMIC_IMPORT] [0m../../packages/i18n/src/locales/es/common.json is dynamically imported by ../../packages/i18n/src/resources.ts but also statically imported by ../../packages/i18n/src/catalog.ts, dynamic import will not move module into another chunk.
clubs-admin:build: 
clubs-admin:build: [33m[INEFFECTIVE_DYNAMIC_IMPORT] [0m../../packages/i18n/src/locales/es/shell.json is dynamically imported by ../../packages/i18n/src/resources.ts but also statically imported by ../../packages/i18n/src/catalog.ts, dynamic import will not move module into another chunk.
clubs-admin:build: 
clubs-admin:build: ✓ built in 1.10s
clubs-admin:test: Not implemented: navigation to another Document
clubs:test:  ✓ src/today/TodayPage.test.tsx (18 tests) 2646ms
clubs:test:    ✓ T-06-29 screen 10 «Classes del dia» (18)
clubs:test:      ✓ draws the mockup grid with identical ring columns, the date header and the week chips 316ms
clubs:test:      ✓ moves by chips and arrows (Sunday only by the arrows) and keeps ?date in the address 337ms
clubs:test:  ✓ src/training/TrainingDetailPage.test.tsx (8 tests) 2476ms
clubs:test:    ✓ S09 training booking detail (/entrenaments/:id, the 07 pattern, R-09-10) (6)
clubs:test:      ✓ a future booking: title, state, line, who booked it, and the cancellation back to 03 909ms
clubs:test:      ✓ 409 INVALID_STATE: the message and the booking read again (cancelled elsewhere) 312ms
clubs:test:    ✓ E7-W07 step 4 (CONVENCIONS_API §7, E74, E80, E85): the training cancellation follows the shared submission-key rule (1)
clubs:test:      ✓ T-09-25 E7-W07 step 4 (CONVENCIONS_API §7, E85): [ANUL·LA] sends an Idempotency-Key, keeps it through IN_PROGRESS («L'operació encara està en curs…») and a 503 with the api's body, and a 422 TRAINING_CANCEL_TOO_LATE retires it, so the same cancellation sent again takes a new key 327ms
clubs:test:  ✓ src/history/history.test.tsx (17 tests) 2673ms
clubs:test:    ✓ T-10-31 screen 25 «Històric» (S10 §2, R-10-14) (11)
clubs:test:      ✓ mockup 25: the three dogs with «Tots» pressed by default, the four type chips, the window caption and the seven rows with their exact badges and lines 477ms
clubs:test:  ✓ src/booking/home.test.tsx (12 tests) 2835ms
clubs:test:    ✓ screen 03 «Inici» (S08 §2, R-08-02, R-08-20, R-08-23) (9)
clubs:test:      ✓ the greeting and the bell, «Tots» last and pressed, the counters and the rows as the api delivers them 952ms
clubs:test:      ✓ a dog selected: its rows without « · amb …» and the member's activity still there (the api keeps it), its counters, and «Tots» brings them back 327ms
clubs:test:  ✓ src/booking/book.test.tsx (11 tests) 3049ms
clubs:test:    ✓ T-08-37 screen 04 «Reservar»: every row state with its mockup badge (S08 §2, R-08-03) (11)
clubs:test:      ✓ Duna: the chips without «Tots», the pack, the intro, the activities and the six rows (mockup 04's, with «ds 8» a normal row: E7-W07 step 6, ruling E85) 629ms
clubs:test:      ✓ Rock: «Sense sessions» is inert with an expiring pack; Toby: the block banner and inert rows without a badge 372ms
clubs:test:      ✓ WAITLIST_OPEN asks first, joins with the selected dog, then the row leaves the list with «Ets a la llista d'espera» 381ms
clubs:test:      ✓ E7-W06 step 3 (E7-W05 review #2): a join whose reload fails shows 04's error with a retry, never the joined row next to the notice; the retry reads the list again without it 339ms
clubs:test:  ✓ src/activities/activities.test.tsx (30 tests) 3676ms
clubs:test:    ✓ T-07-30 app: block «Activitats» of 04, detail, rows of 03 and 25 (19)
clubs:test:      ✓ OPEN: [INSCRIU-M'HI] registers and then offers [ANUL·LA LA INSCRIPCIÓ] 311ms
clubs:test:      ✓ registered: [ANUL·LA LA INSCRIPCIÓ] with confirmation; after the start, the contact text 303ms
clubs:test:    ✓ E7-W07 step 4 (CONVENCIONS_API §7, E74, E80, E85): 13's registration keeps one key per submission (1)
clubs:test:      ✓ T-07-30 T-07-14 E7-W07 step 4 (CONVENCIONS_API §7, E85): [INSCRIU-M'HI] keeps its Idempotency-Key through a network failure, IN_PROGRESS («L'operació encara està en curs…») and a 503 with the api's body; a 422 BOOKING_BLOCKED retires it, so the same registration sent again takes a new key 318ms
clubs:test:  ✓ src/today/OverviewPage.test.tsx (12 tests) 4356ms
clubs:test:    ✓ T-06-29 screen 23 «Visió global» (9)
clubs:test:      ✓ shows n/n +e with the planned instructor, training names, the block and the cancelled class 326ms
clubs:test:      ✓ E5-W03 step 1 lists the class's registrants and the «En espera» line in the drawer, read-only (S08 §6) 444ms
clubs:test:      ✓ E5-W05 round 2 #3: the drawer's level chips are the dogs' own levels (Duna «C»), and none in a club with levels.enabled = false 671ms
clubs:test:      ✓ E5-W05 steps 1 and 2: the drawer's chips read displayState («feta», «no presentat»), the level chip is levelCode (none when null), and «En espera: {guia} + {gos}» with the FIFO position 334ms
clubs:test:      ✓ opens the block drawer and cancels the block (POST /ring-blocks/{id}/cancellation) 313ms
clubs:test:    ✓ T-06-29 E4-W14 screen 23's drawer: the instructors' label follows the count, the names are a list (1)
clubs:test:      ✓ ca «Instructor: Marc» / «Instructors: Marc i Núria»; es «Instructores: Marc y Núria»; en «Instructors: Marc and Núria» 1212ms
clubs:test:  ✓ src/booking/detail.test.tsx (25 tests) 4477ms
clubs:test:    ✓ T-08-39 screen 07: the booking, who booked it, and its cancellation (R-08-10) (18)
clubs:test:      ✓ E5-W05 step 8: shows the mockup card, and a cancellation in time asks first and leaves the green note, which names no week («pots reservar una altra classe.») 795ms
clubs:test:      ✓ inside the 4 h threshold the dialog warns, and the late note names «4 hores» 354ms
clubs:test:      ✓ a booking cancelled by a swap, opened later: its state chip only, no «dins el termini» note (review #4) 581ms
clubs-admin:test:  ✓ src/audit/AuditPage.test.tsx (9 tests) 5292ms
clubs-admin:test:    ✓ T-14-26 member audit and exports (8)
clubs-admin:test:      ✓ filters by action and opens the masked before/after change drawer 871ms
clubs-admin:test:      ✓ E4-W15 step 8 (E4-W13 report, question 4): «Entitat» and «Actor» ask for the keys they fall back to, entityType and actorRole 482ms
clubs-admin:test:      ✓ opens the exports drawer for a queued job and exposes its READY download 1939ms
clubs-admin:test:      ✓ shows the catalogued EXPORT_LIMIT explanation in the exports drawer 541ms
clubs-admin:test:      ✓ routes a queued members list export into the global drawer 538ms
clubs-admin:test:      ✓ routes a queued dogs list export into the global drawer 553ms
clubs:test:  ✓ src/today/literals.test.ts (2 tests) 152ms
clubs-admin:test:  ✓ src/census/CensusListPage.test.tsx (4 tests) 6246ms
clubs-admin:test:    ✓ T-03-38 D5 universal member list (3)
clubs-admin:test:      ✓ renders applied filters and preserves selection when page size changes 1621ms
clubs-admin:test:      ✓ E4-W12 step 5: a fresh /abonats applies only the status chip «Alta», so a club whose plan ids differ from the fixture's lists its members 465ms
clubs-admin:test:      ✓ toggles visible columns and synchronizes the ordered fields to the URL 1053ms
clubs-admin:test:    ✓ T-03-42 D15 translated dog list (1)
clubs-admin:test:      ✓ renders the approved columns and dog record links 3102ms
clubs:test:  ✓ src/notifications/push.test.ts (13 tests) 302ms
clubs:test:  ✓ src/instructor/attendance-rows.test.tsx (1 test) 653ms
clubs:test:    ✓ T-10-27 E7-W06 step 5 (ruling E82, E6-W04 Q6): stable data attributes on screen 21's rows (1)
clubs:test:      ✓ E7-W06 step 5: each attendance row carries its booking's id and the state it shows (data-booking-id, data-attendance-state); a tap changes the state, and the saved list keeps it 651ms
clubs:test:  ✓ src/dog-tasks-contrast.test.ts (4 tests) 5ms
clubs:test:  ✓ src/InfoPage.test.tsx (5 tests) 799ms
clubs:test:    ✓ T-05-CP-07 screen 30 Info (2)
clubs:test:      ✓ shows FAQ, rules and other active pages only 541ms
clubs:test:  ✓ src/UnsubscribePage.test.tsx (4 tests) 715ms
clubs:test:    ✓ E7-W02 step 10 · the e-mail unsubscribe page /comunicats/baixa (S11 R-11-08) (4)
clubs:test:      ✓ 200: sends the token once and confirms, with a way to the «Avisos» of 12 for a session 511ms
clubs:test:  ✓ src/booking/confirm.test.tsx (22 tests) 6487ms
clubs:test:    ✓ T-08-36 the 30 s hold counts on the api clock, not the device's (R-08-07) (2)
clubs:test:      ✓ a device clock 5 min ahead still starts at 0:30, reaches 0 at the right instant, then the red note returns to 04 472ms
clubs:test:      ✓ 409 SEAT_HOLD_EXPIRED on the confirmation shows the same red note 601ms
clubs:test:    ✓ T-08-38 screen 06: the swap when the week's limit is reached (R-08-09) (4)
clubs:test:      ✓ single selection among the swappable bookings, the button names both days, then the swap is confirmed 707ms
clubs:test:      ✓ «CANCEL·LAR LA NOVA RESERVA» releases the hold (DELETE) and goes back to 04 404ms
clubs:test:      ✓ the back gesture leaves the page and releases the hold too 312ms
clubs:test:    ✓ 29: the normal confirmation and the informative variants (S08 §2 29, decision B1) (8)
clubs:test:      ✓ normal: no swap, «CONFIRMAR LA RESERVA», then the calendar links and the booking 380ms
clubs:test:    ✓ R-08-18 SINGLE_CLASS on 29, and one Idempotency-Key per payload (R-08-08) (4)
clubs:test:      ✓ a confirmation that fails on the way stays on the page, and its retry sends the same key 309ms
clubs:test:    ✓ T-08-16 E7-W06 step 1 (CONVENCIONS_API §7, E74, E79, E80): 06/29's booking keeps its key on IN_PROGRESS (2)
clubs:test:      ✓ E7-W06 step 1: 06's booking stays on the page with its Idempotency-Key on IN_PROGRESS (no return to 04), says «L'operació encara està en curs…», the retry sends the same key, and the same booking after the api's answer takes a new key 307ms
clubs:test:  ✓ src/training/i18n.test.tsx (4 tests) 1115ms
clubs:test:    ✓ T-09-41 training and instructor vocabulary, locales and club time zone (4)
clubs:test:      ✓ formats in the club's zone, never the viewer's: an October 06:30Z slot reads «8:30» 910ms
clubs:test:  ✓ src/notifications/locales.test.tsx (6 tests) 1697ms
clubs:test:    ✓ E7-W02 round 2 #6 · screens 11, 12 and the unsubscribe page in es and en (Definition of Done) (6)
clubs:test:      ✓ E7-W02 round 2 #6 (es): the feed, its actions and a club without SMS 939ms
clubs:test:      ✓ E7-W02 round 2 #6 (en): the feed, its actions and a club without SMS 364ms
clubs:test:  ✓ src/instructor/RingBlockPage.test.tsx (11 tests) 6756ms
clubs:test:    ✓ screen 24 «Reservar o bloquejar pista» (S09 §2 row 24, R-09-11) (9)
clubs:test:      ✓ «Reserva de pista» first with its four reasons; «Bloqueig» hides them and offers its two 951ms
clubs:test:      ✓ a contiguous selection writes the summary and posts the block, then 23 with its toast 1028ms
clubs:test:      ✓ 409 RING_BLOCK_CONFLICT marks the conflicting cells, lists the overlaps and reads the grid again 1151ms
clubs:test:      ✓ 422 RING_HAS_BOOKINGS: the instructor is told to ask the administration, and nothing forces it 488ms
clubs:test:      ✓ FREE_TRAINING off: only «Bloqueig», and the times are taken without a grid (the api validates) 466ms
clubs:test:      ✓ E5-W02 round 2 · review #5: without a grid the band's last half hour can be taken (13:30–14:00) 384ms
clubs:test:      ✓ while the block is sent the button is busy and the grid, kinds and rings are inert 526ms
clubs:test:      ✓ a time refusal is shown by code (400 INVALID_TIME_RANGE), and a lost answer keeps its key 449ms
clubs:test:    ✓ T-09-40 E7-W06 step 1 (CONVENCIONS_API §7, E79, E80): 24's block keeps its key on IN_PROGRESS (2)
clubs:test:      ✓ E7-W06 step 1: 24's ring block keeps its Idempotency-Key on IN_PROGRESS, says «L'operació encara està en curs…», the retry sends the same key, and the same block after the api's answer takes a new key 610ms
clubs:test:      ✓ E7-W07 step 4 (CONVENCIONS_API §7, E85; R-09-11): a 503 with the api's body keeps 24's key — the retry sends the same one; a 422 RING_NOT_RESERVABLE retires it — the same block sent again takes a new key 431ms
clubs-admin:test:  ✓ src/instructor/student-record.test.tsx (15 tests) 6208ms
clubs-admin:test:    ✓ T-10-28 (D13) the desktop student record (S10 §2, R-10-08, R-10-09) (4)
clubs-admin:test:      ✓ D13 as the mockup: the header chips, four metric cards with their subtitles, the three blocks with the api's tasks, and the «5 darreres classes» table 805ms
clubs-admin:test:      ✓ [GESTIONAR TASQUES I NOTES] opens the same editor as 26 in a drawer; a task created there shows in the record's block and counters 571ms
clubs-admin:test:    ✓ E6-W02 round 2 (review of 30-09): D13 (4)
clubs-admin:test:      ✓ #2 (R-10-10): the drawer reaches every task too — «Mostra'n més» reads the second page, and its oldest pending task is completed there 1171ms
clubs-admin:test:      ✓ #3: a round trip through the history keeps the drawer's drafts — the new task's text and file and an open edit — and the focus comes back to the link 649ms
clubs-admin:test:    ✓ E6-W05 (review of E6-W02's round 2): D13's drawer (1)
clubs-admin:test:      ✓ step 3 (AGENTS rule 6): Escape in the delete confirmation closes the confirmation only; the drawer stays open with its unsaved task text and deletes nothing 324ms
clubs-admin:test:    ✓ T-10-28 E7-W06 (E6-W04 question 5 and its report nits): D13's drawer (3)
clubs-admin:test:      ✓ E7-W06 step 5 (E6-W04 Q5): an instructor's new task with a refused file names it — «eina.exe: …» — in the drawer, and creates nothing 327ms
clubs-admin:test:      ✓ E7-W06 review #6: a creation abandoned while on its way (the drawer closed) keeps nothing when its answer is lost — the same task and file later are uploaded again and sent with a new key 550ms
clubs-admin:test:    ✓ «Alumnes» of the back office (mockups D12–D14, S10 §13-9) (2)
clubs-admin:test:      ✓ instructors see «Alumnes» in the sidebar; the search reads GET /dogs and opens D13 526ms
clubs:test:  ✓ src/NotificationsPage.test.tsx (21 tests) 7138ms
clubs:test:    ✓ T-11-34 screen 11 «Notificacions» (S11 §2, R-11-10, R-11-11) (21)
clubs:test:      ✓ renders mockup 11's six cards as delivered: icon, tone, texts, relative time, «i per SMS», the buttons 805ms
clubs:test:      ✓ never prints «i per SMS» without the SMS module, even for an SMS the api lists 590ms
clubs:test:      ✓ [CANVIA DE CLASSE] opens 04 with the notification's dog 438ms
clubs:test:      ✓ [AGAFA LA PLAÇA] reuses E5-W01's claim: the entry's seat hold, then the confirmation (06/29) 436ms
clubs:test:      ✓ E7-W02 round 2 #4 (AGENTS rule 3): with WAITLIST off, a historical N-15 the api still lists is an informative card with no [AGAFA LA PLAÇA] 525ms
clubs:test:      ✓ back on 03 from the browser's page cache, the bell reads GET /me/home again 436ms
clubs:test:      ✓ E7-W02 round 2 #3: a failed read-all is sent again (bounded retry), and its answer silences the bell 638ms
clubs:test:      ✓ E7-W02 round 2 #3: inside one document (the module store survives, as in an in-app return), a read-all answered after 03 mounted updates the bell (03 reads GET /me/home again) 368ms
clubs:test:  ✓ src/notifications/sw-logic.test.ts (4 tests) 4ms
clubs-admin:test:  ✓ src/catalogs/SettingsPage.test.tsx (9 tests) 7602ms
clubs-admin:test:    ✓ T-02-13 E4-W06 S05 §2 D11 «Nivells»: the «Progressió» switch (S05 §3 Level.progression, E29) (4)
clubs-admin:test:      ✓ shows one switch per level with the help text: Teràpia is off, the progression levels on 1190ms
clubs-admin:test:      ✓ saves a toggle with PATCH /levels/{id} {progression, version} and keeps the saved level 1305ms
clubs-admin:test:      ✓ shows a refused toggle by its code next to the table and keeps the switch as saved; STALE_VERSION reloads the levels 1119ms
clubs-admin:test:      ✓ the level form carries «Progressió»: a new level outside the progression is created with progression false; an edit keeps the level's value 1526ms
clubs-admin:test:    ✓ T-02-13 E4-W14 S05 §2 D11 «Nivells» follow-ups of the E4-W06 review (5)
clubs-admin:test:      ✓ S05 §2 the «Progressió» help names no club level, in ca, es and en 663ms
clubs-admin:test:      ✓ S05 §12 B32 the mock levels include «Pendent», outside the progression (off like Teràpia) 337ms
clubs-admin:test:      ✓ a second toggle never re-enables a switch whose PATCH is still pending; each row keeps its own error 936ms
clubs:test:  ✓ src/App.test.tsx (54 tests) 7986ms
clubs:test:    ✓ T-02-14 clubs shell (6)
clubs:test:      ✓ uses the compact mark with the runtime club name 364ms
clubs:test:    ✓ T-01-18 access screen (2)
clubs:test:      ✓ uses the exact access actions, focuses an empty email and gates signup 351ms
clubs:test:    ✓ T-01-19 activation screen (1)
clubs:test:      ✓ renders gender-aware, reset and invalid-link variants 408ms
clubs:test:    ✓ T-01-21 profile access rows and impersonation (3)
clubs:test:      ✓ renders the mockup rows in order without account sessions or backoffice handoff 463ms
clubs:test:    ✓ T-01-11 E4-W16 steps 1–2 (INC-15, INC-18, E47): «Entra com l'abonat» in the member app (10)
clubs:test:      ✓ round 2 #1: a redeemed code whose /me keeps failing shows the error with a retry, never the admin's own session; the retry opens 03 with the banner 323ms
clubs:test:    ✓ T-07-30 E4-W08 S07 §6 /activitats/:id is for MEMBER and impersonated sessions (AGENTS rule 3) (3)
clubs:test:      ✓ an instructor-only session gets the usual no-access path: no detail, no /me/activities call 428ms
clubs:test:    ✓ T-01-26 imported-account onboarding and policy re-consent (4)
clubs:test:      ✓ renders the screen and pop-up in Catalan, Spanish and English 300ms
clubs:test:    ✓ T-03-40 mobile own dogs (5)
clubs:test:      ✓ renders own dogs, saves the note, shows task totals and gates TASKS 304ms
clubs-admin:test:  ✓ src/census/CensusRecordPage.test.tsx (27 tests) 8703ms
clubs-admin:test:    ✓ T-03-39 D10 member record (3)
clubs-admin:test:      ✓ renders the approved badges, masked account, consent warning, dog rights, and WhatsApp URL 1120ms
clubs-admin:test:      ✓ blocks and unblocks new bookings with the required reason 798ms
clubs-admin:test:      ✓ maps STALE_VERSION when another administrator edited the member 604ms
clubs-admin:test:    ✓ T-01-11 E4-W16 step 1 (INC-15, E47): «Entra com l'abonat» opens the api's launchUrl (2)
clubs-admin:test:      ✓ opens exactly the launchUrl with the one-time code, in a new tab, and never writes the token into a URL 360ms
clubs-admin:test:      ✓ a response without launchUrl is an error in the dialog and opens nothing (no same-origin guess) 449ms
clubs-admin:test:    ✓ E7-W07 step 3 (E7-W06 review #4, A8; S14 §5, T-14-19): D10's changes of an erased member are final (8)
clubs-admin:test:      ✓ E7-W07 step 3 (S14 §5, T-14-19): «Edita» the member (PATCH /members/{id}) on a record read before the erasure, answered 409 MEMBER_ERASED, says the member was erased, offers no resend of the request and shows nothing saved 545ms
clubs-admin:test:      ✓ E7-W07 step 3 (S14 §5, T-14-19): «Pagament» › «Edita» (PATCH /members/{id}/payment-method) on a record read before the erasure, answered 409 MEMBER_ERASED, says the member was erased, offers no resend of the request and shows nothing saved 477ms
clubs-admin:test:      ✓ E7-W07 step 3 (S14 §5, T-14-19): «Rols d'accés» › «Edita» (PUT /members/{id}/roles) on a record read before the erasure, answered 409 MEMBER_ERASED, says the member was erased, offers no resend of the request and shows nothing saved 371ms
clubs-admin:test:      ✓ E7-W07 step 3 (S14 §5, T-14-19): «Bloqueja les reserves» (POST /members/{id}/booking-block) on a record read before the erasure, answered 409 MEMBER_ERASED, says the member was erased, offers no resend of the request and shows nothing saved 379ms
clubs-admin:test:      ✓ E7-W07 step 3 (S14 §5, T-14-19): «Desbloqueja les reserves» (DELETE /members/{id}/booking-block) on a record read before the erasure, answered 409 MEMBER_ERASED, says the member was erased, offers no resend of the request and shows nothing saved 338ms
clubs-admin:test:      ✓ E7-W07 step 3 (S14 §5, T-14-19): «Reenvia accés» (POST /members/{id}/access-resend) on a record read before the erasure, answered 409 MEMBER_ERASED, says the member was erased, offers no resend of the request and shows nothing saved 356ms
clubs-admin:test:      ✓ E7-W07 step 3 (S14 §5, T-14-19): «Entra com l'abonat» (POST /members/{id}/impersonation-token) on a record read before the erasure, answered 409 MEMBER_ERASED, says the member was erased, offers no resend of the request and shows nothing saved 342ms
clubs-admin:test:    ✓ T-03-39 E4-W17 step 9 (AGENTS rule 1): D10's «Pagament» row names a cash member's method (1)
clubs-admin:test:      ✓ reads «Efectiu» in ca, «Efectivo» in es and «Cash» in en, never the raw MANUAL 488ms
clubs-admin:test:  ✓ src/training/TrainingRegisterPage.test.tsx (16 tests) 8992ms
clubs-admin:test:    ✓ E5-W03 step 2 · «Entrenaments», the ring-usage register (S09 §2 and §13-8) (8)
clubs-admin:test:      ✓ tab 1 reads GET /training-bookings with the current week and startsAt,desc, and links the member to D10 (ADMIN) 914ms
clubs-admin:test:      ✓ offers the api's values with their counts in the universal filter (E5-W05: GET /training-bookings/filter-values) 636ms
clubs-admin:test:      ✓ S14 R-14-12 exports the list's filters and columns (ADMIN) and never for an INSTRUCTOR 655ms
clubs-admin:test:      ✓ tab 2 lists the blocks and ring reservations; [Anul·la el bloqueig] is hidden for an activity's block and cancels the others 620ms
clubs-admin:test:      ✓ 409 INVALID_STATE on a cancellation shows why and reads the list again; an INSTRUCTOR has no row action 755ms
clubs-admin:test:      ✓ E5-W03 round 2 · review #9: the date and relation filters offer only operators that take one value, and the query says so 1235ms
clubs-admin:test:      ✓ E5-W03 round 2 · review #8: a past block on a deactivated ring names its ring, never its id 409ms
clubs-admin:test:    ✓ E5-W05 steps 3 and 5 · the register reads E5-T29's fields and the complete filter values (8)
clubs-admin:test:      ✓ E5-W05 step 3: a member without a number reads the name alone, without « · » 504ms
clubs-admin:test:      ✓ E5-W05 step 5: with more than 1000 rows, the member filter offers «Nil Fictici Soler», who appears only after row 1000, from GET /training-bookings/filter-values 552ms
clubs-admin:test:      ✓ E5-W05 round 2 #1: the blocks tab asks GET /ring-blocks/filter-values once when it settles, and a second ring picked in «Valor» stays selected 1366ms
clubs-admin:test:      ✓ E5-W05 round 2 #2 (ruling E80): the blocks' «Dia i hora» filter is a range of club dates sent as `between` with the club's day bounds, with no suggested values 346ms
clubs:test:  ✓ src/instructor/instructor.test.tsx (44 tests) 9066ms
clubs:test:    ✓ T-10-27 screen 20 «Grups del dia» (S10 §2, R-10-01) (7)
clubs:test:      ✓ mockup 20: the day chips, each class with n/n, the hourglass and its second line, the legend and the block with its reason and note 637ms
clubs:test:      ✓ a chip changes the day (?date=); an empty day reads «Cap classe aquest dia»; the instructor chip offers no «Tot el club» and shows another's day 494ms
clubs:test:    ✓ T-10-27 screen 21 «Detall de classe i passar llista» (S10 R-10-02…R-10-06) (14)
clubs:test:      ✓ a tap changes the circle locally with no request; [DESA] sends only the changed items with the current version and a UUID key 380ms
clubs:test:    ✓ E6-W01 step 6 the instructor's student search (S10 §2, §13-9) (5)
clubs:test:      ✓ lists the active dogs as «{guia} + {gos} · {nivell}», asks the api for the typed text after 300 ms and opens 22 1038ms
clubs:test:      ✓ round 2 #2 (review #2): with 51 matching dogs the first page shows 50 and «Mostra'n més» appends the 51st from the next page 1012ms
clubs:test:      ✓ round 2 #2 and #4: a failed next page keeps the 50 rows, says why by its code, and «Mostra'n més» asks it again 733ms
clubs-admin:test:  ✓ src/census/NotificationPreferencesBlock.test.tsx (22 tests) 9618ms
clubs-admin:test:    ✓ T-11-38 D10 «Preferències d'avisos» (S11 §2, R-11-04) (22)
clubs-admin:test:      ✓ each change shows at once and the changes of 300 ms travel as one partial PUT 387ms
clubs-admin:test:      ✓ a refused save (422 INVALID_REMINDER_OPTION) puts back what the api holds and says why 336ms
clubs-admin:test:      ✓ E7-W06 review #4: a save answered 409 MEMBER_ERASED (the member erased while D10 is open) ends the block with errors:MEMBER_ERASED — no controls left to change again 328ms
clubs-admin:test:      ✓ E7-W01 round 2 #5: leaving the page sends every unsaved change with keepalive — the one on its way too — and the next visit sends it again 777ms
clubs-admin:test:      ✓ E7-W04 step 3 (R-11-04): PERSONAL = false on its way, set back to true and the page left, the answers in reverse order — true is saved, and the recovery entry stays until it is 436ms
clubs-admin:test:      ✓ E7-W05 step 1, path a (R-11-04): the older PUT lands last and the resend of the latest choice is lost — the latest choice stays in the outbox, and the next visit saves it 793ms
clubs-admin:test:      ✓ E7-W05 step 1, path b (R-11-04): the older PUT lands last and its answer is lost — the latest choice is sent again once it settles, and the outbox goes only after that save's 2xx 460ms
clubs-admin:test:      ✓ E7-W05 step 1, path c (R-11-04): the older PUT lands last but answers first — the latest choice is sent again and saved 509ms
clubs-admin:test:      ✓ E7-W05 step 5 (R-11-04): the departure's keepalive PUT is held across pagehide(persisted) and pageshow(persisted) — the kept change goes again as a normal save once it settles, and the outbox clears only when that save is answered 594ms
clubs-admin:test:      ✓ E7-W06 (E7-W05 review #4): back from the back-forward cache with nothing unsaved, the record saves the change a newer visit left in the outbox instead of taking it over and ignoring it 327ms
clubs-admin:test:      ✓ E7-W07 step 2 (E7-W06 review #3, ruling E85: option a; R-11-04): overlapping PUTs and the last one lost — the record reads GET again (the api holds off), shows the member's «on» as a pending change with «Desant…», sends it again, and its 2xx saves it and frees the outbox 859ms
clubs-admin:test:      ✓ E7-W07 step 2 (ruling E85: option a): the retry is lost too and the admin leaves right after — the departure carries «on» with keepalive and keeps it, and the next visit within 5 minutes of leaving shows it as a pending change before it is saved; E7-W07 round 2 #1: that visit's PUT fails too — «on» stays shown and kept, and the admin's next change sends it 1912ms
clubs-admin:test:      ✓ E7-W07 round 2 #2 (review #2; S14 §5, T-14-19): with the overlapping-save sequence, the resend answered 409 MEMBER_ERASED is final — the block says so, and no other PUT or GET follows, nothing is sent on departure, and the outbox entry goes 1304ms
clubs-admin:test:  ✓ src/training/RingBlockCard.test.tsx (8 tests) 2414ms
clubs-admin:test:    ✓ D12 card «Reservar o bloquejar pista (sense alumne)» (S09 §2 row D12, R-09-11) (7)
clubs-admin:test:      ✓ the mockup's controls: kinds, «motiu: …», day and times, ring, RESERVA 436ms
clubs-admin:test:      ✓ offers only the free half hours of the ring and their runs, and posts the block 320ms
clubs-admin:test:      ✓ E5-W02 round 2 · review #2: after the refreshed grid the ADMIN still confirms 17:30–18:00 and resends it with cancelBookings (R-09-13) 326ms
clubs-admin:test:      ✓ E5-W02 round 2 · review #2: an ADMIN may pick a half hour held by a live training and force it (R-09-13) 345ms
clubs-admin:test:    ✓ T-09-20 E7-W06 step 1 (CONVENCIONS_API §7, E79, E80): D12's ring card keeps its key on IN_PROGRESS (1)
clubs-admin:test:      ✓ E7-W06 step 1: D12's ring block keeps its Idempotency-Key on IN_PROGRESS, says «L'operació encara està en curs…», the retry sends the same key, and the same block after the api's answer takes a new key 343ms
clubs-admin:test:  ✓ src/census/SendAnnouncementDialog.test.tsx (9 tests) 9969ms
clubs-admin:test:    ✓ T-11-38 «Enviar comunicat» from D5 and D15 (S11 §2, R-11-13) (9)
clubs-admin:test:      ✓ D5's selection: the dialog sends `memberIds`, the dryRun drives «S'enviarà a 2 abonats», [ENVIA] waits for the tick, and the page says it was sent 4219ms
clubs-admin:test:      ✓ D5's current filters: the dialog sends the list's filters and search, and the count is the api's for them (the members GET /members lists) 1453ms
clubs-admin:test:      ✓ another template clears the tick and asks the dryRun again; NO_RECIPIENTS is said inside the dialog and [ENVIA] stays off 1265ms
clubs-admin:test:      ✓ one Idempotency-Key per submission: a send that got no answer is retried with its key — also after closing and opening the dialog again — and the api counts it once 1300ms
clubs-admin:test:      ✓ D15's selection is dogs: the dialog reads their owners and sends to each once («2 gossos · 1 abonat») 1282ms
clubs:test:  ✓ src/instructor/tasks.test.tsx (34 tests) 9682ms
clubs:test:    ✓ T-10-28 (26) screen 26 «Tasques i notes» (S10 §2, R-10-10…R-10-12) (10)
clubs:test:      ✓ mockup 26: the title, the private observations, the three tasks (the done one struck through with «feta per la Laura el 02-08»), the history link, the member's note read-only and [DESA] waiting for a change 634ms
clubs:test:      ✓ T-10-25 «＋ Afegir» uploads the video through the signed url (TASK, the signed headers, no bearer) and creates one task with one Idempotency-Key, even on a double tap; 22's counters follow 576ms
clubs:test:      ✓ the pencil edits the text with the version read; the ✕ asks «Vols eliminar aquesta tasca?» and deletes with its key; ✓ completes (feta per l'Estel) and ↺ reopens 593ms
clubs:test:      ✓ an edit opened before another instructor's change is sent with its own version: STALE_VERSION (409), and the typed text stays 338ms
clubs:test:      ✓ [DESA] saves the observations with the version read and one key; a stale version (tasksStale) keeps the typed text to recover and saves it again on the new version 520ms
clubs:test:      ✓ an observation file goes through the DOG_OBSERVATIONS upload and POST /attachments; a clip opens a fresh signed url 331ms
clubs:test:    ✓ E6-W02 round 2 (review of 30-09): screen 26 (5)
clubs:test:      ✓ #1 (E74): two deliberate submissions with the same text are two tasks, each with its own key 347ms
clubs:test:      ✓ #2 (R-10-10): with 52 tasks «Mostra'n més» reads the next page into the same list, whose tasks are managed like the rest — the oldest done one reopened, the oldest pending one edited, completed and deleted 1751ms
clubs:test:  ✓ src/training/TrainingPage.test.tsx (28 tests) 9920ms
clubs:test:    ✓ T-09-37 screen 08 exists only with a dog allowed to train alone (3)
clubs:test:      ✓ without eligible dogs the tab is absent and /entrenaments goes back to 03 766ms
clubs:test:      ✓ with Rock and Toby the tab exists and Rock (defaultDogId) is the selected chip 559ms
clubs:test:    ✓ T-09-38 screen 08 grid, «Qualsevol» and the confirmation (4)
clubs:test:      ✓ draws the api's cells: free outlined and pressable, struck, «classe» dimmed 636ms
clubs:test:      ✓ «Qualsevol» with two free rings asks which one, Muntanya first, and books with it 853ms
clubs:test:    ✓ T-09-39 screen 08 at the weekly limit (R-09-05) (2)
clubs:test:      ✓ with cancellable sessions: no button, the message and a link to each 320ms
clubs:test:    ✓ screen 08 refusals by code (S09 §6, R-09-06) (5)
clubs:test:      ✓ 409 SLOT_TAKEN: the message, the grid read again and the api's free rings offered 482ms
clubs:test:      ✓ 409 TRAINING_LIMIT_REACHED on a stale counter: the R-09-05 message from the details 358ms
clubs:test:      ✓ 422 codes show their message by code, never the api's text 318ms
clubs:test:      ✓ while the booking is sent the button is busy and the grid, days and dogs are inert 454ms
clubs:test:      ✓ a lost answer keeps its Idempotency-Key for the retry; an answer drops it 474ms
clubs:test:    ✓ E5-W05 step 11: a refreshed grid clears an invalid choice (E5-W02 round-2 review #1, R-09-03) (3)
clubs:test:      ✓ E5-W05 step 11: another member books the chosen slot; the focus refresh clears the choice and [Confirma] is disabled 344ms
clubs:test:      ✓ E5-W05 step 11: with «Qualsevol», the chosen ring taken meanwhile clears the choice and its chooser 374ms
clubs:test:      ✓ E5-W05 round 2 #13: a refresh that clears the choice a SLOT_TAKEN offered also clears that message 421ms
clubs:test:    ✓ E5-W05 step 12: the offline copy blocks the booking (E5-W02 round-2 review #2, S09 §2) (2)
clubs:test:      ✓ E5-W05 step 12: a NETWORK answer while navigator.onLine is true: «pot no estar al dia», [Confirma] disabled, and the retry reads again 338ms
clubs:test:    ✓ T-09-38 E7-W06 step 1 (CONVENCIONS_API §7, E79, E80): 08's booking keeps its key on IN_PROGRESS (1)
clubs:test:      ✓ E7-W06 step 1: 08's training booking keeps its Idempotency-Key and its choice on IN_PROGRESS, says «L'operació encara està en curs…» (the shared errorText), the retry sends the same key, and the same booking after the api's answer takes a new key 394ms
clubs:test:    ✓ E7-W07 step 4 (CONVENCIONS_API §7, E85): 08's booking follows the shared submission-key rule (1)
clubs:test:      ✓ T-09-38 T-09-16 E7-W07 step 4 (CONVENCIONS_API §7, E85): a 503 with the api's body keeps 08's Idempotency-Key and its choice, so the retry sends the same key; a 422 DOG_ALREADY_BOOKED retires it, so the same booking sent again takes a new key 420ms
clubs-admin:test:  ✓ src/instructor/week-agenda.test.tsx (20 tests) 9921ms
clubs-admin:test:    ✓ T-10-29 D12 «Agenda de la setmana» (S10 §2, R-10-15) (7)
clubs-admin:test:      ✓ mockup D12: «‹ Setmana actual › del 10 al 15 d'agost», dl–ds, the rows at their hour lines, a training at half height, the block with its reason and note, the classes as delivered 1334ms
clubs-admin:test:      ✓ the filters change the query without hiding trainings or blocks; the arrows move ±7 days through ?setmana= 966ms
clubs-admin:test:      ✓ a click on a class opens its list under the grid: the header, the names linked to D13, the level, the tasks, the status lines and the waiting list 541ms
clubs-admin:test:      ✓ the badge cycles «— → present → avisat → no presentat → —» and stops on a final row; [DESA LA LLISTA] sends only the changed rows with the current version and a new key 1079ms
clubs-admin:test:      ✓ 409 STALE_VERSION: the toast, the other person's change kept, and only the caller's edit sent again with the new version 916ms
clubs-admin:test:      ✓ the PDF asks for the same query with format=pdf and Accept: application/pdf, downloads agenda-{startDate}.pdf, and is busy meanwhile 328ms
clubs-admin:test:      ✓ a failed PDF says why by its code, and the page stays as it was 380ms
clubs-admin:test:    ✓ E6-W03 step 11 on D12 (E6-W01 round-2 review #1, R-10-03, R-10-04): the draft after a refusal (1)
clubs-admin:test:      ✓ a PUT refused with 422 ATTENDANCE_WINDOW_CLOSED whose re-read is closed leaves no choice behind, the badges inert and [DESA LA LLISTA] disabled 753ms
clubs-admin:test:    ✓ E6-W03 step 4 the panel survives the way to D13 and back (?setmana= and the choices) (1)
clubs-admin:test:      ✓ a name opens D13 with a normal navigation; back on /agenda the week, the class and the unsaved choice are there, rebased on the list read again 525ms
clubs-admin:test:    ✓ E6-W03 D12 after a write: what the grid shows and what the panel keeps (3)
clubs-admin:test:      ✓ a save reads the week again: the class's «passar llista pendent» mark goes, and the panel stays with «Llista desada» 415ms
clubs-admin:test:    ✓ E6-W04 step 0c: D12's legend reads the half height's minutes from the api (InstructorWeek.trainingSlotMinutes, api E6-T06, ruling E75) (2)
clubs-admin:test:      ✓ E6-W04 step 0c: trainingSlotMinutes null leaves the minutes out — «(mitja alçada)» — in ca, es and en 350ms
clubs-admin:test:    ✓ T-10-32 (D12) the three locales, with no missing key (2)
clubs-admin:test:      ✓ es 300ms
clubs-admin:test:    ✓ T-10-29 E7-W06 step 1 (CONVENCIONS_API §7, E79, E80): D12's sheet keeps its key on IN_PROGRESS (1)
clubs-admin:test:      ✓ E7-W06 step 1: D12's attendance save keeps its Idempotency-Key and the choice on IN_PROGRESS, says «L'operació encara està en curs…» without reading the list again, the retry sends the same key, and the same save after the api's answer takes a new key 621ms
clubs-admin:test:  ✓ src/dashboard/DashboardPage.test.tsx (20 tests) 1986ms
clubs-admin:test:    ✓ T-14-25 D1 dashboard (4)
clubs-admin:test:      ✓ renders the server aggregate, all risk rows, pending signups, and accessible chart 537ms
clubs-admin:test:  ✓ src/followup/followup.test.tsx (29 tests) 9882ms
clubs-admin:test:    ✓ T-10-30 D14 «Seguiment alumnes» (S10 §2, R-10-13) (8)
clubs-admin:test:      ✓ mockup D14 for an ADMIN: «5 pendents de llegir», the columns, the five rows highlighted and in the api's order, the authors by gender and the completed task 699ms
clubs-admin:test:      ✓ the three chips map to filter=kind:eq:TASK, kind:eq:MEMBER_NOTE and no kind filter 472ms
clubs-admin:test:      ✓ «Marcar-ho tot com a llegit» calls read-all with its key, puts the counter at 0 and reads the list again 358ms
clubs-admin:test:      ✓ a row click calls read for that row, drops its highlight and the counter at once, and opens D13 (the dog's record) 464ms
clubs-admin:test:    ✓ E6-W03 round 2: D14's reads (R-10-13) and its filter values (5)
clubs-admin:test:      ✓ #1 (review #2): a refused read puts the row back unread and the counter back, and says why with a retry that sends it again 508ms
clubs-admin:test:      ✓ #1: the read belongs to the shell, so its failure is said on D13, where the user already is 301ms
clubs-admin:test:      ✓ #1: a read that got no answer says so, and its retry keeps the key 454ms
clubs-admin:test:      ✓ #3 (review #4): a note updated while D14 is open still shows «llegit»; a click on its row sends the read 470ms
clubs-admin:test:      ✓ #5 (review #1): «Tipus» and «Pendent de llegir» offer the contract's values with the api's counts, also when the first page holds only unread notes 615ms
clubs-admin:test:    ✓ E6-W04 step 0c: D14's relation filters and search (GET /followup/filter-values and q, api E6-T06, ruling E75) (3)
clubs-admin:test:      ✓ E6-W04 step 0c: «Abonat», «Gos» and «Creador» offer the api's values with their counts over the whole set — also the members, dogs and authors only rows beyond the first page have — and a creator picked is named in the chip 1088ms
clubs-admin:test:      ✓ E6-W04 step 0c: the search box sends q to GET /followup and the rows narrow to what the api finds in the member, the dog, the author and the task's whole text; the filter values follow the search 1058ms
clubs-admin:test:    ✓ E6-W05 (review of E6-W03's round 2): D14's counter and rows after a failed read (2)
clubs-admin:test:      ✓ step 6 (R-10-13): a failed read, back to D14, a successful retry — the row loses its highlight and the counter drops 301ms
clubs-admin:test:    ✓ T-10-30 E7-W06 step 1 (CONVENCIONS_API §7, E79, E80): D14's keyed writes keep their key on IN_PROGRESS (5)
clubs-admin:test:      ✓ E7-W06 step 1: D14's row read keeps its Idempotency-Key on IN_PROGRESS, says «L'operació encara està en curs…» with its retry, the retry sends the same key, and the next read of that row after the api's answer takes a new key 360ms
clubs-admin:test:  ✓ src/billing/RemittancesPage.test.tsx (10 tests) 1929ms
clubs-admin:test:    ✓ S12 §2 «D6 (remeses)» /facturacio/remeses (no mockup: design system, §13-12) (10)
clubs-admin:test:      ✓ lists the remittances newest first with month, creation, receipts, amount, collection date and status; no free-text search 461ms
clubs-admin:test:  ✓ src/dashboard/RiskReviewCard.test.tsx (12 tests) 1527ms
clubs-admin:test:  ✓ src/census/MemberBookingsCard.test.tsx (6 tests) 1061ms
clubs-admin:test:    ✓ E5-W05 step 4 · D10's «Classes» table names each class and its ring (E5-T29) (1)
clubs-admin:test:      ✓ E5-W05 step 4: each row reads the class's description and its ring (dot in the ring's colour and name), as E5-W03 step 3 asks 336ms
clubs-admin:test:    ✓ E5-W03 step 3 · D10 «Reserves» (S08 §2, S09 §2, R-08-19) (5)
clubs-admin:test:      ✓ E5-W03 round 2 · review #4: «Mostra'n més» pages through the member's class bookings, never asking for 1000 413ms
clubs-admin:test:  ✓ src/catalogs/JobsCard.test.tsx (30 tests) 4036ms
clubs-admin:test:    ✓ T-15-32 D11 «Processos automàtics» (S15 §2, R-15-01, R-15-08, R-15-09) (15)
clubs-admin:test:      ✓ E5-W03 round 2 · review #1: the run history pages through the api's list, and its filters narrow it 465ms
clubs-admin:test:    ✓ E5-W05 round 2 #7 · a run's Week and Member effects link to D4 and D10 (R-15-21) (3)
clubs-admin:test:      ✓ E5-W05 round 2 #7 (assumption A3): a class answer that arrives after the drawer closed navigates nowhere 456ms
clubs-admin:test:  ✓ src/messaging/AnnouncementsPage.test.tsx (15 tests) 12139ms
clubs-admin:test:    ✓ T-11-37 D9 «Comunicats i plantilles» (S11 §2, R-11-12) (14)
clubs-admin:test:      ✓ mockup D9: the four counts, a category row filters the list, and N-28 opens with its title, category chip, icons, «idioma: CA (amb versió ES)», the body with the variables' labels and the variable chips 1169ms
clubs-admin:test:      ✓ the language select switches the title and the body; a variable chip inserts its label at the caret and [DESA] saves the code keys with the version read 1343ms
clubs-admin:test:      ✓ the matrix: a cell outside caps is an inert «—», one inside toggles; the Push column is informative; SMS and Push columns follow the modules 1340ms
clubs-admin:test:      ✓ [Vista prèvia] renders the unsaved draft per language with the SMS counter and the truncation note, and «Envia'm una prova» says it was sent 454ms
clubs-admin:test:      ✓ R-11-01 in [Vista prèvia]: a language without its own text is previewed with the club's default language, as a member of that language would receive it 442ms
clubs-admin:test:      ✓ [DESA] on its way: the texts, chips and cells are read-only until the api answers, so nothing typed meanwhile is dropped by the answer 806ms
clubs-admin:test:      ✓ E7-W01 round 2 #3: a late save answer never replaces another template — save A, open B, reopen A and write again, back to B, then A's answer: B stays shown and editable, and A's newer draft is kept 1269ms
clubs-admin:test:      ✓ E7-W04 step 5 (R-11-12): two completed saves of one template whose answers arrive in reverse order — the newer version stays, no draft is lost, and the next save carries the newer version 1207ms
clubs-admin:test:      ✓ E7-W05 step 5 (R-11-12): a GET /message-templates/{id} read with the older version that answers after a newer save's answer never brings the older version back — the saved text stays and the next save carries the newer version 586ms
clubs-admin:test:      ✓ E7-W05 step 6 (E7-W04 review #4, R-11-12): an older save answer leaves the detail alone but drops the draft it carried — save E1 (answered late), reopen, [Desactiva] (newer version), then E1's answer: nothing stays «sense desar» 939ms
clubs-admin:test:      ✓ a stale PUT says «Algú ha modificat aquesta plantilla; recarrega-la»; [Recarrega] reads it again and keeps the admin's edits — the text and the one matrix cell they clicked — saved on the new version 739ms
clubs-admin:test:      ✓ the secondary actions as the api allows them: «Restaura el text per defecte» only when customized, no [Desactiva] on a mandatory template, «Elimina» only on the club's own 854ms
clubs-admin:test:      ✓ errors by code where they belong: a missing required variable (VALIDATION_ERROR missingVariables), a broken [[…]] (400 TEMPLATE_SYNTAX_ERROR) and an unknown one (400 TEMPLATE_UNKNOWN_VARIABLE) under the text, which they describe 458ms
clubs-admin:test:      ✓ «＋ Nova plantilla» creates a CUSTOM template of the chosen category and opens it; the admin's unsaved edits stay with their template while another one is open 437ms
clubs-admin:test:  ✓ src/catalogs/JobsCardCounters.test.tsx (9 tests) 920ms
clubs-admin:test:  ✓ src/App.test.tsx (19 tests) 1289ms
clubs-admin:test:  ✓ src/planning/ClassRegistrantsPanel.test.tsx (11 tests) 1010ms
clubs-admin:test: Not implemented: navigation to another Document
clubs-admin:test: Not implemented: navigation to another Document
clubs-admin:test:  ✓ src/planning/TemplateDayPage.test.tsx (7 tests) 744ms
clubs-admin:test:    ✓ T-06-27 D3b day view per ring / per instructor (7)
clubs-admin:test:      ✓ shows only the rings used that day in catalog order, plus «Sense» when a class has no ring 337ms
clubs-admin:test:  ✓ src/catalogs/PlansPage.test.tsx (2 tests) 581ms
clubs-admin:test:    ✓ E4-W16 step 8 (INC-28, S05 §12, §13-5): D8 «Nou preu» proposes the plan's tax, never a country constant (2)
clubs-admin:test:      ✓ proposes the current price's taxPercent — 0 at a club without VAT — and sends the value shown 403ms
clubs-admin:test:  ✓ src/messaging/NotificationLogPage.test.tsx (6 tests) 1132ms
clubs-admin:test:    ✓ E7-W01 step 7 «Avisos enviats» (S11 §2, R-11-10) (6)
clubs-admin:test:      ✓ lists the club's notifications newest first: date, code, category, recipient, one chip per delivery with its status, read 382ms
clubs-admin:test:      ✓ E7-W01 round 2 #1: the default XLSX and PDF exports ask for the export's own columns (createdAt, code, recipient, channels, readAt), and the file comes 312ms
clubs-admin:test:  ✓ src/catalogs/ParameterSettings.test.tsx (2 tests) 607ms
clubs-admin:test:    ✓ T-02-13 D11 parameter rows (2)
clubs-admin:test:      ✓ keeps module-less parameters that the core sends with module null 395ms
clubs:test:  ✓ src/SignupPage.test.tsx (102 tests) 13293ms
clubs:test:    ✓ T-04-29 signup person and draft (7)
clubs:test:      ✓ persists a current draft, expires it after 24 hours and maps identity states 1027ms
clubs:test:      ✓ keeps the draft and refetches localized configuration after a language change 344ms
clubs:test:      ✓ masks and validates the browser-independent birth date control 448ms
clubs:test:      ✓ M2 checks the ES postal code and a past birth date from 1900 before any request 585ms
clubs:test:      ✓ GENERIC profile: the first document type of the profile and an editable prefix 365ms
clubs:test:    ✓ T-04-30 signup dog, uploads, plans and module gates (5)
clubs:test:      ✓ uploads sequentially named vaccination pages and renders API plans 301ms
clubs:test:      ✓ validates and normalises the chip per country profile and the birth month 429ms
clubs:test:    ✓ T-04-31 signup family lookup (3)
clubs:test:      ✓ continues empty, resolves the fixture family and supports a pending lookup 332ms
clubs:test:    ✓ E3-W08 step 7: the three narrow cases of the E3-W06 round-2 review (5)
clubs:test:      ✓ #1 a slow full page load: the departing page never renders nor consumes the destination's error 420ms
clubs-admin:test:  ✓ src/planning/description.test.ts (7 tests) 50ms
clubs-admin:test:  ✓ src/planning/calendar-shared.test.ts (8 tests) 73ms
clubs-admin:test:  ✓ src/in-progress-text.test.tsx (2 tests) 40ms
clubs-admin:test:  ✓ src/audit/list-exports.test.tsx (30 tests) 12880ms
clubs-admin:test:    ✓ T-14-26 R-14-12 E4-W07 D5 members «Excel · PDF» → Excel (4)
clubs-admin:test:      ✓ 200: saves the api's file byte for byte, with its Content-Type and the Content-Disposition name, and sends the list's parameters 1047ms
clubs-admin:test:      ✓ 202: opens the exports drawer with the queued job and saves nothing 712ms
clubs-admin:test:      ✓ 422 EXPORT_LIMIT: shows the drawer's notice 669ms
clubs-admin:test:      ✓ 422 EXPORT_TOO_LARGE: shows errors:EXPORT_TOO_LARGE next to the button 629ms
clubs-admin:test:    ✓ T-14-26 R-14-12 E4-W07 D5 members «Exportar selecció» (4)
clubs-admin:test:      ✓ 200: saves the api's file byte for byte, with its Content-Type and the Content-Disposition name, and sends the list's parameters 804ms
clubs-admin:test:      ✓ 202: opens the exports drawer with the queued job and saves nothing 775ms
clubs-admin:test:      ✓ 422 EXPORT_LIMIT: shows the drawer's notice 731ms
clubs-admin:test:      ✓ 422 EXPORT_TOO_LARGE: shows errors:EXPORT_TOO_LARGE next to the button 574ms
clubs-admin:test:    ✓ T-14-26 R-14-12 E4-W07 D15 dogs «Excel · PDF» → PDF (4)
clubs-admin:test:      ✓ 200: saves the api's file byte for byte, with its Content-Type and the Content-Disposition name, and sends the list's parameters 463ms
clubs-admin:test:      ✓ 202: opens the exports drawer with the queued job and saves nothing 467ms
clubs-admin:test:      ✓ 422 EXPORT_LIMIT: shows the drawer's notice 310ms
clubs-admin:test:    ✓ T-14-26 R-14-12 E4-W07 one export at a time (4)
clubs-admin:test:      ✓ R-03-24 «Exportar selecció» still exports the selected rows after a new search hides them 644ms
clubs-admin:test:    ✓ T-14-26 R-14-12 E4-W16 step 5 (INC-21): a queued export is downloaded from the drawer (2)
clubs-admin:test:      ✓ the READY row reads GET /exports/{id} and fetches the api's signed route with the bearer, saved byte for byte 1278ms
clubs-admin:test:      ✓ a signed S3 url opens as it is, and a failed download is shown inside the drawer 1295ms
clubs-admin:test:  ✓ src/catalogs/derived-settings.test.ts (2 tests) 3ms
clubs-admin:test:  ✓ src/census/dog-owners.test.ts (2 tests) 44ms
clubs-admin:test:  ✓ src/planning/calendar-literals.test.ts (2 tests) 29ms
clubs-admin:test:  ✓ src/planning/plain-dates.test.ts (9 tests) 16ms
clubs-admin:test:  ✓ src/catalogs/ClubPagesCard.test.tsx (2 tests) 355ms
clubs-admin:test:  ✓ src/instructor/week-agenda-rows.test.tsx (1 test) 302ms
clubs-admin:test:  ✓ src/planning/CalendarDayPage.test.tsx (2 tests) 211ms
clubs:test: Not implemented: navigation to another Document
clubs:test: Not implemented: navigation to another Document
clubs:test:  ✓ src/profile/NoticesCard.test.tsx (27 tests) 13566ms
clubs:test:    ✓ T-11-35 screen 12 «Avisos» and «Idioma» (S11 §2, R-11-04, R-11-07, R-11-15, R-11-17) (27)
clubs:test:      ✓ the fixed green tick under «App», the four e-mail switches with the product defaults and «+SMS» 614ms
clubs:test:      ✓ each change shows at once and is saved as a partial PUT after the 300 ms pause 1503ms
clubs:test:      ✓ rolls a refused change back with its message (422 INVALID_REMINDER_OPTION) 380ms
clubs:test:      ✓ keeps a newer choice when an older save answers late (the answer rebases the member's edits) 687ms
clubs:test:      ✓ E7-W02 round 2 #1: leaving 12 while a PUT is on its way sends the waiting change at once, and the latest choice (120) is what the api keeps even when the older PUT answers last 461ms
clubs:test:      ✓ E7-W02 round 2 #1: a change kept across a reload is sent again on the next visit of the same account and club only 819ms
clubs:test:      ✓ E7-W05 step 1, path a (R-11-04): the older PUT lands last and the resend of the latest choice is lost — the latest choice stays in the outbox, and the next visit saves it 896ms
clubs:test:      ✓ E7-W05 step 1, path b (R-11-04): the older PUT lands last and its answer is lost — the latest choice is sent again once it settles, and the outbox goes only after that save's 2xx 549ms
clubs:test:      ✓ E7-W05 step 1, path c (R-11-04): the older PUT lands last but answers first — the latest choice is sent again and saved 592ms
clubs:test:      ✓ E7-W05 step 2 (R-11-04): back from the back-forward cache, 12 saves again — pagehide with a change pending, pageshow(persisted), an edit while that PUT is out, leave: the edit is saved 537ms
clubs:test:      ✓ E7-W05 step 6 (E7-W02 review #4): an older visit's success never erases the entry a newer visit left in the outbox 669ms
clubs:test:      ✓ E7-W06 (E7-W05 review #4): back from the back-forward cache with nothing unsaved, 12 saves the change a newer visit left in the outbox instead of taking it over and ignoring it 373ms
clubs:test:      ✓ E7-W07 step 2 (E7-W06 review #3, ruling E85: option a; R-11-04): overlapping PUTs and the last one lost — 12 reads GET again (the api holds 1 h), shows the member's «2 h abans» as a pending change with «Desant…», sends it again, and its 2xx saves it and frees the outbox 866ms
clubs:test:      ✓ E7-W07 step 2 (ruling E85: option a): the retry is lost too and the member leaves right after — the departure carries «2 h abans» and keeps it, so the next visit within 5 minutes of leaving shows it as a pending change before it is saved; E7-W07 round 2 #1: that visit's PUT fails too — «2 h abans» stays shown and kept, and the member's next change sends it 1993ms
clubs:test:      ✓ E7-W05 step 6 (E7-W02 review #5): an impersonated session never shows the browser-permission note (it never asks for push) 373ms
clubs:test:      ✓ E7-W02 round 2 #5: a permission already refused shows the explanation on arrival (read at mount, never asked), and a change still saves 383ms
clubs:test:      ✓ an iPhone outside the installed app gets the install hint and no permission prompt 386ms
clubs:test:      ✓ an impersonated session saves the member's choice but never asks for push, and its logout keeps this device's subscription 473ms
clubs:test: 
clubs:test:  Test Files  26 passed (26)
clubs:test:       Tests  519 passed (519)
clubs:test:    Start at  08:14:21
clubs:test:    Duration  19.53s (tests 51%, environment 22%, transform 18%, import 6%, setup 5%)
clubs:test: 
clubs:test:     Isolate  26 workers spawned · ~2.13s startup each (spawn + environment, per file)
clubs:test:              at least ~1.13s faster with isolate: false — reuses workers across files instead of one per file
clubs:test: 
clubs-admin:test:  ✓ src/dashboard/SignupReviewPage.test.tsx (95 tests) 14075ms
clubs-admin:test:    ✓ T-04-33 D2 signup validation (22)
clubs-admin:test:      ✓ shows the mockup: DNI and phone in full, signed documents, consent warning, level, invoice and Stripe payment 455ms
clubs-admin:test:      ✓ requires explicit confirmation when a manual upfront payment is zero 303ms
clubs-admin:test:    ✓ E3-W07 step 1 · M12 each dog is saved with its own version (R-04-19) (3)
clubs-admin:test:      ✓ edits the member and the dog in one save: the dog PATCH carries the dog's version, not the member's 513ms
clubs-admin:test:      ✓ after a partial save (the member saved, the dog failed) reloads, shows the error in the drawer and retries only the dog 520ms
clubs-admin:test:    ✓ E3-W07 async drawer: nothing typed during a save is lost (1)
clubs-admin:test:      ✓ locks the fields while the save is in flight 321ms
clubs-admin:test:    ✓ E3-W07 step 3 · M14 both contacts and the full edit drawer (R-04-19, R-04-03) (4)
clubs-admin:test:      ✓ offers gender (three values), the notes, holderTaxId and the requested plan read-only 356ms
clubs-admin:test:      ✓ adds a dog document forwarding the signed upload headers, and removes one 411ms
clubs-admin:test:    ✓ E3-W07 step 4 · M15 the plan and family decisions (R-04-13, T-04-33) (4)
clubs-admin:test:      ✓ a NOT_FOUND_PENDING claim shows what the applicant typed and is resolved by attaching the holder's group 584ms
clubs-admin:test:  ✓ src/planning/TemplatesPage.test.tsx (32 tests) 16679ms
clubs-admin:test:    ✓ T-06-26 D3 weekly templates (13)
clubs-admin:test:      ✓ prefills band and day from an empty cell, fills the description by levels, keeps the manual text and asks for another class in the band 2538ms
clubs-admin:test:      ✓ saves every change of a full cell at once with the template version 1812ms
clubs-admin:test:      ✓ queues two quick changes of a full cell and sends each PATCH with the latest version 1141ms
clubs-admin:test:      ✓ reloads the template and remounts the card on STALE_VERSION 1169ms
clubs-admin:test:      ✓ puts the form back to the saved class when a PATCH fails 575ms
clubs-admin:test:      ✓ shows a failed load of the weeks and the coverage with [Torna-ho a provar] instead of a loading table 444ms
clubs-admin:test:      ✓ shows each band error on the field that caused it 391ms
clubs-admin:test:      ✓ marks the inconsistency on the cells and in the footer note and blocks the generation 554ms
clubs-admin:test:      ✓ confirms «Es generaran com a esborrany les classes de la setmana del …» and generates the proposed week 476ms
clubs-admin:test:    ✓ T-06-26 E4-W06 D3 edit-mode leftovers of the E4-W01 round-2 review (3)
clubs-admin:test:      ✓ R-06-02 #3 «Treu de la plantilla» waits for the level PATCH queued before it: the DELETE never overtakes it 394ms
clubs-admin:test:      ✓ S06 §3 #4 without the opening hours, OUTSIDE_OPENING_HOURS lands on the time the admin moved; a new band gets it without a field 536ms
clubs-admin:test:      ✓ R-06-02 #7 a failed chip PATCH puts back only the chips: the text still being typed in «Descripció» and «Límit» stays 319ms
clubs-admin:test:    ✓ T-06-26 E4-W14 D3 the removal queue (E4-W06 review #3 and #4) (4)
clubs-admin:test:      ✓ R-06-02 «Esborra la franja» (removeBand) waits in the queue for the level PATCH before it; then the drawer closes 672ms
clubs-admin:test:      ✓ R-06-02 a band removal never drops a class change queued after it: the PATCH is sent once the DELETE answers 637ms
clubs-admin:test:      ✓ R-06-02 a failed «Treu de la plantilla» keeps the change queued after it: its PATCH is sent 433ms
clubs-admin:test:    ✓ T-06-26 E4-W14 round 2 D3 the queue drops only the removed or refused class's changes (review #2) (3)
clubs-admin:test:      ✓ R-06-02 class B's chip change, queued behind class A's removal, is saved with the template's new version 438ms
clubs-admin:test:      ✓ R-06-02 class B's change queued behind class A's refused PATCH is sent; A's error goes to the page, since A's form is gone 472ms
clubs-admin:test:      ✓ R-06-02 a change of class A queued after A's own removal is dropped with a message: the class no longer exists 345ms
clubs-admin:test:    ✓ T-06-26 E4-W10 D3 closed days (S06 R-06-01, S02 R-02-09) (2)
clubs-admin:test:      ✓ R-06-01 R-02-09 a template whose kind has a closed day takes no band: the drawer says which day and sends nothing; the Saturday template still takes one 418ms
clubs-admin:test:    ✓ T-06-26 E4-W11 D3 follow-ups of the E4-W10 review (2)
clubs-admin:test:      ✓ R-06-01 R-02-09 the closed days read as a label with the days joined as a list: «Dies de tancament: dilluns i dimarts. …» 302ms
clubs-admin:test:    ✓ T-06-22 E7-W06 step 1 (CONVENCIONS_API §7, E79, E80): D3's week generation keeps its key on IN_PROGRESS (2)
clubs-admin:test:      ✓ E7-W06 step 1: D3's generation modal stays open with its Idempotency-Key on IN_PROGRESS, says «L'operació encara està en curs…» in the modal, the retry sends the same key, and the same generation after the api's answer takes a new key 324ms
clubs-admin:test:    ✓ E7-W07 step 4 (CONVENCIONS_API §7, E85): D3's week generation follows the shared submission-key rule (1)
clubs-admin:test:      ✓ T-06-26 T-06-22 E7-W07 step 4 (CONVENCIONS_API §7, E85): a 503 with the api's body keeps the generation modal open with its Idempotency-Key, so the retry sends the same key; a 422 TEMPLATE_KIND_MISMATCH retires it, so the same generation sent again takes a new key 309ms
clubs-admin:test:  ✓ src/planning/CalendarPage.test.tsx (47 tests) 16780ms
clubs-admin:test:    ✓ E3-W07 step 9 a D1 risk row opens D4 on its class (1)
clubs-admin:test:      ✓ selects the class of `?classe=` in the week of `?setmana=` 941ms
clubs-admin:test:    ✓ T-06-28 D4 / D4b / D4c class calendar (front half, MSW) (24)
clubs-admin:test:      ✓ opens «Esborrany» on the first week with drafts, with the validation card and its count 1228ms
clubs-admin:test:      ✓ [VALIDAR LA SETMANA] turns every draft of the week active at once 895ms
clubs-admin:test:      ✓ cancels an active class with registrants through D4c: four rows, text required, «ANUL·LA I AVISA ELS 4 ALUMNES» 1019ms
clubs-admin:test:      ✓ [ELIMINA] of an active class goes through the same D4c modal 1026ms
clubs-admin:test:      ✓ R-06-09 saves the diff with the version; STALE_VERSION keeps its message after the refetch remounts the card 1347ms
clubs-admin:test:      ✓ R-06-09 keeps the INVALID_STATE message of the «Exempta…» toggle after the refetch 521ms
clubs-admin:test:      ✓ R-06-05 moving a class onto training bookings asks first and resends with cancelBookings 508ms
clubs-admin:test:      ✓ R-06-11 a new ring after RING_HAS_BOOKINGS drops the confirmation: no cancelBookings for a ring not shown 480ms
clubs-admin:test:      ✓ R-06-09 [Crear classe]: a new time or ring after RING_HAS_BOOKINGS drops the confirmation 729ms
clubs-admin:test:      ✓ R-06-09 [Crear classe]: a RING_HAS_BOOKINGS answer that arrives after a ring change is dropped 664ms
clubs-admin:test:      ✓ R-06-11 the block drawer locks ring, date and times until a delayed RING_HAS_BOOKINGS arrives 444ms
clubs-admin:test:      ✓ R-06-09 keeps every editor disabled from [ACCEPTA] until the saved version is shown 531ms
clubs-admin:test:      ✓ R-06-11 lists the RING_BLOCK_CONFLICT conflicts inside the block drawer 544ms
clubs-admin:test:      ✓ INSTRUCTOR reads the calendar without actions and with inert chips (A22 c) 318ms
clubs-admin:test:    ✓ T-06-28 E4-W09 D4 follow-ups of the E4-W02 round-4 review (7)
clubs-admin:test:      ✓ S06 §3 R-06-09 an opening at 07:05 with 10-minute slots: «Hora» and [Crear classe] offer 07:10 first, and the class is sent on slot boundaries 383ms
clubs-admin:test:      ✓ R-06-09 after STALE_VERSION every editor stays locked until the refetched version is shown, so no edit is lost 373ms
clubs-admin:test:  ✓ src/activities/ActivitiesPage.test.tsx (50 tests) 17636ms
clubs-admin:test:    ✓ T-07-29 D7 activities (list, maintenance, publication, cancellation) (23)
clubs-admin:test:      ✓ draws the four mockup rows with the R-07-13 dates, rings, registrations and state chips 892ms
clubs-admin:test:      ✓ «Nova activitat» creates a draft with title and type and opens its maintenance 1236ms
clubs-admin:test:      ✓ shows the mockup maintenance of «Torneig d'Estiu 2026» with the ring, level and waitlist chips 790ms
clubs-admin:test:      ✓ disables the ring chips of an activity outside the club («— (fora del club)») 529ms
clubs-admin:test:      ✓ R-07-14 hides «Nivells» with levels.enabled=false and «Llista d'espera» without WAITLIST 690ms
clubs-admin:test:      ✓ R-07-03 [DESA] sends only the allow-listed rich text of the editor, with the version 644ms
clubs-admin:test:      ✓ R-07-05 [PUBLICA] with conflicts opens the dialog with the conflicts and the required notice text 902ms
clubs-admin:test:      ✓ R-07-04 a draft without the registration period answers ACTIVITY_INCOMPLETE on the fields 666ms
clubs-admin:test:      ✓ R-07-06 [CANCEL·LA L'ACTIVITAT] opens the modal with «CANCEL·LA I AVISA ELS 22 INSCRITS» disabled without text 636ms
clubs-admin:test:      ✓ R-07-04 after an upload [DESA] sends only the admin's own edits with the fresh version 508ms
clubs-admin:test:      ✓ R-07-05 a RING_BLOCK conflict is not forceable: no option for it and [PUBLICA I APLICA] disabled with the reason 589ms
clubs-admin:test:      ✓ R-07-05 the conflict dialog never hangs: a repeated 409 and other errors show inside it 404ms
clubs-admin:test:      ✓ R-07-04/05 save mode: a resync conflict opens «DESA I APLICA»; STALE_VERSION closes it, refetches and says so 624ms
clubs-admin:test:      ✓ E4-W17 step 5 (R-07-04): [DESA] on the published Torneig with both times cleared marks both «Cal per publicar», with «Falten dades…» 533ms
clubs-admin:test:      ✓ E4-W16 step 9 (INC-29, R-07-04): [DESA] on STALE_VERSION keeps the admin's edits, rich text included, on the fresh copy and saves them with the fresh version 665ms
clubs-admin:test:      ✓ the plain publish confirm is pending once, keeps one key per payload and turns ADMIN_TEXT_REQUIRED into the text 439ms
clubs-admin:test:      ✓ [DESPUBLICA] answers ACTIVITY_HAS_REGISTRATIONS with registrants and unpublishes without them 443ms
clubs-admin:test:      ✓ R-07-02 DUPLICATE_SLUG and SLUG_LOCKED land on the slug field 472ms
clubs-admin:test:    ✓ E7-W07 step 4 (CONVENCIONS_API §7, E74, E80, E85): D7's publication and cancellation follow the shared submission-key rule (2)
clubs-admin:test:      ✓ T-07-29 T-07-10 E7-W07 step 4 (CONVENCIONS_API §7, E85): [PUBLICA] keeps its Idempotency-Key through IN_PROGRESS and a 503 with the api's body, and a 422 ACTIVITY_IN_PAST retires it, so the same publication sent again takes a new key 430ms
clubs-admin:test:    ✓ T-07-29 E4-W08 D7 follow-ups of the E4-W04 round-2 review (6)
clubs-admin:test:      ✓ R-07-05 away from the club the hours cover the whole day: 6:00 when the club opens at 7:00 618ms
clubs-admin:test:    ✓ T-07-29 E4-W10 D7 follow-ups of the E4-W08 and E4-W09 reviews (3)
clubs-admin:test:      ✓ S07 §6 CONVENCIONS_API §4 the member filter reads every page: with 1,001 distinct registrants the member on the second page can be selected 821ms
clubs-admin:test:  ✓ src/billing/BillingPage.test.tsx (39 tests) 35000ms
clubs-admin:test:    ✓ T-12-25 D6 «Facturació»: the month as the mockup draws it (S12 §2) (3)
clubs-admin:test:      ✓ T-12-25: header, incidents first with their labels and «Obre fitxa» links, the cash members, the KPIs and the chips 2386ms
clubs-admin:test:      ✓ T-12-25: the month steppers rewrite ?mes= and read that month; a month without a simulation offers [1 · SIMULA EL MES], which shows its incidents 1627ms
clubs-admin:test:    ✓ T-12-25 the strong confirmation and the generation (R-12-11, R-12-06) (5)
clubs-admin:test:      ✓ R-12-29 (CONVENCIONS_API §7, E85): an unanswered generation (503) keeps its Idempotency-Key, so the retry is the same submission; the answer then retires it 631ms
clubs-admin:test:      ✓ CONVENCIONS_API §7 (E80): 409 IDEMPOTENCY_KEY_REUSED {IN_PROGRESS} reads the shared «encara està en curs» text inside the modal 935ms
clubs-admin:test:      ✓ T-12-25: «Es generaran 168 rebuts…» from the simulation's KPIs, then POST /billing/runs with one Idempotency-Key, «168 rebuts generats» 883ms
clubs-admin:test:      ✓ T-12-25 / R-12-07 billingStale: 409 SIMULATION_STALE turns the modal into «Torna a simular el mes» with [Simula de nou] 409ms
clubs-admin:test:    ✓ T-12-25 [Retrocedeix la remesa] only when the api says so (R-12-14) (3)
clubs-admin:test:      ✓ T-12-25: absent once the remittance is submitted (rollbackable false), present while rollbackable 705ms
clubs-admin:test:      ✓ T-12-25: the rollback button stays disabled until «RETROCEDIR» is typed exactly; then 200 «168 rebuts anul·lats» and the month reads rolled back 661ms
clubs-admin:test:      ✓ T-12-25 billingRollbackBlocked: 409 RUN_NOT_ROLLBACKABLE lists the api's reasons in the modal and the button goes 638ms
clubs-admin:test:    ✓ T-12-25 the receipts list: chips, selection and bulk mark-paid (R-12-16, E87) (2)
clubs-admin:test:      ✓ T-12-25: the chips filter the list by status on top of the month and show the api's counts 585ms
clubs-admin:test:      ✓ T-12-25: a selection enables [Marcar cobrat (selecció)]; remitted rows cannot be selected; the bulk payment marks them paid 837ms
clubs-admin:test:    ✓ T-12-25 the receipt drawer: the actions each state allows (R-12-16…R-12-20) (5)
clubs-admin:test:      ✓ T-12-25: PENDING cash, COLLECTING and FAILED direct debits, a PAID and a CANCELLED receipt 1287ms
clubs-admin:test:      ✓ T-12-25: [Marca cobrat] sends the paid date, the channel and the receipt's version; the drawer and the list read PAID 614ms
clubs-admin:test:      ✓ T-12-25: 409 STALE_VERSION reads «El rebut ha canviat. Torna a obrir-lo.» in the drawer and the receipt is read again 316ms
clubs-admin:test:    ✓ T-12-32 (D6 half) button 2 and the KPIs follow the club's providers (R-12-28) (3)
clubs-admin:test:      ✓ T-12-32 billingStripe: «2 · GENERA ELS REBUTS I COBRA LES TARGETES», the card KPI, [COBRA LES TARGETES] → 202, the 5 s poll while CHARGING and «impagat (targeta)» 5657ms
clubs-admin:test:    ✓ E8-W01 review follow-ups: where errors land, what the admin sees, what the api decides (10)
clubs-admin:test:      ✓ R-12-19: 422 CURRENCY_MISMATCH reads inside the manual receipt modal 648ms
clubs-admin:test:      ✓ R-12-13: the poll stops after two minutes of CHARGING with [Actualitza], which polls again 10813ms
clubs-admin:test:    ✓ E8-W01 second review (01-10): the manual receipt's member and errors, the earliest collection date, a rolled-back receipt (4)
clubs-admin:test:      ✓ R-12-19: a new search drops the chosen member, so the receipt never goes to a member the list no longer shows 623ms
clubs-admin:test:      ✓ R-12-19: the api's 400 on a line's member (lines[0].description) sits on that line, and on includeInNextRun under its checkbox, with no second generic alert 650ms
clubs-admin:test:    ✓ R-12-19 and R-12-26: the manual receipt and the accounting export (2)
clubs-admin:test:      ✓ R-12-19: [Rebut manual] finds the member, sends the lines in minor units, and the api's numbering blocks the rollback (MANUAL_INVOICE_AFTER) 791ms
clubs-admin:test: 
clubs-admin:test:  Test Files  40 passed (40)
clubs-admin:test:       Tests  647 passed (647)
clubs-admin:test:    Start at  08:14:21
clubs-admin:test:    Duration  41.20s (tests 65%, environment 15%, transform 12%, import 5%, setup 3%)
clubs-admin:test: 

 Tasks:    34 successful, 34 total
Cached:    19 cached, 34 total
  Time:    50.496s 

