• turbo 2.10.12

   • Packages in scope: @agilityhub/api-client, @agilityhub/auth, @agilityhub/config, @agilityhub/course-core, @agilityhub/i18n, @agilityhub/shared-types, @agilityhub/ui, clubs, clubs-admin, id
   • Running lint, typecheck, test, build in 10 packages
   • Remote caching disabled

@agilityhub/ui:typecheck: cache bypass, force executing 3dc4f28c6ed9cf6a
@agilityhub/course-core:typecheck: cache bypass, force executing 671f426b6643ad21
@agilityhub/course-core:test: cache bypass, force executing 1c26edab867f42c5
@agilityhub/ui:lint: cache bypass, force executing 2a513b0bb21076a6
@agilityhub/i18n:lint: cache bypass, force executing c8fa0475b8773ee7
@agilityhub/shared-types:lint: cache bypass, force executing d383151fe730994b
@agilityhub/course-core:lint: cache bypass, force executing ef70bf6c19ae37ee
@agilityhub/api-client:test: cache bypass, force executing 836a32bc520e6096
@agilityhub/auth:lint: cache bypass, force executing f4053950041e0287
@agilityhub/api-client:typecheck: cache bypass, force executing fada0fc23e6d1482
@agilityhub/ui:typecheck: 
@agilityhub/ui:typecheck: > @agilityhub/ui@0.0.0 typecheck /Users/jordib/dev/agilityhub/agilityhub-core-web/packages/ui
@agilityhub/ui:typecheck: > tsc --noEmit
@agilityhub/ui:typecheck: 
@agilityhub/api-client:test: 
@agilityhub/api-client:test: > @agilityhub/api-client@0.0.0 test /Users/jordib/dev/agilityhub/agilityhub-core-web/packages/api-client
@agilityhub/api-client:test: > vitest run
@agilityhub/api-client:test: 
@agilityhub/ui:lint: 
@agilityhub/ui:lint: > @agilityhub/ui@0.0.0 lint /Users/jordib/dev/agilityhub/agilityhub-core-web/packages/ui
@agilityhub/ui:lint: > eslint src --max-warnings 0 --config ../../eslint.config.mjs
@agilityhub/ui:lint: 
@agilityhub/course-core:lint: 
@agilityhub/course-core:lint: > @agilityhub/course-core@0.0.1 lint /Users/jordib/dev/agilityhub/agilityhub-core-web/packages/course-core
@agilityhub/course-core:lint: > eslint src tests --max-warnings 0 --config ../../eslint.config.mjs
@agilityhub/course-core:lint: 
@agilityhub/course-core:test: 
@agilityhub/course-core:test: > @agilityhub/course-core@0.0.1 test /Users/jordib/dev/agilityhub/agilityhub-core-web/packages/course-core
@agilityhub/course-core:test: > vitest run
@agilityhub/course-core:test: 
@agilityhub/course-core:typecheck: 
@agilityhub/course-core:typecheck: > @agilityhub/course-core@0.0.1 typecheck /Users/jordib/dev/agilityhub/agilityhub-core-web/packages/course-core
@agilityhub/course-core:typecheck: > tsc --noEmit
@agilityhub/course-core:typecheck: 
@agilityhub/shared-types:lint: 
@agilityhub/shared-types:lint: > @agilityhub/shared-types@0.0.1 lint /Users/jordib/dev/agilityhub/agilityhub-core-web/packages/shared-types
@agilityhub/shared-types:lint: > eslint src tests --max-warnings 0 --config ../../eslint.config.mjs
@agilityhub/shared-types:lint: 
@agilityhub/auth:lint: 
@agilityhub/auth:lint: > @agilityhub/auth@0.0.0 lint /Users/jordib/dev/agilityhub/agilityhub-core-web/packages/auth
@agilityhub/auth:lint: > eslint src --max-warnings 0 --config ../../eslint.config.mjs
@agilityhub/auth:lint: 
@agilityhub/api-client:typecheck: 
@agilityhub/api-client:typecheck: > @agilityhub/api-client@0.0.0 typecheck /Users/jordib/dev/agilityhub/agilityhub-core-web/packages/api-client
@agilityhub/api-client:typecheck: > tsc --noEmit
@agilityhub/api-client:typecheck: 
@agilityhub/i18n:lint: 
@agilityhub/i18n:lint: > @agilityhub/i18n@0.0.0 lint /Users/jordib/dev/agilityhub/agilityhub-core-web/packages/i18n
@agilityhub/i18n:lint: > eslint src --max-warnings 0 --config ../../eslint.config.mjs
@agilityhub/i18n:lint: 
@agilityhub/api-client:test: 
@agilityhub/api-client:test: [1m[30m[46m RUN [49m[39m[22m [36mv5.0.0 [39m[90m/Users/jordib/dev/agilityhub/agilityhub-core-web/packages/api-client[39m
@agilityhub/api-client:test: 
@agilityhub/course-core:test: 
@agilityhub/course-core:test: [1m[30m[46m RUN [49m[39m[22m [36mv5.0.0 [39m[90m/Users/jordib/dev/agilityhub/agilityhub-core-web/packages/course-core[39m
@agilityhub/course-core:test: 
@agilityhub/course-core:test:  [32m✓[39m tests/geometry-primitives.test.ts [2m([22m[2m15 tests[22m[2m)[22m[32m 13[2mms[22m[39m
@agilityhub/course-core:test:  [32m✓[39m tests/marker-id.test.ts [2m([22m[2m11 tests[22m[2m)[22m[32m 11[2mms[22m[39m
@agilityhub/course-core:test:  [32m✓[39m tests/coords.test.ts [2m([22m[2m5 tests[22m[2m)[22m[32m 4[2mms[22m[39m
@agilityhub/course-core:test:  [32m✓[39m tests/geometry-transform.test.ts [2m([22m[2m6 tests[22m[2m)[22m[32m 5[2mms[22m[39m
@agilityhub/course-core:test:  [32m✓[39m tests/calibration.test.ts [2m([22m[2m9 tests[22m[2m)[22m[32m 6[2mms[22m[39m
@agilityhub/api-client:test:  [32m✓[39m src/api-error.test.ts [2m([22m[2m4 tests[22m[2m)[22m[32m 5[2mms[22m[39m
@agilityhub/course-core:test:  [32m✓[39m tests/units.test.ts [2m([22m[2m5 tests[22m[2m)[22m[32m 4[2mms[22m[39m
@agilityhub/course-core:test:  [32m✓[39m tests/parse-smarter-colors-txt.test.ts [2m([22m[2m6 tests[22m[2m)[22m[32m 5[2mms[22m[39m
@agilityhub/course-core:test:  [32m✓[39m tests/apriltag-36h11.test.ts [2m([22m[2m31 tests[22m[2m)[22m[32m 63[2mms[22m[39m
@agilityhub/course-core:test:  [32m✓[39m tests/ring.test.ts [2m([22m[2m7 tests[22m[2m)[22m[32m 9[2mms[22m[39m
@agilityhub/course-core:test:  [32m✓[39m tests/marker-svg.test.ts [2m([22m[2m29 tests[22m[2m)[22m[32m 19[2mms[22m[39m
@agilityhub/course-core:test:  [32m✓[39m tests/placement.test.ts [2m([22m[2m20 tests[22m[2m)[22m[32m 13[2mms[22m[39m
@agilityhub/course-core:test:  [32m✓[39m tests/summarize-course.test.ts [2m([22m[2m8 tests[22m[2m)[22m[32m 20[2mms[22m[39m
@agilityhub/course-core:test:  [32m✓[39m tests/parse-smarter-txt.test.ts [2m([22m[2m113 tests[22m[2m)[22m[32m 37[2mms[22m[39m
@agilityhub/course-core:test:  [32m✓[39m tests/smarter-writer.test.ts [2m([22m[2m8 tests[22m[2m)[22m[32m 21[2mms[22m[39m
@agilityhub/course-core:test:  [32m✓[39m tests/wrapper.test.ts [2m([22m[2m5 tests[22m[2m)[22m[32m 5[2mms[22m[39m
@agilityhub/course-core:test:  [32m✓[39m tests/warnings-engine.test.ts [2m([22m[2m13 tests[22m[2m)[22m[32m 15[2mms[22m[39m
@agilityhub/course-core:test:  [32m✓[39m tests/warnings-rules.test.ts [2m([22m[2m26 tests[22m[2m)[22m[32m 28[2mms[22m[39m
@agilityhub/course-core:test:  [32m✓[39m tests/smarter-fixtures.test.ts [2m([22m[2m25 tests[22m[2m)[22m[32m 21[2mms[22m[39m
@agilityhub/course-core:test: 
@agilityhub/course-core:test: [2m Test Files [22m [1m[32m18 passed[39m[22m[90m (18)[39m
@agilityhub/course-core:test: [2m      Tests [22m [1m[32m342 passed[39m[22m[90m (342)[39m
@agilityhub/course-core:test: [2m   Start at [22m 21:28:52
@agilityhub/course-core:test: [2m   Duration [22m 1.66s[2m (transform 85%, import 10%, tests 3%, worker 2%)[22m
@agilityhub/course-core:test: 
@agilityhub/course-core:test: [2m  Transform [22m [33mtransforming modules took 7.95s[39m[2m · 85% of tracked time, re-done on every run[22m
@agilityhub/course-core:test: [2m            [22m [2mpersist transforms across runs with [22m[33mfsModuleCache: true[39m
@agilityhub/course-core:test: [2m            [22m [2mlearn more: https://vitest.dev/guide/improving-performance#caching-between-reruns[22m
@agilityhub/course-core:test: 
@agilityhub/course-core:build: cache bypass, force executing 431d96cbc72fd83b
@agilityhub/api-client:test:  [32m✓[39m src/exports.test.ts [2m([22m[2m16 tests[22m[2m)[22m[32m 151[2mms[22m[39m
@agilityhub/api-client:test:  [32m✓[39m src/club-pages.test.ts [2m([22m[2m1 test[22m[2m)[22m[32m 136[2mms[22m[39m
@agilityhub/course-core:build: 
@agilityhub/course-core:build: > @agilityhub/course-core@0.0.1 build /Users/jordib/dev/agilityhub/agilityhub-core-web/packages/course-core
@agilityhub/course-core:build: > tsc -p tsconfig.build.json
@agilityhub/course-core:build: 
@agilityhub/api-client:test:  [32m✓[39m src/mocks/list-exports.test.ts [2m([22m[2m19 tests[22m[2m)[22m[33m 623[2mms[22m[39m
@agilityhub/api-client:test:  [32m✓[39m src/index.test.ts [2m([22m[2m13 tests[22m[2m)[22m[33m 755[2mms[22m[39m
@agilityhub/api-client:test:  [32m✓[39m src/mocks/club-settings-handlers.test.ts [2m([22m[2m1 test[22m[2m)[22m[32m 111[2mms[22m[39m
@agilityhub/api-client:test:  [32m✓[39m src/mocks/signup-handlers.test.ts [2m([22m[2m28 tests[22m[2m)[22m[33m 627[2mms[22m[39m
@agilityhub/api-client:test:  [32m✓[39m src/mocks/booking-handlers.test.ts [2m([22m[2m11 tests[22m[2m)[22m[33m 843[2mms[22m[39m
@agilityhub/config:lint: cache bypass, force executing 42ac5d636417f38d
@agilityhub/api-client:test:  [32m✓[39m src/mocks/activity-handlers.test.ts [2m([22m[2m26 tests[22m[2m)[22m[33m 2690[2mms[22m[39m
@agilityhub/api-client:test:    [32m✓[39m E4-W04 activity MSW handlers follow the S07 contract (forms A, B and the D7 list) [2m(14)[22m
@agilityhub/api-client:test:      [33m[2m✓[22m[39m R-07-08/09 registers, answers ACTIVITY_FULL, joins the waitlist and promotes FIFO[33m 331[2mms[22m[39m
@agilityhub/config:lint: 
@agilityhub/config:lint: > @agilityhub/config@0.0.0 lint /Users/jordib/dev/agilityhub/agilityhub-core-web/packages/config
@agilityhub/config:lint: > eslint . --max-warnings 0 --config ../../eslint.config.mjs
@agilityhub/config:lint: 
@agilityhub/api-client:test:  [32m✓[39m src/mocks/calendar-handlers.test.ts [2m([22m[2m10 tests[22m[2m)[22m[33m 3298[2mms[22m[39m
@agilityhub/api-client:test:    [32m✓[39m E4-W02 calendar MSW handlers follow the S06 contract (forms B and D) [2m(7)[22m
@agilityhub/api-client:test:      [33m[2m✓[22m[39m serves the D4 week (form B) with the Thursday warning and the Carretera block[33m 315[2mms[22m[39m
@agilityhub/api-client:test:      [33m[2m✓[22m[39m R-06-08 validates the draft week and refuses the inconsistent one[33m 484[2mms[22m[39m
@agilityhub/api-client:test:      [33m[2m✓[22m[39m E5-T15 GET /class-sessions/{id} adds instructorNames and the ring; PATCH does not[33m 418[2mms[22m[39m
@agilityhub/api-client:test:      [33m[2m✓[22m[39m R-06-10 cancels with the notice text and R-06-09 checks the version[33m 409[2mms[22m[39m
@agilityhub/api-client:test:      [33m[2m✓[22m[39m R-06-05 answers RING_HAS_BOOKINGS when a class or a block moves onto a training booking[33m 421[2mms[22m[39m
id:lint: cache bypass, force executing f7faf03e54849b61
@agilityhub/api-client:test:  [32m✓[39m src/mocks/fixtures.contract.test.ts [2m([22m[2m63 tests[22m[2m)[22m[33m 3159[2mms[22m[39m
@agilityhub/api-client:test:  [32m✓[39m src/mocks/day-grid-handlers.test.ts [2m([22m[2m16 tests[22m[2m)[22m[33m 4378[2mms[22m[39m
@agilityhub/api-client:test:    [32m✓[39m E4-W03 day-grid MSW handlers: roles, impersonation and tenant (S06 §6, MATRIU_PERMISOS) [2m(16)[22m
@agilityhub/api-client:test:      [33m[2m✓[22m[39m gives staff the instructor projection of a class and the full block[33m 448[2mms[22m[39m
@agilityhub/api-client:test:      [33m[2m✓[22m[39m E5-T15 gives staff the detail-only instructorNames and ring of a class[33m 333[2mms[22m[39m
@agilityhub/api-client:test:      [33m[2m✓[22m[39m gives the member the member projection of a class, never a cancelled one[33m 329[2mms[22m[39m
@agilityhub/api-client:test:      [33m[2m✓[22m[39m gives the impersonated the member projection of a class, never a cancelled one[33m 317[2mms[22m[39m
@agilityhub/api-client:test:      [33m[2m✓[22m[39m redacts the block for a member (no note, no author) and denies the impersonation[33m 356[2mms[22m[39m
@agilityhub/api-client:test:      [33m[2m✓[22m[39m answers 403 to a member or an impersonation cancelling a block, which stays active[33m 352[2mms[22m[39m
@agilityhub/api-client:test:      [33m[2m✓[22m[39m scopes the fixtures to their club: another tenant gets 404 and empty days[33m 301[2mms[22m[39m
@agilityhub/api-client:test:      [33m[2m✓[22m[39m answers 400 VALIDATION_ERROR to date=2026-13-01[33m 316[2mms[22m[39m
@agilityhub/api-client:test:  [32m✓[39m src/mocks/mock-worlds.budget.test.ts [2m([22m[2m15 tests[22m[2m)[22m[33m 5058[2mms[22m[39m
@agilityhub/api-client:test:    [32m✓[39m E3-W10 build-time budget of the MSW mock worlds [2m(15)[22m
@agilityhub/api-client:test:      [33m[2m✓[22m[39m imports the mock modules afresh within the start-up budget[33m 1350[2mms[22m[39m
@agilityhub/api-client:test:      [33m[2m✓[22m[39m builds resetActivityState within its budget[33m 525[2mms[22m[39m
@agilityhub/api-client:test:      [33m[2m✓[22m[39m builds resetCensusRecordState within its budget[33m 344[2mms[22m[39m
@agilityhub/api-client:test:      [33m[2m✓[22m[39m builds resetDashboardMockState within its budget[33m 304[2mms[22m[39m
@agilityhub/api-client:test:      [33m[2m✓[22m[39m builds resetPlanningState within its budget[33m 740[2mms[22m[39m
@agilityhub/api-client:test: 
@agilityhub/api-client:test: [2m Test Files [22m [1m[32m13 passed[39m[22m[90m (13)[39m
@agilityhub/api-client:test: [2m      Tests [22m [1m[32m223 passed[39m[22m[90m (223)[39m
@agilityhub/api-client:test: [2m   Start at [22m 21:28:52
@agilityhub/api-client:test: [2m   Duration [22m 7.55s[2m (tests 44%, transform 30%, import 26%)[22m
@agilityhub/api-client:test: 
@agilityhub/api-client:test: [2m  Transform [22m [33mtransforming modules took 14.82s[39m[2m · 30% of tracked time, re-done on every run[22m
@agilityhub/api-client:test: [2m            [22m [2mpersist transforms across runs with [22m[33mfsModuleCache: true[39m
@agilityhub/api-client:test: [2m            [22m [2mlearn more: https://vitest.dev/guide/improving-performance#caching-between-reruns[22m
@agilityhub/api-client:test: 
clubs-admin:lint: cache bypass, force executing b465b3fbc7b2a13e
id:lint: 
id:lint: > id@0.0.0 lint /Users/jordib/dev/agilityhub/agilityhub-core-web/apps/id
id:lint: > eslint . --max-warnings 0 --config ../../eslint.config.mjs
id:lint: 
clubs-admin:lint: 
clubs-admin:lint: > clubs-admin@0.0.0 lint /Users/jordib/dev/agilityhub/agilityhub-core-web/apps/clubs-admin
clubs-admin:lint: > eslint . --max-warnings 0 --config ../../eslint.config.mjs
clubs-admin:lint: 
@agilityhub/ui:test: cache bypass, force executing c7b809a1dd6515fb
@agilityhub/ui:test: 
@agilityhub/ui:test: > @agilityhub/ui@0.0.0 test /Users/jordib/dev/agilityhub/agilityhub-core-web/packages/ui
@agilityhub/ui:test: > vitest run
@agilityhub/ui:test: 
clubs:lint: cache bypass, force executing 838d58a5f80977f5
@agilityhub/api-client:lint: cache bypass, force executing 57e14f5db4075e91
@agilityhub/config:typecheck: cache bypass, force executing 6860c83ceac65ae7
@agilityhub/ui:test: 
@agilityhub/ui:test: [1m[30m[46m RUN [49m[39m[22m [36mv5.0.0 [39m[90m/Users/jordib/dev/agilityhub/agilityhub-core-web/packages/ui[39m
@agilityhub/ui:test: 
clubs:lint: 
clubs:lint: > clubs@0.0.0 lint /Users/jordib/dev/agilityhub/agilityhub-core-web/apps/clubs
clubs:lint: > eslint . --max-warnings 0 --config ../../eslint.config.mjs
clubs:lint: 
@agilityhub/api-client:lint: 
@agilityhub/api-client:lint: > @agilityhub/api-client@0.0.0 lint /Users/jordib/dev/agilityhub/agilityhub-core-web/packages/api-client
@agilityhub/api-client:lint: > eslint src --ignore-pattern src/generated/** --max-warnings 0 --config ../../eslint.config.mjs
@agilityhub/api-client:lint: 
@agilityhub/config:typecheck: 
@agilityhub/config:typecheck: > @agilityhub/config@0.0.0 typecheck /Users/jordib/dev/agilityhub/agilityhub-core-web/packages/config
@agilityhub/config:typecheck: > node --check eslint.config.mjs && node --check prettier.config.mjs && node --check scripts/prepare-husky.mjs
@agilityhub/config:typecheck: 
@agilityhub/shared-types:test: cache bypass, force executing 30c0e8b7888e66b3
@agilityhub/shared-types:typecheck: cache bypass, force executing c4a7a4d38f585971
@agilityhub/shared-types:test: 
@agilityhub/shared-types:test: > @agilityhub/shared-types@0.0.1 test /Users/jordib/dev/agilityhub/agilityhub-core-web/packages/shared-types
@agilityhub/shared-types:test: > vitest run
@agilityhub/shared-types:test: 
@agilityhub/shared-types:typecheck: 
@agilityhub/shared-types:typecheck: > @agilityhub/shared-types@0.0.1 typecheck /Users/jordib/dev/agilityhub/agilityhub-core-web/packages/shared-types
@agilityhub/shared-types:typecheck: > tsc --noEmit
@agilityhub/shared-types:typecheck: 
@agilityhub/shared-types:test: 
@agilityhub/shared-types:test: [1m[30m[46m RUN [49m[39m[22m [36mv5.0.0 [39m[90m/Users/jordib/dev/agilityhub/agilityhub-core-web/packages/shared-types[39m
@agilityhub/shared-types:test: 
@agilityhub/ui:test:  [32m✓[39m src/on-primary.test.ts [2m([22m[2m3 tests[22m[2m)[22m[32m 32[2mms[22m[39m
@agilityhub/ui:test:  [32m✓[39m src/universal-list.test.tsx [2m([22m[2m5 tests[22m[2m)[22m[32m 10[2mms[22m[39m
@agilityhub/ui:test:  [32m✓[39m src/icons/Icon.test.tsx [2m([22m[2m1 test[22m[2m)[22m[33m 360[2mms[22m[39m
@agilityhub/ui:test:    [32m✓[39m Icon [2m(1)[22m
@agilityhub/ui:test:      [33m[2m✓[22m[39m renders a typed mockup sprite symbol[33m 357[2mms[22m[39m
@agilityhub/ui:test:  [32m✓[39m src/branding.test.tsx [2m([22m[2m5 tests[22m[2m)[22m[32m 46[2mms[22m[39m
@agilityhub/ui:test:  [32m✓[39m src/index.test.ts [2m([22m[2m2 tests[22m[2m)[22m[32m 5[2mms[22m[39m
@agilityhub/ui:test:  [32m✓[39m src/limited-markdown.test.tsx [2m([22m[2m1 test[22m[2m)[22m[33m 315[2mms[22m[39m
@agilityhub/ui:test:    [32m✓[39m LimitedMarkdown [2m(1)[22m
@agilityhub/ui:test:      [33m[2m✓[22m[39m renders the allowed subset and strips unsupported HTML and images[33m 314[2mms[22m[39m
@agilityhub/ui:test: [90mstderr[2m | src/day-grid.test.tsx[2m > [22m[2mDayGrid presenter (screens 10 / 23)[2m > [22m[2mrenders the api's «Sense» column as delivered and never adds one of its own
@agilityhub/ui:test: [22m[39m[DayGrid] cells without a matching column are not drawn: cls-1 (ringId null)
@agilityhub/ui:test: 
@agilityhub/ui:test:  [32m✓[39m src/schedule-grid.test.tsx [2m([22m[2m2 tests[22m[2m)[22m[33m 624[2mms[22m[39m
@agilityhub/ui:test:    [32m✓[39m ScheduleGrid [2m(2)[22m
@agilityhub/ui:test:      [33m[2m✓[22m[39m stacks cells per slot, exposes day buttons and tints cells through --schedule-color[33m 568[2mms[22m[39m
@agilityhub/ui:test:  [32m✓[39m src/rich-text.test.tsx [2m([22m[2m13 tests[22m[2m)[22m[33m 810[2mms[22m[39m
@agilityhub/ui:test:    [32m✓[39m SafeHtml [2m(2)[22m
@agilityhub/ui:test:      [33m[2m✓[22m[39m re-applies the allow-list before rendering and adds rel/target to links[33m 334[2mms[22m[39m
@agilityhub/ui:test:  [32m✓[39m src/day-grid.test.tsx [2m([22m[2m10 tests[22m[2m)[22m[33m 632[2mms[22m[39m
@agilityhub/ui:test:    [32m✓[39m DayGrid presenter (screens 10 / 23) [2m(10)[22m
@agilityhub/ui:test:      [33m[2m✓[22m[39m keeps identical ring columns and strips the leading zero of each start time[33m 372[2mms[22m[39m
@agilityhub/ui:test:  [32m✓[39m src/components.test.tsx [2m([22m[2m28 tests[22m[2m)[22m[33m 961[2mms[22m[39m
@agilityhub/ui:test: 
@agilityhub/ui:test: [2m Test Files [22m [1m[32m10 passed[39m[22m[90m (10)[39m
@agilityhub/ui:test: [2m      Tests [22m [1m[32m70 passed[39m[22m[90m (70)[39m
@agilityhub/ui:test: [2m   Start at [22m 21:29:02
@agilityhub/ui:test: [2m   Duration [22m 4.43s[2m (environment 67%, setup 14%, tests 11%, transform 7%, import 1%)[22m
@agilityhub/ui:test: 
@agilityhub/i18n:test: cache bypass, force executing 12e87ccf531d90b6
@agilityhub/shared-types:test:  [32m✓[39m tests/build-session-export.test.ts [2m([22m[2m21 tests[22m[2m)[22m[32m 50[2mms[22m[39m
@agilityhub/shared-types:test: 
@agilityhub/shared-types:test: [2m Test Files [22m [1m[32m1 passed[39m[22m[90m (1)[39m
@agilityhub/shared-types:test: [2m      Tests [22m [1m[32m21 passed[39m[22m[90m (21)[39m
@agilityhub/shared-types:test: [2m   Start at [22m 21:29:06
@agilityhub/shared-types:test: [2m   Duration [22m 1.41s[2m (transform 82%, import 13%, tests 5%)[22m
@agilityhub/shared-types:test: 
@agilityhub/i18n:typecheck: cache bypass, force executing be1fa459b0f39b80
@agilityhub/shared-types:build: cache bypass, force executing d3d69457da5c20b5
@agilityhub/i18n:test: 
@agilityhub/i18n:test: > @agilityhub/i18n@0.0.0 test /Users/jordib/dev/agilityhub/agilityhub-core-web/packages/i18n
@agilityhub/i18n:test: > vitest run
@agilityhub/i18n:test: 
id:build: cache bypass, force executing 7e184be083adc27e
@agilityhub/i18n:typecheck: 
@agilityhub/i18n:typecheck: > @agilityhub/i18n@0.0.0 typecheck /Users/jordib/dev/agilityhub/agilityhub-core-web/packages/i18n
@agilityhub/i18n:typecheck: > tsc --noEmit
@agilityhub/i18n:typecheck: 
@agilityhub/shared-types:build: 
@agilityhub/shared-types:build: > @agilityhub/shared-types@0.0.1 build /Users/jordib/dev/agilityhub/agilityhub-core-web/packages/shared-types
@agilityhub/shared-types:build: > tsc -p tsconfig.build.json
@agilityhub/shared-types:build: 
id:build: 
id:build: > id@0.0.0 build /Users/jordib/dev/agilityhub/agilityhub-core-web/apps/id
id:build: > tsc --noEmit && vite build
id:build: 
@agilityhub/i18n:test: 
@agilityhub/i18n:test: [1m[30m[46m RUN [49m[39m[22m [36mv5.0.0 [39m[90m/Users/jordib/dev/agilityhub/agilityhub-core-web/packages/i18n[39m
@agilityhub/i18n:test: 
@agilityhub/i18n:test:  [32m✓[39m src/masking.test.ts [2m([22m[2m9 tests[22m[2m)[22m[32m 8[2mms[22m[39m
@agilityhub/i18n:test:  [32m✓[39m src/locale.test.ts [2m([22m[2m3 tests[22m[2m)[22m[32m 4[2mms[22m[39m
clubs-admin:build: cache bypass, force executing 2f2c474e4558063c
@agilityhub/i18n:test:  [32m✓[39m src/activities.test.ts [2m([22m[2m5 tests[22m[2m)[22m[32m 97[2mms[22m[39m
@agilityhub/i18n:test:  [32m✓[39m src/index.test.ts [2m([22m[2m3 tests[22m[2m)[22m[32m 54[2mms[22m[39m
@agilityhub/i18n:test:  [32m✓[39m src/format.test.ts [2m([22m[2m60 tests[22m[2m)[22m[32m 152[2mms[22m[39m
@agilityhub/i18n:test: 
@agilityhub/i18n:test: [2m Test Files [22m [1m[32m5 passed[39m[22m[90m (5)[39m
@agilityhub/i18n:test: [2m      Tests [22m [1m[32m80 passed[39m[22m[90m (80)[39m
@agilityhub/i18n:test: [2m   Start at [22m 21:29:08
@agilityhub/i18n:test: [2m   Duration [22m 1.69s[2m (transform 77%, import 13%, tests 9%, worker 2%)[22m
@agilityhub/i18n:test: 
@agilityhub/i18n:test: [2m  Transform [22m [33mtransforming modules took 2.70s[39m[2m · 77% of tracked time, re-done on every run[22m
@agilityhub/i18n:test: [2m            [22m [2mpersist transforms across runs with [22m[33mfsModuleCache: true[39m
@agilityhub/i18n:test: [2m            [22m [2mlearn more: https://vitest.dev/guide/improving-performance#caching-between-reruns[22m
@agilityhub/i18n:test: 
clubs:build: cache bypass, force executing 92e51b9a5d5f9360
clubs-admin:build: 
clubs-admin:build: > clubs-admin@0.0.0 build /Users/jordib/dev/agilityhub/agilityhub-core-web/apps/clubs-admin
clubs-admin:build: > tsc --noEmit && vite build
clubs-admin:build: 
clubs:build: 
clubs:build: > clubs@0.0.0 build /Users/jordib/dev/agilityhub/agilityhub-core-web/apps/clubs
clubs:build: > tsc --noEmit && vite build
clubs:build: 
@agilityhub/auth:typecheck: cache bypass, force executing 803865fbac1005b6
@agilityhub/auth:test: cache bypass, force executing d0e8875776a9e620
@agilityhub/auth:test: 
@agilityhub/auth:test: > @agilityhub/auth@0.0.0 test /Users/jordib/dev/agilityhub/agilityhub-core-web/packages/auth
@agilityhub/auth:test: > vitest run
@agilityhub/auth:test: 
@agilityhub/auth:typecheck: 
@agilityhub/auth:typecheck: > @agilityhub/auth@0.0.0 typecheck /Users/jordib/dev/agilityhub/agilityhub-core-web/packages/auth
@agilityhub/auth:typecheck: > tsc --noEmit
@agilityhub/auth:typecheck: 
@agilityhub/auth:test: 
@agilityhub/auth:test: [1m[30m[46m RUN [49m[39m[22m [36mv5.0.0 [39m[90m/Users/jordib/dev/agilityhub/agilityhub-core-web/packages/auth[39m
@agilityhub/auth:test: 
@agilityhub/auth:test:  [32m✓[39m src/auth-client.test.ts [2m([22m[2m14 tests[22m[2m)[22m[32m 187[2mms[22m[39m
@agilityhub/auth:test:  [32m✓[39m src/session.test.tsx [2m([22m[2m3 tests[22m[2m)[22m[33m 328[2mms[22m[39m
@agilityhub/auth:test: 
@agilityhub/auth:test: [2m Test Files [22m [1m[32m2 passed[39m[22m[90m (2)[39m
@agilityhub/auth:test: [2m      Tests [22m [1m[32m17 passed[39m[22m[90m (17)[39m
@agilityhub/auth:test: [2m   Start at [22m 21:29:15
@agilityhub/auth:test: [2m   Duration [22m 4.32s[2m (environment 49%, transform 25%, import 18%, tests 7%)[22m
@agilityhub/auth:test: 
id:build: vite v8.2.2 building client environment for production...
id:build: transforming...
id:build: ✓ 461 modules transformed.
id:build: rendering chunks...
id:build: computing gzip size...
id:build: dist/index.html                                           0.39 kB │ gzip:   0.27 kB
id:build: dist/assets/sprite-BOr1Ydze.svg                           5.78 kB │ gzip:   1.52 kB
id:build: dist/assets/montserrat-latin-600-normal-UVxSCcoG.woff2   18.68 kB
id:build: dist/assets/montserrat-latin-500-normal-DRFEGfly.woff2   18.74 kB
id:build: dist/assets/montserrat-latin-400-normal-BLhwKU8k.woff2   18.78 kB
id:build: dist/assets/montserrat-latin-700-normal-BdjcYUrC.woff2   18.82 kB
id:build: dist/assets/montserrat-latin-600-normal-CdhFl4lI.woff    20.54 kB
id:build: dist/assets/montserrat-latin-500-normal-Dok2oTci.woff    20.60 kB
id:build: dist/assets/montserrat-latin-400-normal-xItZbAXg.woff    20.64 kB
id:build: dist/assets/montserrat-latin-700-normal-BWkrl476.woff    20.67 kB
id:build: dist/assets/index-CMLDhQRB.css                           41.15 kB │ gzip:   7.97 kB
id:build: dist/assets/instructor-2bAH5ABx.js                        0.66 kB │ gzip:   0.37 kB
id:build: dist/assets/instructor-CIeGCGgu.js                        0.69 kB │ gzip:   0.40 kB
id:build: dist/assets/instructor-DhU44yEo.js                        0.69 kB │ gzip:   0.40 kB
id:build: dist/assets/shell-5wrIZEiU.js                             1.34 kB │ gzip:   0.71 kB
id:build: dist/assets/shell-BPq7tYY0.js                             1.38 kB │ gzip:   0.79 kB
id:build: dist/assets/shell-Cc61Igy-.js                             1.41 kB │ gzip:   0.79 kB
id:build: dist/assets/home-CLVBc5a3.js                              1.59 kB │ gzip:   0.79 kB
id:build: dist/assets/home-DIaHUeYG.js                              1.65 kB │ gzip:   0.84 kB
id:build: dist/assets/home-vQT0WHAi.js                              1.67 kB │ gzip:   0.84 kB
id:build: dist/assets/activities-_j5UPNJ2.js                        1.79 kB │ gzip:   0.83 kB
id:build: dist/assets/activities-D_fvQi10.js                        1.86 kB │ gzip:   0.91 kB
id:build: dist/assets/activities-BKuUowmB.js                        1.88 kB │ gzip:   0.91 kB
id:build: dist/assets/common-BvaxCg6n.js                            1.88 kB │ gzip:   0.93 kB
id:build: dist/assets/admin-dashboard-DvDgkujA.js                   1.96 kB │ gzip:   0.98 kB
id:build: dist/assets/common-DG4b_QZb.js                            1.97 kB │ gzip:   1.01 kB
id:build: dist/assets/common-5Y_Dx5yj.js                            2.01 kB │ gzip:   1.03 kB
id:build: dist/assets/admin-dashboard-Dt6_rxsx.js                   2.04 kB │ gzip:   1.08 kB
id:build: dist/assets/admin-dashboard-BNSiJ2pS.js                   2.09 kB │ gzip:   1.09 kB
id:build: dist/assets/enums-B-iPDQvw.js                             2.70 kB │ gzip:   1.23 kB
id:build: dist/assets/enums-DUvClrJj.js                             2.78 kB │ gzip:   1.30 kB
id:build: dist/assets/enums-D-TTVGU3.js                             2.79 kB │ gzip:   1.30 kB
id:build: dist/assets/id-cJQwgM2i.js                                2.89 kB │ gzip:   1.28 kB
id:build: dist/assets/admin-audit-B0Z1oVf2.js                       2.95 kB │ gzip:   1.39 kB
id:build: dist/assets/id-Dio3OKNo.js                                3.04 kB │ gzip:   1.41 kB
id:build: dist/assets/id-Rnv2hXs4.js                                3.10 kB │ gzip:   1.42 kB
id:build: dist/assets/admin-audit-BS32JsSa.js                       3.20 kB │ gzip:   1.54 kB
id:build: dist/assets/admin-audit-CkyykZV1.js                       3.28 kB │ gzip:   1.56 kB
id:build: dist/assets/auth-CPk47kNm.js                              4.25 kB │ gzip:   1.86 kB
id:build: dist/assets/auth-UGh5pJ7A.js                              4.69 kB │ gzip:   2.06 kB
id:build: dist/assets/auth-JamjDQZz.js                              4.75 kB │ gzip:   2.07 kB
id:build: dist/assets/booking-Bzzfkcsu.js                           4.79 kB │ gzip:   1.82 kB
id:build: dist/assets/booking-DFimaro9.js                           5.11 kB │ gzip:   2.00 kB
id:build: dist/assets/booking-CG4lcbly.js                           5.14 kB │ gzip:   2.01 kB
id:build: dist/assets/admin-catalogs-p29fM8xq.js                    5.41 kB │ gzip:   2.01 kB
id:build: dist/assets/signup-CwSXGnPb.js                            5.58 kB │ gzip:   2.51 kB
id:build: dist/assets/admin-catalogs-dZtpqy8S.js                    5.67 kB │ gzip:   2.23 kB
id:build: dist/assets/signup-Dk1wxP-u.js                            5.81 kB │ gzip:   2.76 kB
id:build: dist/assets/admin-catalogs-D4wG5vIy.js                    5.87 kB │ gzip:   2.26 kB
id:build: dist/assets/signup-fw3CD9CG.js                            5.91 kB │ gzip:   2.78 kB
id:build: dist/assets/census-Bwnvx8Ki.js                            6.00 kB │ gzip:   2.39 kB
id:build: dist/assets/admin-activities-Cmq1QEmn.js                  6.01 kB │ gzip:   2.42 kB
id:build: dist/assets/admin-activities-p-Yew4Zm.js                  6.17 kB │ gzip:   2.62 kB
id:build: dist/assets/census-DnEV9q-4.js                            6.35 kB │ gzip:   2.64 kB
id:build: dist/assets/admin-activities-7OuSwNid.js                  6.38 kB │ gzip:   2.68 kB
id:build: dist/assets/census-CnDkuqii.js                            6.53 kB │ gzip:   2.67 kB
id:build: dist/assets/admin-scheduling-DXxsDc8f.js                  7.71 kB │ gzip:   2.89 kB
id:build: dist/assets/admin-scheduling-BOaR2C0t.js                  8.10 kB │ gzip:   3.13 kB
id:build: dist/assets/admin-scheduling-Dn3kd-Pk.js                  8.10 kB │ gzip:   3.15 kB
id:build: dist/assets/admin-census-D9gBrHaW.js                     10.37 kB │ gzip:   4.10 kB
id:build: dist/assets/admin-census-DiwHL-6W.js                     10.93 kB │ gzip:   4.38 kB
id:build: dist/assets/admin-census-BuC6_isk.js                     11.28 kB │ gzip:   4.47 kB
id:build: dist/assets/admin-settings-DYC1TR0N.js                   18.60 kB │ gzip:   6.54 kB
id:build: dist/assets/admin-settings-CtPf4LQN.js                   19.83 kB │ gzip:   7.12 kB
id:build: dist/assets/admin-settings-BHM5lR7b.js                   20.23 kB │ gzip:   7.13 kB
id:build: dist/assets/errors-DTtOT7jL.js                           21.82 kB │ gzip:   7.10 kB
id:build: dist/assets/errors-DqWbzYut.js                           23.16 kB │ gzip:   7.51 kB
id:build: dist/assets/errors-DTSzpTgR.js                           23.16 kB │ gzip:   7.47 kB
id:build: dist/assets/index-CtWj8LcK.js                           321.49 kB │ gzip:  99.65 kB
id:build: dist/assets/browser-BDW7Knoa.js                         855.90 kB │ gzip: 370.30 kB
id:build: 
id:build: ✓ built in 997ms
id:build: [plugin builtin:vite-reporter] 
id:build: (!) Some chunks are larger than 500 kB after minification. Consider:
id:build: - Using dynamic import() to code-split the application
id:build: - Use build.rolldownOptions.output.codeSplitting to improve chunking: https://rolldown.rs/reference/OutputOptions.codeSplitting
id:build: - Adjust chunk size limit for this warning via build.chunkSizeWarningLimit.
clubs-admin:typecheck: cache bypass, force executing 3286ec497d88d2fe
id:typecheck: cache bypass, force executing eb9d1cfc092b1cd6
id:test: cache bypass, force executing b73824aa24c96e3c
clubs:test: cache bypass, force executing 0247805c079a8727
clubs-admin:test: cache bypass, force executing 6f3764151ce18347
id:test: 
id:test: > id@0.0.0 test /Users/jordib/dev/agilityhub/agilityhub-core-web/apps/id
id:test: > vitest run
id:test: 
id:typecheck: 
id:typecheck: > id@0.0.0 typecheck /Users/jordib/dev/agilityhub/agilityhub-core-web/apps/id
id:typecheck: > tsc --noEmit
id:typecheck: 
clubs-admin:typecheck: 
clubs-admin:typecheck: > clubs-admin@0.0.0 typecheck /Users/jordib/dev/agilityhub/agilityhub-core-web/apps/clubs-admin
clubs-admin:typecheck: > tsc --noEmit
clubs-admin:typecheck: 
clubs-admin:test: 
clubs-admin:test: > clubs-admin@0.0.0 test /Users/jordib/dev/agilityhub/agilityhub-core-web/apps/clubs-admin
clubs-admin:test: > vitest run
clubs-admin:test: 
clubs:test: 
clubs:test: > clubs@0.0.0 test /Users/jordib/dev/agilityhub/agilityhub-core-web/apps/clubs
clubs:test: > vitest run
clubs:test: 
id:test: 
id:test: [1m[30m[46m RUN [49m[39m[22m [36mv5.0.0 [39m[90m/Users/jordib/dev/agilityhub/agilityhub-core-web/apps/id[39m
id:test: 
clubs-admin:test: 
clubs-admin:test: [1m[30m[46m RUN [49m[39m[22m [36mv5.0.0 [39m[90m/Users/jordib/dev/agilityhub/agilityhub-core-web/apps/clubs-admin[39m
clubs-admin:test: 
clubs:test: 
clubs:test: [1m[30m[46m RUN [49m[39m[22m [36mv5.0.0 [39m[90m/Users/jordib/dev/agilityhub/agilityhub-core-web/apps/clubs[39m
clubs:test: 
clubs:typecheck: cache bypass, force executing 90e6f0706d2858a1
clubs-admin:test:  [32m✓[39m src/planning/calendar-literals.test.ts [2m([22m[2m2 tests[22m[2m)[22m[32m 233[2mms[22m[39m
clubs-admin:test:  [32m✓[39m src/planning/description.test.ts [2m([22m[2m7 tests[22m[2m)[22m[33m 693[2mms[22m[39m
clubs-admin:test:    [32m✓[39m T-06-30 D3 literals and vocabulary (admin-scheduling, ca) [2m(2)[22m
clubs-admin:test:      [33m[2m✓[22m[39m uses no forbidden vocabulary or requirement codes in the three locales[33m 394[2mms[22m[39m
clubs:test:  [32m✓[39m src/today/literals.test.ts [2m([22m[2m2 tests[22m[2m)[22m[33m 876[2mms[22m[39m
clubs:test:    [32m✓[39m T-06-30 screens 10 / 23 vocabulary and ca literals [2m(2)[22m
clubs:test:      [33m[2m✓[22m[39m has no forbidden term nor internal code in home, instructor and enums (ca/es/en)[33m 777[2mms[22m[39m
id:test:  [32m✓[39m src/App.test.tsx [2m([22m[2m9 tests[22m[2m)[22m[33m 2914[2mms[22m[39m
id:test:    [32m✓[39m T-01-22 apps/id [2m(9)[22m
id:test:      [33m[2m✓[22m[39m resumes a server-side OIDC flow after password login[33m 1087[2mms[22m[39m
id:test:      [33m[2m✓[22m[39m remembers the OIDC flow while sending a neutral magic-link request[33m 344[2mms[22m[39m
id:test:      [33m[2m✓[22m[39m serves the login page in Catalan, Spanish and English[33m 510[2mms[22m[39m
id:test:      [33m[2m✓[22m[39m falls back unsupported product locales to English[33m 350[2mms[22m[39m
id:test: 
id:test: [2m Test Files [22m [1m[32m1 passed[39m[22m[90m (1)[39m
id:test: [2m      Tests [22m [1m[32m9 passed[39m[22m[90m (9)[39m
id:test: [2m   Start at [22m 21:29:24
id:test: [2m   Duration [22m 16.20s[2m (environment 43%, transform 25%, tests 19%, setup 11%, import 2%)[22m
id:test: 
clubs:typecheck: 
clubs:typecheck: > clubs@0.0.0 typecheck /Users/jordib/dev/agilityhub/agilityhub-core-web/apps/clubs
clubs:typecheck: > tsc --noEmit
clubs:typecheck: 
clubs:build: vite v8.2.2 building client environment for production...
clubs:build: transforming...
clubs:test:  [32m✓[39m src/InfoPage.test.tsx [2m([22m[2m2 tests[22m[2m)[22m[33m 1636[2mms[22m[39m
clubs:test:    [32m✓[39m T-05-CP-07 screen 30 Info [2m(2)[22m
clubs:test:      [33m[2m✓[22m[39m shows FAQ, rules and other active pages only[33m 1455[2mms[22m[39m
clubs:build: ✓ 487 modules transformed.
clubs:build: rendering chunks...
clubs:build: computing gzip size...
clubs:build: dist/registerSW.js                                        0.13 kB
clubs:build: dist/index.html                                           2.78 kB │ gzip:   0.97 kB
clubs:build: dist/assets/sprite-BOr1Ydze.svg                           5.78 kB │ gzip:   1.52 kB
clubs:build: dist/assets/montserrat-latin-600-normal-UVxSCcoG.woff2   18.68 kB
clubs:build: dist/assets/montserrat-latin-500-normal-DRFEGfly.woff2   18.74 kB
clubs:build: dist/assets/montserrat-latin-400-normal-BLhwKU8k.woff2   18.78 kB
clubs:build: dist/assets/montserrat-latin-700-normal-BdjcYUrC.woff2   18.82 kB
clubs:build: dist/assets/montserrat-latin-600-normal-CdhFl4lI.woff    20.54 kB
clubs:build: dist/assets/montserrat-latin-500-normal-Dok2oTci.woff    20.60 kB
clubs:build: dist/assets/montserrat-latin-400-normal-xItZbAXg.woff    20.64 kB
clubs:build: dist/assets/montserrat-latin-700-normal-BWkrl476.woff    20.67 kB
clubs:build: dist/assets/index-C6zsY59T.css                           86.09 kB │ gzip:  14.30 kB
clubs:build: dist/assets/instructor-2bAH5ABx.js                        0.66 kB │ gzip:   0.37 kB
clubs:build: dist/assets/instructor-CIeGCGgu.js                        0.69 kB │ gzip:   0.40 kB
clubs:build: dist/assets/instructor-DhU44yEo.js                        0.69 kB │ gzip:   0.40 kB
clubs:build: dist/assets/home-CLVBc5a3.js                              1.59 kB │ gzip:   0.79 kB
clubs:build: dist/assets/home-DIaHUeYG.js                              1.65 kB │ gzip:   0.84 kB
clubs:build: dist/assets/home-vQT0WHAi.js                              1.67 kB │ gzip:   0.84 kB
clubs:build: dist/assets/activities-_j5UPNJ2.js                        1.79 kB │ gzip:   0.83 kB
clubs:build: dist/assets/activities-D_fvQi10.js                        1.86 kB │ gzip:   0.91 kB
clubs:build: dist/assets/activities-BKuUowmB.js                        1.88 kB │ gzip:   0.91 kB
clubs:build: dist/assets/admin-dashboard-DvDgkujA.js                   1.96 kB │ gzip:   0.98 kB
clubs:build: dist/assets/admin-dashboard-Dt6_rxsx.js                   2.04 kB │ gzip:   1.08 kB
clubs:build: dist/assets/admin-dashboard-BNSiJ2pS.js                   2.09 kB │ gzip:   1.09 kB
clubs:build: dist/assets/enums-B-iPDQvw.js                             2.70 kB │ gzip:   1.23 kB
clubs:build: dist/assets/enums-DUvClrJj.js                             2.78 kB │ gzip:   1.30 kB
clubs:build: dist/assets/enums-D-TTVGU3.js                             2.79 kB │ gzip:   1.30 kB
clubs:build: dist/assets/id-cJQwgM2i.js                                2.89 kB │ gzip:   1.28 kB
clubs:build: dist/assets/admin-audit-B0Z1oVf2.js                       2.95 kB │ gzip:   1.39 kB
clubs:build: dist/assets/id-Dio3OKNo.js                                3.04 kB │ gzip:   1.41 kB
clubs:build: dist/assets/id-Rnv2hXs4.js                                3.10 kB │ gzip:   1.42 kB
clubs:build: dist/assets/admin-audit-BS32JsSa.js                       3.20 kB │ gzip:   1.54 kB
clubs:build: dist/assets/admin-audit-CkyykZV1.js                       3.28 kB │ gzip:   1.56 kB
clubs:build: dist/assets/auth-CPk47kNm.js                              4.25 kB │ gzip:   1.86 kB
clubs:build: dist/assets/auth-UGh5pJ7A.js                              4.69 kB │ gzip:   2.06 kB
clubs:build: dist/assets/auth-JamjDQZz.js                              4.75 kB │ gzip:   2.07 kB
clubs:build: dist/assets/booking-Bzzfkcsu.js                           4.79 kB │ gzip:   1.82 kB
clubs:build: dist/assets/booking-DFimaro9.js                           5.11 kB │ gzip:   2.00 kB
clubs:build: dist/assets/booking-CG4lcbly.js                           5.14 kB │ gzip:   2.01 kB
clubs:build: dist/assets/admin-catalogs-p29fM8xq.js                    5.41 kB │ gzip:   2.01 kB
clubs:build: dist/assets/signup-CwSXGnPb.js                            5.58 kB │ gzip:   2.51 kB
clubs:build: dist/assets/admin-catalogs-dZtpqy8S.js                    5.67 kB │ gzip:   2.23 kB
clubs:build: dist/assets/signup-Dk1wxP-u.js                            5.81 kB │ gzip:   2.76 kB
clubs:build: dist/assets/admin-catalogs-D4wG5vIy.js                    5.87 kB │ gzip:   2.26 kB
clubs:build: dist/assets/signup-fw3CD9CG.js                            5.91 kB │ gzip:   2.78 kB
clubs:build: dist/assets/census-Bwnvx8Ki.js                            6.00 kB │ gzip:   2.39 kB
clubs:build: dist/assets/admin-activities-Cmq1QEmn.js                  6.01 kB │ gzip:   2.42 kB
clubs:build: dist/assets/admin-activities-p-Yew4Zm.js                  6.17 kB │ gzip:   2.62 kB
clubs:build: dist/assets/census-DnEV9q-4.js                            6.35 kB │ gzip:   2.64 kB
clubs:build: dist/assets/admin-activities-7OuSwNid.js                  6.38 kB │ gzip:   2.68 kB
clubs:build: dist/assets/census-CnDkuqii.js                            6.53 kB │ gzip:   2.67 kB
clubs:build: dist/assets/admin-scheduling-DXxsDc8f.js                  7.71 kB │ gzip:   2.89 kB
clubs:build: dist/assets/admin-scheduling-BOaR2C0t.js                  8.10 kB │ gzip:   3.13 kB
clubs:build: dist/assets/admin-scheduling-Dn3kd-Pk.js                  8.10 kB │ gzip:   3.15 kB
clubs:build: dist/assets/admin-census-D9gBrHaW.js                     10.37 kB │ gzip:   4.10 kB
clubs:build: dist/assets/admin-census-DiwHL-6W.js                     10.93 kB │ gzip:   4.38 kB
clubs:build: dist/assets/admin-census-BuC6_isk.js                     11.28 kB │ gzip:   4.47 kB
clubs:build: dist/assets/admin-settings-DYC1TR0N.js                   18.60 kB │ gzip:   6.54 kB
clubs:build: dist/assets/admin-settings-CtPf4LQN.js                   19.83 kB │ gzip:   7.12 kB
clubs:build: dist/assets/admin-settings-BHM5lR7b.js                   20.23 kB │ gzip:   7.13 kB
clubs:build: dist/assets/errors-DTtOT7jL.js                           21.82 kB │ gzip:   7.10 kB
clubs:build: dist/assets/errors-DqWbzYut.js                           23.16 kB │ gzip:   7.51 kB
clubs:build: dist/assets/errors-DTSzpTgR.js                           23.16 kB │ gzip:   7.47 kB
clubs:build: dist/assets/index-CT_Hk-Q-.js                           502.78 kB │ gzip: 147.18 kB
clubs:build: dist/assets/browser-BDW7Knoa.js                         855.90 kB │ gzip: 370.30 kB
clubs:build: 
clubs:build: [33m[INEFFECTIVE_DYNAMIC_IMPORT] [0m../../packages/i18n/src/locales/ca/common.json is dynamically imported by ../../packages/i18n/src/resources.ts but also statically imported by ../../packages/i18n/src/catalog.ts, dynamic import will not move module into another chunk.
clubs:build: 
clubs:build: [plugin builtin:vite-reporter] 
clubs:build: (!) Some chunks are larger than 500 kB after minification. Consider:
clubs:build: - Using dynamic import() to code-split the application
clubs:build: - Use build.rolldownOptions.output.codeSplitting to improve chunking: https://rolldown.rs/reference/OutputOptions.codeSplitting
clubs:build: - Adjust chunk size limit for this warning via build.chunkSizeWarningLimit.
clubs:build: [33m[INEFFECTIVE_DYNAMIC_IMPORT] [0m../../packages/i18n/src/locales/ca/shell.json is dynamically imported by ../../packages/i18n/src/resources.ts but also statically imported by ../../packages/i18n/src/catalog.ts, dynamic import will not move module into another chunk.
clubs:build: 
clubs:build: [33m[INEFFECTIVE_DYNAMIC_IMPORT] [0m../../packages/i18n/src/locales/en/common.json is dynamically imported by ../../packages/i18n/src/resources.ts but also statically imported by ../../packages/i18n/src/catalog.ts, dynamic import will not move module into another chunk.
clubs:build: 
clubs:build: [33m[INEFFECTIVE_DYNAMIC_IMPORT] [0m../../packages/i18n/src/locales/en/shell.json is dynamically imported by ../../packages/i18n/src/resources.ts but also statically imported by ../../packages/i18n/src/catalog.ts, dynamic import will not move module into another chunk.
clubs:build: 
clubs:build: [33m[INEFFECTIVE_DYNAMIC_IMPORT] [0m../../packages/i18n/src/locales/es/common.json is dynamically imported by ../../packages/i18n/src/resources.ts but also statically imported by ../../packages/i18n/src/catalog.ts, dynamic import will not move module into another chunk.
clubs:build: 
clubs:build: [33m[INEFFECTIVE_DYNAMIC_IMPORT] [0m../../packages/i18n/src/locales/es/shell.json is dynamically imported by ../../packages/i18n/src/resources.ts but also statically imported by ../../packages/i18n/src/catalog.ts, dynamic import will not move module into another chunk.
clubs:build: 
clubs:build: ✓ built in 2.10s
clubs-admin:test:  [32m✓[39m src/planning/CalendarDayPage.test.tsx [2m([22m[2m2 tests[22m[2m)[22m[33m 2794[2mms[22m[39m
clubs-admin:test:    [32m✓[39m T-06-28 D4 day view (/calendari/dia/:date, form D) [2m(2)[22m
clubs-admin:test:      [33m[2m✓[22m[39m takes the api's «Sense» column as delivered and never adds its own[33m 1699[2mms[22m[39m
clubs-admin:test:      [33m[2m✓[22m[39m shows exactly one «Sense» column for a ringless class of the stateful mock[33m 1091[2mms[22m[39m
clubs-admin:test:  [32m✓[39m src/catalogs/ClubPagesCard.test.tsx [2m([22m[2m2 tests[22m[2m)[22m[33m 3630[2mms[22m[39m
clubs-admin:test:    [32m✓[39m T-05-CP-07 club page editor [2m(2)[22m
clubs-admin:test:      [33m[2m✓[22m[39m warns about provisional text and confirms the next consent version before publishing[33m 2747[2mms[22m[39m
clubs-admin:test:      [33m[2m✓[22m[39m maps STALE_VERSION to the page-specific reload message[33m 878[2mms[22m[39m
clubs-admin:test:  [32m✓[39m src/catalogs/ParameterSettings.test.tsx [2m([22m[2m2 tests[22m[2m)[22m[33m 3437[2mms[22m[39m
clubs-admin:test:    [32m✓[39m T-02-13 D11 parameter rows [2m(2)[22m
clubs-admin:test:      [33m[2m✓[22m[39m keeps module-less parameters that the core sends with module null[33m 2121[2mms[22m[39m
clubs-admin:test:      [33m[2m✓[22m[39m E4-W13 step 0 (api E5-T20): «Alta i consentiments» shows signup.onboardingFields and legal.maxPostpones; the learn keys, in the core's system block, show nowhere[33m 1246[2mms[22m[39m
clubs-admin:test:  [32m✓[39m src/planning/plain-dates.test.ts [2m([22m[2m9 tests[22m[2m)[22m[32m 26[2mms[22m[39m
clubs-admin:test:  [32m✓[39m src/planning/calendar-shared.test.ts [2m([22m[2m8 tests[22m[2m)[22m[33m 449[2mms[22m[39m
clubs-admin:test:  [32m✓[39m src/planning/TemplateDayPage.test.tsx [2m([22m[2m7 tests[22m[2m)[22m[33m 5375[2mms[22m[39m
clubs-admin:test:    [32m✓[39m T-06-27 D3b day view per ring / per instructor [2m(7)[22m
clubs-admin:test:      [33m[2m✓[22m[39m shows only the rings used that day in catalog order, plus «Sense» when a class has no ring[33m 1896[2mms[22m[39m
clubs-admin:test:      [33m[2m✓[22m[39m drops unused rings and the «Sense» column on a day without them[33m 647[2mms[22m[39m
clubs-admin:test:      [33m[2m✓[22m[39m switches to one column per instructor with a class that day[33m 868[2mms[22m[39m
clubs-admin:test:      [33m[2m✓[22m[39m moves between days and goes back to the weekly view of the same template[33m 589[2mms[22m[39m
clubs-admin:test:      [33m[2m✓[22m[39m rewrites an unsupported day in the URL to the template's first day[33m 507[2mms[22m[39m
clubs-admin:test:      [33m[2m✓[22m[39m rewrites an unknown day in the URL to the template's first day[33m 391[2mms[22m[39m
clubs-admin:test:      [33m[2m✓[22m[39m shows the Saturday template with its single day[33m 472[2mms[22m[39m
clubs:test:  [32m✓[39m src/booking/home.test.tsx [2m([22m[2m10 tests[22m[2m)[22m[33m 6126[2mms[22m[39m
clubs:test:    [32m✓[39m screen 03 «Inici» (S08 §2, R-08-02, R-08-20, R-08-23) [2m(7)[22m
clubs:test:      [33m[2m✓[22m[39m the greeting and the bell, «Tots» last and pressed, the counters and the rows as the api delivers them[33m 2461[2mms[22m[39m
clubs:test:      [33m[2m✓[22m[39m a dog selected: its rows without « · amb …» and the member's activity still there (the api keeps it), its counters, and «Tots» brings them back[33m 797[2mms[22m[39m
clubs:test:      [33m[2m✓[22m[39m a dog without reservations, for a member without activity registrations: «Encara no tens cap reserva» and a way to 04[33m 468[2mms[22m[39m
clubs:test:      [33m[2m✓[22m[39m only one accessible dog: no «Tots», its chip selected and its rows without « · amb …» (V3); nothing unread: the bell is still[33m 465[2mms[22m[39m
clubs:test:      [33m[2m✓[22m[39m R-08-20: a visible instructor is named; «es mostra 6 h abans» and «1,5 h» take the ICU `other` branch[33m 309[2mms[22m[39m
clubs:test:    [32m✓[39m E5-W01 i18n: the three locales, and the club's zone for a viewer elsewhere (CONVENCIONS_I18N §5) [2m(3)[22m
clubs:test:      [33m[2m✓[22m[39m en: 04's badges and pack in English[33m 339[2mms[22m[39m
clubs:test:      [33m[2m✓[22m[39m a viewer in America/Bogota still reads the club's times (Europe/Madrid): «18:50» and «20:14»[33m 503[2mms[22m[39m
clubs-admin:test:  [32m✓[39m src/dashboard/DashboardPage.test.tsx [2m([22m[2m19 tests[22m[2m)[22m[33m 7102[2mms[22m[39m
clubs-admin:test:    [32m✓[39m T-14-25 D1 dashboard [2m(3)[22m
clubs-admin:test:      [33m[2m✓[22m[39m renders the server aggregate, all risk rows, pending signups, and accessible chart[33m 2432[2mms[22m[39m
clubs-admin:test:      [33m[2m✓[22m[39m uses the same ICU day plural as D2 in the pending signups card[33m 350[2mms[22m[39m
clubs-admin:test:    [32m✓[39m E3-W07 step 9 · the D1 minors (S14 R-14-05…07, T-14-25) [2m(16)[22m
clubs-admin:test:      [33m[2m✓[22m[39m marks an add-dog row «(nou gos)»[33m 341[2mms[22m[39m
clubs-admin:test:      [33m[2m✓[22m[39m signs the members delta 0 as «0 aquest mes»[33m 393[2mms[22m[39m
clubs-admin:test:      [33m[2m✓[22m[39m counts 4 risk alert(s) with an ICU plural[33m 340[2mms[22m[39m
clubs-admin:test:      [33m[2m✓[22m[39m shows at most 6 risk rows, then «+{n} més» to D4 on the first hidden one[33m 383[2mms[22m[39m
clubs-admin:test:      [33m[2m✓[22m[39m E35 paints one column per progression level with the level name as tooltip, never `others`[33m 473[2mms[22m[39m
clubs-admin:test:      [33m[2m✓[22m[39m follows coverage.activeDogWeeks = 3 in the chart legend[33m 326[2mms[22m[39m
clubs:test:  [32m✓[39m src/booking/book.test.tsx [2m([22m[2m9 tests[22m[2m)[22m[33m 6266[2mms[22m[39m
clubs:test:    [32m✓[39m T-08-37 screen 04 «Reservar»: every row state with its mockup badge (S08 §2, R-08-03) [2m(9)[22m
clubs:test:      [33m[2m✓[22m[39m Duna: the chips without «Tots», the pack, the intro, the activities and the six mockup rows[33m 2110[2mms[22m[39m
clubs:test:      [33m[2m✓[22m[39m Rock: «Sense sessions» is inert with an expiring pack; Toby: the block banner and inert rows without a badge[33m 1170[2mms[22m[39m
clubs:test:      [33m[2m✓[22m[39m WAITLIST off: the full rows read «Completa» and do nothing[33m 339[2mms[22m[39m
clubs:test:      [33m[2m✓[22m[39m SINGLE_CLASS: every badge carries the price (R-08-18)[33m 347[2mms[22m[39m
clubs:test:      [33m[2m✓[22m[39m WAITLIST_OPEN asks first, joins with the selected dog, then the row leaves the list with «Ets a la llista d'espera»[33m 629[2mms[22m[39m
clubs:test:      [33m[2m✓[22m[39m a refused join keeps its message inside the dialog (409 WAITLIST_LIMIT)[33m 637[2mms[22m[39m
clubs:test:      [33m[2m✓[22m[39m a hold refused with any other code stays on 04 with its errors: message and the list read again[33m 559[2mms[22m[39m
clubs:test:      [33m[2m✓[22m[39m the app mounts 04 on /reservar with the «Reservar» tab active[33m 309[2mms[22m[39m
clubs-admin:test:  [32m✓[39m src/App.test.tsx [2m([22m[2m12 tests[22m[2m)[22m[33m 5166[2mms[22m[39m
clubs-admin:test:    [32m✓[39m T-02-14 clubs-admin shell [2m(6)[22m
clubs-admin:test:      [33m[2m✓[22m[39m uses the compact mark with the runtime club name[33m 1464[2mms[22m[39m
clubs-admin:test:    [32m✓[39m E3-W07 step 9 menu counters (S14 R-14-08) [2m(2)[22m
clubs-admin:test:      [33m[2m✓[22m[39m reads the counters once for an ADMIN, again on focus, and not on every navigation[33m 1370[2mms[22m[39m
clubs-admin:test:      [33m[2m✓[22m[39m never asks an INSTRUCTOR for the counters (ADMIN only, no 403)[33m 429[2mms[22m[39m
clubs-admin:test:    [32m✓[39m T-01-18 clubs-admin access [2m(1)[22m
clubs-admin:test:      [33m[2m✓[22m[39m offers magic-link and password entry with the shared auth components[33m 382[2mms[22m[39m
clubs-admin:test:  [32m✓[39m src/catalogs/derived-settings.test.ts [2m([22m[2m2 tests[22m[2m)[22m[32m 5[2mms[22m[39m
clubs:test:  [32m✓[39m src/booking/detail.test.tsx [2m([22m[2m15 tests[22m[2m)[22m[33m 7480[2mms[22m[39m
clubs:test:    [32m✓[39m T-08-39 screen 07: the booking, who booked it, and its cancellation (R-08-10) [2m(10)[22m
clubs:test:      [33m[2m✓[22m[39m shows the mockup card, and a cancellation in time asks first and leaves the green note[33m 2567[2mms[22m[39m
clubs:test:      [33m[2m✓[22m[39m inside the 4 h threshold the dialog warns, and the late note names «4 hores»[33m 694[2mms[22m[39m
clubs:test:      [33m[2m✓[22m[39m a booking cancelled by a swap, opened later: its state chip only, no «dins el termini» note (review #4)[33m 1081[2mms[22m[39m
clubs:test:      [33m[2m✓[22m[39m BOOKING_NOT_CANCELLABLE (422) shows its message inside the dialog and reads the booking again[33m 499[2mms[22m[39m
clubs:test:      [33m[2m✓[22m[39m BOOKING_NOT_CANCELLABLE (409) shows its message inside the dialog and reads the booking again[33m 343[2mms[22m[39m
clubs:test:    [32m✓[39m T-08-39 the waiting entry (/espera/:id, R-08-16) [2m(5)[22m
clubs:test:      [33m[2m✓[22m[39m the card with «en llista d'espera», no position in ALL_AT_ONCE, and «SURT DE LA LLISTA D'ESPERA» back to 03[33m 523[2mms[22m[39m
clubs-admin:test:  [32m✓[39m src/census/CensusRecordPage.test.tsx [2m([22m[2m8 tests[22m[2m)[22m[33m 7610[2mms[22m[39m
clubs-admin:test:    [32m✓[39m T-03-39 D10 member record [2m(3)[22m
clubs-admin:test:      [33m[2m✓[22m[39m renders the approved badges, masked account, consent warning, dog rights, and WhatsApp URL[33m 2549[2mms[22m[39m
clubs-admin:test:      [33m[2m✓[22m[39m blocks and unblocks new bookings with the required reason[33m 1281[2mms[22m[39m
clubs-admin:test:      [33m[2m✓[22m[39m maps STALE_VERSION when another administrator edited the member[33m 891[2mms[22m[39m
clubs-admin:test:    [32m✓[39m T-03-39 E4-W15 step 8 D10 on the real core (E4-W13 report, question 4) [2m(3)[22m
clubs-admin:test:      [33m[2m✓[22m[39m names a pending document by its type's label, as D2 does, and a type the club no longer lists as «Document pendent»[33m 473[2mms[22m[39m
clubs-admin:test:      [33m[2m✓[22m[39m never shows the raw key while the labels load or when they cannot be read[33m 478[2mms[22m[39m
clubs-admin:test:    [32m✓[39m T-03-38 dog record [2m(2)[22m
clubs-admin:test:      [33m[2m✓[22m[39m shows the complete dog record and changes level without a booking warning[33m 908[2mms[22m[39m
clubs-admin:test:      [33m[2m✓[22m[39m deactivates and reactivates a dog without deleting its record[33m 805[2mms[22m[39m
clubs:build: 
clubs:build: PWA v1.3.0
clubs:build: mode      generateSW
clubs:build: precache  57 entries (1744.72 KiB)
clubs:build: files generated
clubs:build:   dist/sw.js
clubs:build:   dist/workbox-9c191d2f.js
clubs:test:  [32m✓[39m src/activities/activities.test.tsx [2m([22m[2m29 tests[22m[2m)[22m[33m 8895[2mms[22m[39m
clubs:test:    [32m✓[39m T-07-30 app: block «Activitats» of 04, detail, rows of 03 and 25 [2m(19)[22m
clubs:test:      [33m[2m✓[22m[39m draws the 04 block with the exact badges; the full row with waitlist stays tappable[33m 1558[2mms[22m[39m
clubs:test:      [33m[2m✓[22m[39m R-07-14 without WAITLIST the full activity is «Completa» and inert; an open one without maximum is «Obertes»[33m 742[2mms[22m[39m
clubs:test:      [33m[2m✓[22m[39m OPEN: [INSCRIU-M'HI] registers and then offers [ANUL·LA LA INSCRIPCIÓ][33m 679[2mms[22m[39m
clubs:test:      [33m[2m✓[22m[39m FULL_WAITLIST: the waitlist dialog → toast «Ets a la llista d'espera» → [SURT DE LA LLISTA D'ESPERA][33m 1014[2mms[22m[39m
clubs:test:      [33m[2m✓[22m[39m registered: [ANUL·LA LA INSCRIPCIÓ] with confirmation; after the start, the contact text[33m 664[2mms[22m[39m
clubs:test:      [33m[2m✓[22m[39m R-07-11 omits the block with an empty bookable[] and draws a NOT_BOOKABLE row inert[33m 366[2mms[22m[39m
clubs:test:      [33m[2m✓[22m[39m R-07-14 a failed block shows the error with a retry; only MODULE_DISABLED hides it[33m 432[2mms[22m[39m
clubs:test:    [32m✓[39m T-07-30 E4-W08 app detail follow-ups of the E4-W04 round-2 review [2m(6)[22m
clubs:test:      [33m[2m✓[22m[39m R-07-09/10 an impersonated cancellation asks for «Motiu» and sends {reason}; 400 VALIDATION_ERROR on reason (details.field, the core's shape) stays on the field[33m 469[2mms[22m[39m
clubs:test:      [33m[2m✓[22m[39m R-07-09/10 an impersonated cancellation asks for «Motiu» and sends {reason}; 400 VALIDATION_ERROR on reason (details.fieldErrors[]) stays on the field[33m 412[2mms[22m[39m
clubs:test:  [32m✓[39m src/today/TodayPage.test.tsx [2m([22m[2m18 tests[22m[2m)[22m[33m 10019[2mms[22m[39m
clubs:test:    [32m✓[39m T-06-29 screen 10 «Classes del dia» [2m(18)[22m
clubs:test:      [33m[2m✓[22m[39m draws the mockup grid with identical ring columns, the date header and the week chips[33m 1816[2mms[22m[39m
clubs:test:      [33m[2m✓[22m[39m renders «Ocupada» + generic reason in grey without background and never a count[33m 792[2mms[22m[39m
clubs:test:      [33m[2m✓[22m[39m opens the risk balloon with the api riskText on tap and closes it on a second tap or elsewhere[33m 960[2mms[22m[39m
clubs:test:      [33m[2m✓[22m[39m uses the club's today (Europe/Madrid) whatever the device time zone[33m 391[2mms[22m[39m
clubs:test:      [33m[2m✓[22m[39m never shows a count in the member view even when a cell carries occupancy[33m 319[2mms[22m[39m
clubs:test:      [33m[2m✓[22m[39m moves by chips and arrows (Sunday only by the arrows) and keeps ?date in the address[33m 891[2mms[22m[39m
clubs:test:      [33m[2m✓[22m[39m shows the api «Sense» column as delivered and the activity cell[33m 304[2mms[22m[39m
clubs:test:      [33m[2m✓[22m[39m never adds a «Sense» column of its own when the api does not send one[33m 310[2mms[22m[39m
clubs:test:      [33m[2m✓[22m[39m falls back to the club-local today and rewrites the address for ?date=2026-13-01[33m 433[2mms[22m[39m
clubs:test:      [33m[2m✓[22m[39m falls back to the club-local today and rewrites the address for ?date=2026-08-32[33m 366[2mms[22m[39m
clubs:test:      [33m[2m✓[22m[39m falls back to the club-local today and rewrites the address for ?date=2026-02-30[33m 417[2mms[22m[39m
clubs:test:      [33m[2m✓[22m[39m falls back to the club-local today and rewrites the address for ?date=hola[33m 556[2mms[22m[39m
clubs:test:      [33m[2m✓[22m[39m R-06-14 in Pacific/Auckland: requested date, header and chips name the club's calendar day[33m 513[2mms[22m[39m
clubs:test:      [33m[2m✓[22m[39m R-06-14 in Pacific/Kiritimati: requested date, header and chips name the club's calendar day[33m 459[2mms[22m[39m
clubs:test:      [33m[2m✓[22m[39m R-06-14 in Europe/Madrid: requested date, header and chips name the club's calendar day[33m 507[2mms[22m[39m
clubs:test:      [33m[2m✓[22m[39m R-06-14 in America/Bogota: requested date, header and chips name the club's calendar day[33m 400[2mms[22m[39m
clubs:test:      [33m[2m✓[22m[39m shows the empty state (dayGridEmpty) and the error toast with retry[33m 366[2mms[22m[39m
clubs:test:  [32m✓[39m src/today/OverviewPage.test.tsx [2m([22m[2m9 tests[22m[2m)[22m[33m 10144[2mms[22m[39m
clubs:test:    [32m✓[39m T-06-29 screen 23 «Visió global» [2m(6)[22m
clubs:test:      [33m[2m✓[22m[39m shows n/n +e with the planned instructor, training names, the block and the cancelled class[33m 1860[2mms[22m[39m
clubs:test:      [33m[2m✓[22m[39m drops «+e» when the club has no WAITLIST module[33m 603[2mms[22m[39m
clubs:test:      [33m[2m✓[22m[39m opens the class drawer with the instructor projection of the tapped class[33m 1307[2mms[22m[39m
clubs:test:      [33m[2m✓[22m[39m opens the block drawer and cancels the block (POST /ring-blocks/{id}/cancellation)[33m 1219[2mms[22m[39m
clubs:test:      [33m[2m✓[22m[39m maps 409 INVALID_STATE and 422 RING_BLOCK_MANAGED_BY_ACTIVITY on the block cancellation[33m 751[2mms[22m[39m
clubs:test:      [33m[2m✓[22m[39m answers 403 to a member asking for the instructor view[33m 391[2mms[22m[39m
clubs:test:    [32m✓[39m T-06-29 E4-W11 screen 23's class drawer reads the class detail (api E5-T15) [2m(2)[22m
clubs:test:      [33m[2m✓[22m[39m names the instructors (instructorNames[]) and the ring (ring.name) of GET /class-sessions/{id}, not of the tapped cell[33m 805[2mms[22m[39m
clubs:test:      [33m[2m✓[22m[39m a class without a ring (ring: null) has no «Pista» row; without names, no «Instructor» row[33m 695[2mms[22m[39m
clubs:test:    [32m✓[39m T-06-29 E4-W14 screen 23's drawer: the instructors' label follows the count, the names are a list [2m(1)[22m
clubs:test:      [33m[2m✓[22m[39m ca «Instructor: Marc» / «Instructors: Marc i Núria»; es «Instructores: Marc y Núria»; en «Instructors: Marc and Núria»[33m 2502[2mms[22m[39m
clubs-admin:test:  [32m✓[39m src/audit/AuditPage.test.tsx [2m([22m[2m8 tests[22m[2m)[22m[33m 10208[2mms[22m[39m
clubs-admin:test:    [32m✓[39m T-14-26 member audit and exports [2m(8)[22m
clubs-admin:test:      [33m[2m✓[22m[39m filters by action and opens the masked before/after change drawer[33m 3025[2mms[22m[39m
clubs-admin:test:      [33m[2m✓[22m[39m E3-W07 step 0 labels a readmission submitted from the public form (SIGNUP_SUBMITTED, PUBLIC)[33m 686[2mms[22m[39m
clubs-admin:test:      [33m[2m✓[22m[39m E4-W15 step 8 (E4-W13 report, question 4): «Entitat» and «Actor» ask for the keys they fall back to, entityType and actorRole[33m 1082[2mms[22m[39m
clubs-admin:test:      [33m[2m✓[22m[39m opens the exports drawer for a queued job and exposes its READY download[33m 2786[2mms[22m[39m
clubs-admin:test:      [33m[2m✓[22m[39m shows the catalogued EXPORT_LIMIT explanation in the exports drawer[33m 995[2mms[22m[39m
clubs-admin:test:      [33m[2m✓[22m[39m routes a queued members list export into the global drawer[33m 768[2mms[22m[39m
clubs-admin:test:      [33m[2m✓[22m[39m routes a queued dogs list export into the global drawer[33m 791[2mms[22m[39m
clubs:test:  [32m✓[39m src/App.test.tsx [2m([22m[2m25 tests[22m[2m)[22m[33m 10008[2mms[22m[39m
clubs:test:    [32m✓[39m T-02-14 clubs shell [2m(5)[22m
clubs:test:      [33m[2m✓[22m[39m uses the compact mark with the runtime club name[33m 1061[2mms[22m[39m
clubs:test:      [33m[2m✓[22m[39m filters the six-tab mockup navigation by modules and roles[33m 522[2mms[22m[39m
clubs:test:      [33m[2m✓[22m[39m omits Entrenaments when FREE_TRAINING is disabled[33m 313[2mms[22m[39m
clubs:test:    [32m✓[39m T-01-18 access screen [2m(2)[22m
clubs:test:      [33m[2m✓[22m[39m uses the exact access actions, focuses an empty email and gates signup[33m 795[2mms[22m[39m
clubs:test:      [33m[2m✓[22m[39m shows the Retry-After countdown and disables requests[33m 354[2mms[22m[39m
clubs:test:    [32m✓[39m T-01-19 activation screen [2m(1)[22m
clubs:test:      [33m[2m✓[22m[39m renders gender-aware, reset and invalid-link variants[33m 832[2mms[22m[39m
clubs:test:    [32m✓[39m T-01-21 profile access rows and impersonation [2m(2)[22m
clubs:test:      [33m[2m✓[22m[39m renders the mockup rows in order without account sessions or backoffice handoff[33m 654[2mms[22m[39m
clubs:test:    [32m✓[39m T-07-30 E4-W08 S07 §6 /activitats/:id is for MEMBER and impersonated sessions (AGENTS rule 3) [2m(3)[22m
clubs:test:      [33m[2m✓[22m[39m an instructor-only session gets the usual no-access path: no detail, no /me/activities call[33m 550[2mms[22m[39m
clubs:test:      [33m[2m✓[22m[39m a member session opens the detail[33m 315[2mms[22m[39m
clubs:test:      [33m[2m✓[22m[39m an impersonated session opens the detail and its cancellation asks for «Motiu»[33m 395[2mms[22m[39m
clubs:test:    [32m✓[39m T-01-26 imported-account onboarding and policy re-consent [2m(4)[22m
clubs:test:      [33m[2m✓[22m[39m renders configured fields and sends consent, profile data and image choice[33m 358[2mms[22m[39m
clubs:test:      [33m[2m✓[22m[39m reloads an outdated policy version before accepting it[33m 451[2mms[22m[39m
clubs:test:      [33m[2m✓[22m[39m renders the screen and pop-up in Catalan, Spanish and English[33m 536[2mms[22m[39m
clubs:test:    [32m✓[39m T-03-40 mobile own dogs [2m(2)[22m
clubs:test:      [33m[2m✓[22m[39m renders own dogs, saves the note, shows task totals and gates TASKS[33m 598[2mms[22m[39m
clubs:test:    [32m✓[39m T-03-40 E3-W12 screen 13 without /parameters (S03 §6 GET /me/dogs, R-03-15, R-03-30, R-03-32) [2m(3)[22m
clubs:test:      [33m[2m✓[22m[39m step 1: «＋ DOC.» offers the club's three types of GET /me/dogs in order, «Assegurança» sends INSURANCE, and /parameters is never read[33m 390[2mms[22m[39m
clubs:test:    [32m✓[39m T-03-41 mobile own data [2m(2)[22m
clubs:test:      [33m[2m✓[22m[39m keeps identity read-only, resolves towns, maps READ_ONLY and gates billing[33m 452[2mms[22m[39m
clubs:test:  [32m✓[39m src/booking/confirm.test.tsx [2m([22m[2m17 tests[22m[2m)[22m[33m 10205[2mms[22m[39m
clubs:test:    [32m✓[39m T-08-36 the 30 s hold counts on the api clock, not the device's (R-08-07) [2m(2)[22m
clubs:test:      [33m[2m✓[22m[39m a device clock 5 min ahead still starts at 0:30, reaches 0 at the right instant, then the red note returns to 04[33m 1628[2mms[22m[39m
clubs:test:      [33m[2m✓[22m[39m 409 SEAT_HOLD_EXPIRED on the confirmation shows the same red note[33m 1393[2mms[22m[39m
clubs:test:    [32m✓[39m T-08-38 screen 06: the swap when the week's limit is reached (R-08-09) [2m(3)[22m
clubs:test:      [33m[2m✓[22m[39m single selection among the swappable bookings, the done one inert, the button names both days, then the swap is confirmed[33m 1327[2mms[22m[39m
clubs:test:      [33m[2m✓[22m[39m «CANCEL·LAR LA NOVA RESERVA» releases the hold (DELETE) and goes back to 04[33m 798[2mms[22m[39m
clubs:test:      [33m[2m✓[22m[39m the back gesture leaves the page and releases the hold too[33m 976[2mms[22m[39m
clubs:test:    [32m✓[39m 29: the normal confirmation and the informative variants (S08 §2 29, decision B1) [2m(6)[22m
clubs:test:      [33m[2m✓[22m[39m normal: no swap, «CONFIRMAR LA RESERVA», then the calendar links and the booking[33m 692[2mms[22m[39m
clubs:test:      [33m[2m✓[22m[39m the limit done this week (CURRENT, per dog): the mockup's «… per a la setmana vinent a partir de diumenge 9 a les 20 h», without a countdown[33m 338[2mms[22m[39m
clubs:test:      [33m[2m✓[22m[39m the limit of next week reached (NEXT, per dog): «La setmana vinent ja tens una classe amb la Duna» and B1's «Podràs reservar aquesta classe a partir de …»[33m 337[2mms[22m[39m
clubs:test:      [33m[2m✓[22m[39m the limit per person (unit MEMBER) names no dog: «Aquesta setmana ja has fet dues classes.»[33m 347[2mms[22m[39m
clubs:test:      [33m[2m✓[22m[39m «Properament»: «Disponible a partir de diumenge 9 a les 20 h.»[33m 391[2mms[22m[39m
clubs:test:      [33m[2m✓[22m[39m a seat another hold takes: the retry note, and a retry that gets the seat shows the countdown[33m 518[2mms[22m[39m
clubs:test:    [32m✓[39m R-08-18 SINGLE_CLASS on 29, and one Idempotency-Key per payload (R-08-08) [2m(4)[22m
clubs:test:      [33m[2m✓[22m[39m a confirmation that fails on the way stays on the page, and its retry sends the same key[33m 387[2mms[22m[39m
clubs-admin:test:  [32m✓[39m src/census/CensusListPage.test.tsx [2m([22m[2m4 tests[22m[2m)[22m[33m 11560[2mms[22m[39m
clubs-admin:test:    [32m✓[39m T-03-38 D5 universal member list [2m(3)[22m
clubs-admin:test:      [33m[2m✓[22m[39m renders applied filters and preserves selection when page size changes[33m 4442[2mms[22m[39m
clubs-admin:test:      [33m[2m✓[22m[39m E4-W12 step 5: a fresh /abonats applies only the status chip «Alta», so a club whose plan ids differ from the fixture's lists its members[33m 915[2mms[22m[39m
clubs-admin:test:      [33m[2m✓[22m[39m toggles visible columns and synchronizes the ordered fields to the URL[33m 2063[2mms[22m[39m
clubs-admin:test:    [32m✓[39m T-03-42 D15 translated dog list [2m(1)[22m
clubs-admin:test:      [33m[2m✓[22m[39m renders the approved columns and dog record links[33m 4135[2mms[22m[39m
clubs-admin:build: vite v8.2.2 building client environment for production...
clubs-admin:build: transforming...
clubs-admin:build: ✓ 505 modules transformed.
clubs-admin:build: rendering chunks...
clubs-admin:build: computing gzip size...
clubs-admin:build: dist/index.html                                           2.65 kB │ gzip:   0.91 kB
clubs-admin:build: dist/assets/sprite-BOr1Ydze.svg                           5.78 kB │ gzip:   1.52 kB
clubs-admin:build: dist/assets/montserrat-latin-600-normal-UVxSCcoG.woff2   18.68 kB
clubs-admin:build: dist/assets/montserrat-latin-500-normal-DRFEGfly.woff2   18.74 kB
clubs-admin:build: dist/assets/montserrat-latin-400-normal-BLhwKU8k.woff2   18.78 kB
clubs-admin:build: dist/assets/montserrat-latin-700-normal-BdjcYUrC.woff2   18.82 kB
clubs-admin:build: dist/assets/montserrat-latin-600-normal-CdhFl4lI.woff    20.54 kB
clubs-admin:build: dist/assets/montserrat-latin-500-normal-Dok2oTci.woff    20.60 kB
clubs-admin:build: dist/assets/montserrat-latin-400-normal-xItZbAXg.woff    20.64 kB
clubs-admin:build: dist/assets/montserrat-latin-700-normal-BWkrl476.woff    20.67 kB
clubs-admin:build: dist/assets/index-BpOh0AWe.css                           92.26 kB │ gzip:  14.88 kB
clubs-admin:build: dist/assets/instructor-2bAH5ABx.js                        0.66 kB │ gzip:   0.37 kB
clubs-admin:build: dist/assets/instructor-CIeGCGgu.js                        0.69 kB │ gzip:   0.40 kB
clubs-admin:build: dist/assets/instructor-DhU44yEo.js                        0.69 kB │ gzip:   0.40 kB
clubs-admin:build: dist/assets/home-CLVBc5a3.js                              1.59 kB │ gzip:   0.79 kB
clubs-admin:build: dist/assets/home-DIaHUeYG.js                              1.65 kB │ gzip:   0.84 kB
clubs-admin:build: dist/assets/home-vQT0WHAi.js                              1.67 kB │ gzip:   0.84 kB
clubs-admin:build: dist/assets/activities-_j5UPNJ2.js                        1.79 kB │ gzip:   0.83 kB
clubs-admin:build: dist/assets/activities-D_fvQi10.js                        1.86 kB │ gzip:   0.91 kB
clubs-admin:build: dist/assets/activities-BKuUowmB.js                        1.88 kB │ gzip:   0.91 kB
clubs-admin:build: dist/assets/admin-dashboard-DvDgkujA.js                   1.96 kB │ gzip:   0.98 kB
clubs-admin:build: dist/assets/admin-dashboard-Dt6_rxsx.js                   2.04 kB │ gzip:   1.08 kB
clubs-admin:build: dist/assets/admin-dashboard-BNSiJ2pS.js                   2.09 kB │ gzip:   1.09 kB
clubs-admin:build: dist/assets/enums-B-iPDQvw.js                             2.70 kB │ gzip:   1.23 kB
clubs-admin:build: dist/assets/enums-DUvClrJj.js                             2.78 kB │ gzip:   1.30 kB
clubs-admin:build: dist/assets/enums-D-TTVGU3.js                             2.79 kB │ gzip:   1.30 kB
clubs-admin:build: dist/assets/id-cJQwgM2i.js                                2.89 kB │ gzip:   1.28 kB
clubs-admin:build: dist/assets/admin-audit-B0Z1oVf2.js                       2.95 kB │ gzip:   1.39 kB
clubs-admin:build: dist/assets/id-Dio3OKNo.js                                3.04 kB │ gzip:   1.41 kB
clubs-admin:build: dist/assets/id-Rnv2hXs4.js                                3.10 kB │ gzip:   1.42 kB
clubs-admin:build: dist/assets/admin-audit-BS32JsSa.js                       3.20 kB │ gzip:   1.54 kB
clubs-admin:build: dist/assets/admin-audit-CkyykZV1.js                       3.28 kB │ gzip:   1.56 kB
clubs-admin:build: dist/assets/auth-CPk47kNm.js                              4.25 kB │ gzip:   1.86 kB
clubs-admin:build: dist/assets/auth-UGh5pJ7A.js                              4.69 kB │ gzip:   2.06 kB
clubs-admin:build: dist/assets/auth-JamjDQZz.js                              4.75 kB │ gzip:   2.07 kB
clubs-admin:build: dist/assets/booking-Bzzfkcsu.js                           4.79 kB │ gzip:   1.82 kB
clubs-admin:build: dist/assets/booking-DFimaro9.js                           5.11 kB │ gzip:   2.00 kB
clubs-admin:build: dist/assets/booking-CG4lcbly.js                           5.14 kB │ gzip:   2.01 kB
clubs-admin:build: dist/assets/admin-catalogs-p29fM8xq.js                    5.41 kB │ gzip:   2.01 kB
clubs-admin:build: dist/assets/signup-CwSXGnPb.js                            5.58 kB │ gzip:   2.51 kB
clubs-admin:build: dist/assets/admin-catalogs-dZtpqy8S.js                    5.67 kB │ gzip:   2.23 kB
clubs-admin:build: dist/assets/signup-Dk1wxP-u.js                            5.81 kB │ gzip:   2.76 kB
clubs-admin:build: dist/assets/admin-catalogs-D4wG5vIy.js                    5.87 kB │ gzip:   2.26 kB
clubs-admin:build: dist/assets/signup-fw3CD9CG.js                            5.91 kB │ gzip:   2.78 kB
clubs-admin:build: dist/assets/census-Bwnvx8Ki.js                            6.00 kB │ gzip:   2.39 kB
clubs-admin:build: dist/assets/admin-activities-Cmq1QEmn.js                  6.01 kB │ gzip:   2.42 kB
clubs-admin:build: dist/assets/admin-activities-p-Yew4Zm.js                  6.17 kB │ gzip:   2.62 kB
clubs-admin:build: dist/assets/census-DnEV9q-4.js                            6.35 kB │ gzip:   2.64 kB
clubs-admin:build: dist/assets/admin-activities-7OuSwNid.js                  6.38 kB │ gzip:   2.68 kB
clubs-admin:build: dist/assets/census-CnDkuqii.js                            6.53 kB │ gzip:   2.67 kB
clubs-admin:build: dist/assets/admin-scheduling-DXxsDc8f.js                  7.71 kB │ gzip:   2.89 kB
clubs-admin:build: dist/assets/admin-scheduling-BOaR2C0t.js                  8.10 kB │ gzip:   3.13 kB
clubs-admin:build: dist/assets/admin-scheduling-Dn3kd-Pk.js                  8.10 kB │ gzip:   3.15 kB
clubs-admin:build: dist/assets/admin-census-D9gBrHaW.js                     10.37 kB │ gzip:   4.10 kB
clubs-admin:build: dist/assets/admin-census-DiwHL-6W.js                     10.93 kB │ gzip:   4.38 kB
clubs-admin:build: dist/assets/admin-census-BuC6_isk.js                     11.28 kB │ gzip:   4.47 kB
clubs-admin:build: dist/assets/admin-settings-DYC1TR0N.js                   18.60 kB │ gzip:   6.54 kB
clubs-admin:build: dist/assets/admin-settings-CtPf4LQN.js                   19.83 kB │ gzip:   7.12 kB
clubs-admin:build: dist/assets/admin-settings-BHM5lR7b.js                   20.23 kB │ gzip:   7.13 kB
clubs-admin:build: dist/assets/errors-DTtOT7jL.js                           21.82 kB │ gzip:   7.10 kB
clubs-admin:build: dist/assets/errors-DqWbzYut.js                           23.16 kB │ gzip:   7.51 kB
clubs-admin:build: dist/assets/errors-DTSzpTgR.js                           23.16 kB │ gzip:   7.47 kB
clubs-admin:build: dist/assets/browser-CoyVPcK5.js                         667.53 kB │ gzip: 226.96 kB
clubs-admin:build: dist/assets/index-B1-5_Qxa.js                           937.50 kB │ gzip: 343.35 kB
clubs-admin:build: 
clubs-admin:build: [33m[INEFFECTIVE_DYNAMIC_IMPORT] [0m../../packages/i18n/src/locales/ca/common.json is dynamically imported by ../../packages/i18n/src/resources.ts but also statically imported by ../../packages/i18n/src/catalog.ts, dynamic import will not move module into another chunk.
clubs-admin:build: 
clubs-admin:build: [plugin builtin:vite-reporter] 
clubs-admin:build: (!) Some chunks are larger than 500 kB after minification. Consider:
clubs-admin:build: - Using dynamic import() to code-split the application
clubs-admin:build: - Use build.rolldownOptions.output.codeSplitting to improve chunking: https://rolldown.rs/reference/OutputOptions.codeSplitting
clubs-admin:build: - Adjust chunk size limit for this warning via build.chunkSizeWarningLimit.
clubs-admin:build: [33m[INEFFECTIVE_DYNAMIC_IMPORT] [0m../../packages/i18n/src/locales/ca/shell.json is dynamically imported by ../../packages/i18n/src/resources.ts but also statically imported by ../../packages/i18n/src/catalog.ts, dynamic import will not move module into another chunk.
clubs-admin:build: 
clubs-admin:build: [33m[INEFFECTIVE_DYNAMIC_IMPORT] [0m../../packages/i18n/src/locales/en/common.json is dynamically imported by ../../packages/i18n/src/resources.ts but also statically imported by ../../packages/i18n/src/catalog.ts, dynamic import will not move module into another chunk.
clubs-admin:build: 
clubs-admin:build: [33m[INEFFECTIVE_DYNAMIC_IMPORT] [0m../../packages/i18n/src/locales/en/shell.json is dynamically imported by ../../packages/i18n/src/resources.ts but also statically imported by ../../packages/i18n/src/catalog.ts, dynamic import will not move module into another chunk.
clubs-admin:build: 
clubs-admin:build: [33m[INEFFECTIVE_DYNAMIC_IMPORT] [0m../../packages/i18n/src/locales/es/common.json is dynamically imported by ../../packages/i18n/src/resources.ts but also statically imported by ../../packages/i18n/src/catalog.ts, dynamic import will not move module into another chunk.
clubs-admin:build: 
clubs-admin:build: [33m[INEFFECTIVE_DYNAMIC_IMPORT] [0m../../packages/i18n/src/locales/es/shell.json is dynamically imported by ../../packages/i18n/src/resources.ts but also statically imported by ../../packages/i18n/src/catalog.ts, dynamic import will not move module into another chunk.
clubs-admin:build: 
clubs-admin:build: ✓ built in 973ms
clubs-admin:test:  [32m✓[39m src/catalogs/SettingsPage.test.tsx [2m([22m[2m9 tests[22m[2m)[22m[33m 14242[2mms[22m[39m
clubs-admin:test:    [32m✓[39m T-02-13 E4-W06 S05 §2 D11 «Nivells»: the «Progressió» switch (S05 §3 Level.progression, E29) [2m(4)[22m
clubs-admin:test:      [33m[2m✓[22m[39m shows one switch per level with the help text: Teràpia is off, the progression levels on[33m 3313[2mms[22m[39m
clubs-admin:test:      [33m[2m✓[22m[39m saves a toggle with PATCH /levels/{id} {progression, version} and keeps the saved level[33m 2517[2mms[22m[39m
clubs-admin:test:      [33m[2m✓[22m[39m shows a refused toggle by its code next to the table and keeps the switch as saved; STALE_VERSION reloads the levels[33m 2069[2mms[22m[39m
clubs-admin:test:      [33m[2m✓[22m[39m the level form carries «Progressió»: a new level outside the progression is created with progression false; an edit keeps the level's value[33m 2558[2mms[22m[39m
clubs-admin:test:    [32m✓[39m T-02-13 E4-W14 S05 §2 D11 «Nivells» follow-ups of the E4-W06 review [2m(5)[22m
clubs-admin:test:      [33m[2m✓[22m[39m S05 §2 the «Progressió» help names no club level, in ca, es and en[33m 1120[2mms[22m[39m
clubs-admin:test:      [33m[2m✓[22m[39m a second toggle never re-enables a switch whose PATCH is still pending; each row keeps its own error[33m 1330[2mms[22m[39m
clubs-admin:test:      [33m[2m✓[22m[39m AGENTS rule 6: the catalog row buttons are named after the row's name, not its id[33m 372[2mms[22m[39m
clubs-admin:test:      [33m[2m✓[22m[39m S05 §2 the help sits inside the «Nivells» card, and «Nou nivell» keeps its icon inline[33m 658[2mms[22m[39m
clubs-admin:test:  [32m✓[39m src/audit/list-exports.test.tsx [2m([22m[2m28 tests[22m[2m)[22m[33m 17009[2mms[22m[39m
clubs-admin:test:    [32m✓[39m T-14-26 R-14-12 E4-W07 D5 members «Excel · PDF» → Excel [2m(4)[22m
clubs-admin:test:      [33m[2m✓[22m[39m 200: saves the api's file byte for byte, with its Content-Type and the Content-Disposition name, and sends the list's parameters[33m 2953[2mms[22m[39m
clubs-admin:test:      [33m[2m✓[22m[39m 202: opens the exports drawer with the queued job and saves nothing[33m 1315[2mms[22m[39m
clubs-admin:test:      [33m[2m✓[22m[39m 422 EXPORT_LIMIT: shows the drawer's notice[33m 1443[2mms[22m[39m
clubs-admin:test:      [33m[2m✓[22m[39m 422 EXPORT_TOO_LARGE: shows errors:EXPORT_TOO_LARGE next to the button[33m 945[2mms[22m[39m
clubs-admin:test:    [32m✓[39m T-14-26 R-14-12 E4-W07 D5 members «Exportar selecció» [2m(4)[22m
clubs-admin:test:      [33m[2m✓[22m[39m 200: saves the api's file byte for byte, with its Content-Type and the Content-Disposition name, and sends the list's parameters[33m 1328[2mms[22m[39m
clubs-admin:test:      [33m[2m✓[22m[39m 202: opens the exports drawer with the queued job and saves nothing[33m 881[2mms[22m[39m
clubs-admin:test:      [33m[2m✓[22m[39m 422 EXPORT_LIMIT: shows the drawer's notice[33m 817[2mms[22m[39m
clubs-admin:test:      [33m[2m✓[22m[39m 422 EXPORT_TOO_LARGE: shows errors:EXPORT_TOO_LARGE next to the button[33m 766[2mms[22m[39m
clubs-admin:test:    [32m✓[39m T-14-26 R-14-12 E4-W07 D15 dogs «Excel · PDF» → PDF [2m(4)[22m
clubs-admin:test:      [33m[2m✓[22m[39m 200: saves the api's file byte for byte, with its Content-Type and the Content-Disposition name, and sends the list's parameters[33m 440[2mms[22m[39m
clubs-admin:test:      [33m[2m✓[22m[39m 202: opens the exports drawer with the queued job and saves nothing[33m 571[2mms[22m[39m
clubs-admin:test:      [33m[2m✓[22m[39m 422 EXPORT_LIMIT: shows the drawer's notice[33m 581[2mms[22m[39m
clubs-admin:test:      [33m[2m✓[22m[39m 422 EXPORT_TOO_LARGE: shows errors:EXPORT_TOO_LARGE next to the button[33m 537[2mms[22m[39m
clubs-admin:test:    [32m✓[39m T-14-26 R-14-12 E4-W07 member audit «Excel · PDF» → Excel [2m(4)[22m
clubs-admin:test:      [33m[2m✓[22m[39m 200: saves the api's file byte for byte, with its Content-Type and the Content-Disposition name, and sends the list's parameters[33m 498[2mms[22m[39m
clubs-admin:test:      [33m[2m✓[22m[39m 202: opens the exports drawer with the queued job and saves nothing[33m 492[2mms[22m[39m
clubs-admin:test:      [33m[2m✓[22m[39m 422 EXPORT_LIMIT: shows the drawer's notice[33m 452[2mms[22m[39m
clubs-admin:test:      [33m[2m✓[22m[39m 422 EXPORT_TOO_LARGE: shows errors:EXPORT_TOO_LARGE next to the button[33m 364[2mms[22m[39m
clubs-admin:test:    [32m✓[39m T-14-26 R-14-12 E4-W07 one export at a time [2m(4)[22m
clubs-admin:test:      [33m[2m✓[22m[39m R-03-24 «Exportar selecció» still exports the selected rows after a new search hides them[33m 848[2mms[22m[39m
clubs:test:  [32m✓[39m src/SignupPage.test.tsx [2m([22m[2m98 tests[22m[2m)[22m[33m 22680[2mms[22m[39m
clubs:test:    [32m✓[39m T-04-29 signup person and draft [2m(7)[22m
clubs:test:      [33m[2m✓[22m[39m persists a current draft, expires it after 24 hours and maps identity states[33m 4139[2mms[22m[39m
clubs:test:      [33m[2m✓[22m[39m keeps the draft and refetches localized configuration after a language change[33m 547[2mms[22m[39m
clubs:test:      [33m[2m✓[22m[39m masks and validates the browser-independent birth date control[33m 1006[2mms[22m[39m
clubs:test:      [33m[2m✓[22m[39m M2 checks the ES postal code and a past birth date from 1900 before any request[33m 1100[2mms[22m[39m
clubs:test:      [33m[2m✓[22m[39m focuses the first error after it renders and links each field to its message[33m 343[2mms[22m[39m
clubs:test:      [33m[2m✓[22m[39m keeps fields typed while the town lookup is in flight[33m 448[2mms[22m[39m
clubs:test:      [33m[2m✓[22m[39m GENERIC profile: the first document type of the profile and an editable prefix[33m 794[2mms[22m[39m
clubs:test:    [32m✓[39m T-04-30 signup dog, uploads, plans and module gates [2m(5)[22m
clubs:test:      [33m[2m✓[22m[39m uploads sequentially named vaccination pages and renders API plans[33m 639[2mms[22m[39m
clubs:test:      [33m[2m✓[22m[39m validates and normalises the chip per country profile and the birth month[33m 568[2mms[22m[39m
clubs:test:      [33m[2m✓[22m[39m keeps fields typed while an upload is in flight[33m 375[2mms[22m[39m
clubs:test:    [32m✓[39m T-04-31 signup family lookup [2m(3)[22m
clubs:test:      [33m[2m✓[22m[39m continues empty, resolves the fixture family and supports a pending lookup[33m 664[2mms[22m[39m
clubs:test:    [32m✓[39m T-04-32 signup payment, checkout and add-dog mode [2m(11)[22m
clubs:test:      [33m[2m✓[22m[39m renders API totals and payment conditions and submits only after privacy consent[33m 365[2mms[22m[39m
clubs:test:      [33m[2m✓[22m[39m shows each payment text only under its method (T-04-32, M7 web half)[33m 345[2mms[22m[39m
clubs:test:    [32m✓[39m M1 stable retries (CONVENCIONS_API §7, R-04-26/27) [2m(4)[22m
clubs:test:      [33m[2m✓[22m[39m retries a lost 201 with the same Idempotency-Key and gets the same 201[33m 374[2mms[22m[39m
clubs:test:    [32m✓[39m E3-W06 round 2 [2m(9)[22m
clubs:test:      [33m[2m✓[22m[39m #2 after a cancelled checkout 19 is read-only and the retry charges the committed signup[33m 301[2mms[22m[39m
clubs:test:    [32m✓[39m E3-W08 step 7: the three narrow cases of the E3-W06 round-2 review [2m(5)[22m
clubs:test:      [33m[2m✓[22m[39m #1 a slow full page load: the departing page never renders nor consumes the destination's error[33m 451[2mms[22m[39m
clubs:test: 
clubs:test: [2m Test Files [22m [1m[32m11 passed[39m[22m[90m (11)[39m
clubs:test: [2m      Tests [22m [1m[32m234 passed[39m[22m[90m (234)[39m
clubs:test: [2m   Start at [22m 21:29:25
clubs:test: [2m   Duration [22m 38.88s[2m (tests 36%, environment 26%, transform 24%, import 8%, setup 5%)[22m
clubs:test: 
clubs-admin:test:  [32m✓[39m src/dashboard/SignupReviewPage.test.tsx [2m([22m[2m93 tests[22m[2m)[22m[33m 21933[2mms[22m[39m
clubs-admin:test:    [32m✓[39m T-04-33 D2 signup validation [2m(22)[22m
clubs-admin:test:      [33m[2m✓[22m[39m shows the mockup: DNI and phone in full, signed documents, consent warning, level, invoice and Stripe payment[33m 2083[2mms[22m[39m
clubs-admin:test:      [33m[2m✓[22m[39m E4-W12 step 1: a dog with 3 documents and empty notes shows «—» beside «Notes als instructors» and no attachment chip[33m 438[2mms[22m[39m
clubs-admin:test:      [33m[2m✓[22m[39m E4-W12 step 2: in ca the identity row of a DNI is labelled by its type[33m 405[2mms[22m[39m
clubs-admin:test:      [33m[2m✓[22m[39m E4-W12 step 2: the edit drawer labels a passport «Passaport» too[33m 611[2mms[22m[39m
clubs-admin:test:      [33m[2m✓[22m[39m R-04-24 warns on the age badge only when pendingDays > warnDays, read from the signup view[33m 361[2mms[22m[39m
clubs-admin:test:      [33m[2m✓[22m[39m tolerates null optional fields (INC-08) and never sends null back[33m 348[2mms[22m[39m
clubs-admin:test:      [33m[2m✓[22m[39m requires explicit confirmation when a manual upfront payment is zero[33m 430[2mms[22m[39m
clubs-admin:test:    [32m✓[39m E3-W07 step 1 · M12 each dog is saved with its own version (R-04-19) [2m(3)[22m
clubs-admin:test:      [33m[2m✓[22m[39m edits the member and the dog in one save: the dog PATCH carries the dog's version, not the member's[33m 799[2mms[22m[39m
clubs-admin:test:      [33m[2m✓[22m[39m add-dog: the person is read-only and the new dog is saved with its version 0 while the member is at 7 (R-04-25)[33m 429[2mms[22m[39m
clubs-admin:test:      [33m[2m✓[22m[39m after a partial save (the member saved, the dog failed) reloads, shows the error in the drawer and retries only the dog[33m 639[2mms[22m[39m
clubs-admin:test:    [32m✓[39m E3-W07 async drawer: nothing typed during a save is lost [2m(1)[22m
clubs-admin:test:      [33m[2m✓[22m[39m locks the fields while the save is in flight[33m 534[2mms[22m[39m
clubs-admin:test:    [32m✓[39m E3-W07 step 2 · M13 422 codes on their fields (S04 §2 D2) [2m(11)[22m
clubs-admin:test:      [33m[2m✓[22m[39m MEMBER_ERASED (409, bare as the api sends it) is shown on its field[33m 329[2mms[22m[39m
clubs-admin:test:      [33m[2m✓[22m[39m maps the mock's own answers too: a missing level and a missing date[33m 367[2mms[22m[39m
clubs-admin:test:    [32m✓[39m E3-W07 step 3 · M14 both contacts and the full edit drawer (R-04-19, R-04-03) [2m(4)[22m
clubs-admin:test:      [33m[2m✓[22m[39m offers gender (three values), the notes, holderTaxId and the requested plan read-only[33m 344[2mms[22m[39m
clubs-admin:test:      [33m[2m✓[22m[39m adds a dog document forwarding the signed upload headers, and removes one[33m 726[2mms[22m[39m
clubs-admin:test:    [32m✓[39m E3-W07 step 4 · M15 the plan and family decisions (R-04-13, T-04-33) [2m(4)[22m
clubs-admin:test:      [33m[2m✓[22m[39m a NOT_FOUND_PENDING claim shows what the applicant typed and is resolved by attaching the holder's group[33m 684[2mms[22m[39m
clubs-admin:test:    [32m✓[39m E3-W07 round 2 · 2 a quote belongs to its plan, price and signup version (S04 §2 D2) [2m(3)[22m
clubs-admin:test:      [33m[2m✓[22m[39m a reload after a full payment shows no editable amount (the old quote is discarded)[33m 315[2mms[22m[39m
clubs-admin:test:    [32m✓[39m T-04-12 E4-W13 D2 for the reused dog of a readmission (S04 R-04-06, R-04-19, E38; api E3-T17, E5-T19) [2m(11)[22m
clubs-admin:test:      [33m[2m✓[22m[39m round 2 R-04-06 R-04-19: withdrawing Kiwi's submitted card shows the record's card again, which offers no [Retira] and is no change; the insurance withdrawn too leaves no documents change[33m 318[2mms[22m[39m
clubs-admin:test:  [32m✓[39m src/planning/TemplatesPage.test.tsx [2m([22m[2m29 tests[22m[2m)[22m[33m 25684[2mms[22m[39m
clubs-admin:test:    [32m✓[39m T-06-26 D3 weekly templates [2m(13)[22m
clubs-admin:test:      [33m[2m✓[22m[39m prefills band and day from an empty cell, fills the description by levels, keeps the manual text and asks for another class in the band[33m 6535[2mms[22m[39m
clubs-admin:test:      [33m[2m✓[22m[39m saves every change of a full cell at once with the template version[33m 3152[2mms[22m[39m
clubs-admin:test:      [33m[2m✓[22m[39m queues two quick changes of a full cell and sends each PATCH with the latest version[33m 1258[2mms[22m[39m
clubs-admin:test:      [33m[2m✓[22m[39m reloads the template and remounts the card on STALE_VERSION[33m 1581[2mms[22m[39m
clubs-admin:test:      [33m[2m✓[22m[39m puts the form back to the saved class when a PATCH fails[33m 926[2mms[22m[39m
clubs-admin:test:      [33m[2m✓[22m[39m shows a failed load of the weeks and the coverage with [Torna-ho a provar] instead of a loading table[33m 850[2mms[22m[39m
clubs-admin:test:      [33m[2m✓[22m[39m shows each band error on the field that caused it[33m 701[2mms[22m[39m
clubs-admin:test:      [33m[2m✓[22m[39m marks the inconsistency on the cells and in the footer note and blocks the generation[33m 783[2mms[22m[39m
clubs-admin:test:      [33m[2m✓[22m[39m confirms «Es generaran com a esborrany les classes de la setmana del …» and generates the proposed week[33m 678[2mms[22m[39m
clubs-admin:test:      [33m[2m✓[22m[39m hides every action from INSTRUCTOR and keeps the cells inert (A22 c)[33m 331[2mms[22m[39m
clubs-admin:test:      [33m[2m✓[22m[39m R-06-15 hides levels and coverage with levels.enabled = false and requires a manual description[33m 411[2mms[22m[39m
clubs-admin:test:    [32m✓[39m T-06-26 E4-W06 D3 edit-mode leftovers of the E4-W01 round-2 review [2m(3)[22m
clubs-admin:test:      [33m[2m✓[22m[39m R-06-02 #3 «Treu de la plantilla» waits for the level PATCH queued before it: the DELETE never overtakes it[33m 585[2mms[22m[39m
clubs-admin:test:      [33m[2m✓[22m[39m S06 §3 #4 without the opening hours, OUTSIDE_OPENING_HOURS lands on the time the admin moved; a new band gets it without a field[33m 652[2mms[22m[39m
clubs-admin:test:      [33m[2m✓[22m[39m R-06-02 #7 a failed chip PATCH puts back only the chips: the text still being typed in «Descripció» and «Límit» stays[33m 405[2mms[22m[39m
clubs-admin:test:    [32m✓[39m T-06-26 E4-W14 D3 coverage of the progression levels (E4-W06 review #8) [2m(2)[22m
clubs-admin:test:      [33m[2m✓[22m[39m R-06-06 the coverage table lists only the progression levels: Teràpia and Pendent never, Cadells not once it leaves the progression[33m 316[2mms[22m[39m
clubs-admin:test:    [32m✓[39m T-06-26 E4-W14 D3 the removal queue (E4-W06 review #3 and #4) [2m(4)[22m
clubs-admin:test:      [33m[2m✓[22m[39m R-06-02 «Esborra la franja» (removeBand) waits in the queue for the level PATCH before it; then the drawer closes[33m 668[2mms[22m[39m
clubs-admin:test:      [33m[2m✓[22m[39m R-06-02 a band removal never drops a class change queued after it: the PATCH is sent once the DELETE answers[33m 731[2mms[22m[39m
clubs-admin:test:      [33m[2m✓[22m[39m R-06-02 a failed «Treu de la plantilla» keeps the change queued after it: its PATCH is sent[33m 591[2mms[22m[39m
clubs-admin:test:      [33m[2m✓[22m[39m R-06-02 #7 a change dropped after a failed PATCH is never left on screen: its chip goes back and the first error stays[33m 416[2mms[22m[39m
clubs-admin:test:    [32m✓[39m T-06-26 E4-W14 round 2 D3 the queue drops only the removed or refused class's changes (review #2) [2m(3)[22m
clubs-admin:test:      [33m[2m✓[22m[39m R-06-02 class B's chip change, queued behind class A's removal, is saved with the template's new version[33m 564[2mms[22m[39m
clubs-admin:test:      [33m[2m✓[22m[39m R-06-02 class B's change queued behind class A's refused PATCH is sent; A's error goes to the page, since A's form is gone[33m 598[2mms[22m[39m
clubs-admin:test:      [33m[2m✓[22m[39m R-06-02 a change of class A queued after A's own removal is dropped with a message: the class no longer exists[33m 503[2mms[22m[39m
clubs-admin:test:    [32m✓[39m T-06-26 E4-W10 D3 closed days (S06 R-06-01, S02 R-02-09) [2m(2)[22m
clubs-admin:test:      [33m[2m✓[22m[39m R-06-01 R-02-09 a template whose kind has a closed day takes no band: the drawer says which day and sends nothing; the Saturday template still takes one[33m 624[2mms[22m[39m
clubs-admin:test:      [33m[2m✓[22m[39m S06 §3 a failed GET /club/opening-hours shows its error with [Torna-ho a provar] instead of assuming 07:00–22:00; after the retry the closed Monday is named again[33m 416[2mms[22m[39m
clubs-admin:test:    [32m✓[39m T-06-26 E4-W11 D3 follow-ups of the E4-W10 review [2m(2)[22m
clubs-admin:test:      [33m[2m✓[22m[39m R-06-01 R-02-09 the closed days read as a label with the days joined as a list: «Dies de tancament: dilluns i dimarts. …»[33m 523[2mms[22m[39m
clubs-admin:test:  [32m✓[39m src/activities/ActivitiesPage.test.tsx [2m([22m[2m46 tests[22m[2m)[22m[33m 25423[2mms[22m[39m
clubs-admin:test:    [32m✓[39m T-07-29 D7 activities (list, maintenance, publication, cancellation) [2m(21)[22m
clubs-admin:test:      [33m[2m✓[22m[39m draws the four mockup rows with the R-07-13 dates, rings, registrations and state chips[33m 2882[2mms[22m[39m
clubs-admin:test:      [33m[2m✓[22m[39m «Nova activitat» creates a draft with title and type and opens its maintenance[33m 2414[2mms[22m[39m
clubs-admin:test:      [33m[2m✓[22m[39m shows the mockup maintenance of «Torneig d'Estiu 2026» with the ring, level and waitlist chips[33m 1408[2mms[22m[39m
clubs-admin:test:      [33m[2m✓[22m[39m disables the ring chips of an activity outside the club («— (fora del club)»)[33m 993[2mms[22m[39m
clubs-admin:test:      [33m[2m✓[22m[39m R-07-14 hides «Nivells» with levels.enabled=false and «Llista d'espera» without WAITLIST[33m 1265[2mms[22m[39m
clubs-admin:test:      [33m[2m✓[22m[39m R-07-03 [DESA] sends only the allow-listed rich text of the editor, with the version[33m 809[2mms[22m[39m
clubs-admin:test:      [33m[2m✓[22m[39m R-07-05 [PUBLICA] with conflicts opens the dialog with the conflicts and the required notice text[33m 824[2mms[22m[39m
clubs-admin:test:      [33m[2m✓[22m[39m R-07-04 a draft without the registration period answers ACTIVITY_INCOMPLETE on the fields[33m 542[2mms[22m[39m
clubs-admin:test:      [33m[2m✓[22m[39m R-07-06 [CANCEL·LA L'ACTIVITAT] opens the modal with «CANCEL·LA I AVISA ELS 22 INSCRITS» disabled without text[33m 878[2mms[22m[39m
clubs-admin:test:      [33m[2m✓[22m[39m R-07-04 after an upload [DESA] sends only the admin's own edits with the fresh version[33m 950[2mms[22m[39m
clubs-admin:test:      [33m[2m✓[22m[39m R-07-05 a RING_BLOCK conflict is not forceable: no option for it and [PUBLICA I APLICA] disabled with the reason[33m 695[2mms[22m[39m
clubs-admin:test:      [33m[2m✓[22m[39m R-07-05 the conflict dialog never hangs: a repeated 409 and other errors show inside it[33m 568[2mms[22m[39m
clubs-admin:test:      [33m[2m✓[22m[39m R-07-04/05 save mode: a resync conflict opens «DESA I APLICA»; STALE_VERSION closes it, refetches and says so[33m 862[2mms[22m[39m
clubs-admin:test:      [33m[2m✓[22m[39m the plain publish confirm is pending once, keeps one key per payload and turns ADMIN_TEXT_REQUIRED into the text[33m 594[2mms[22m[39m
clubs-admin:test:      [33m[2m✓[22m[39m [DESPUBLICA] answers ACTIVITY_HAS_REGISTRATIONS with registrants and unpublishes without them[33m 625[2mms[22m[39m
clubs-admin:test:      [33m[2m✓[22m[39m R-07-02 DUPLICATE_SLUG and SLUG_LOCKED land on the slug field[33m 524[2mms[22m[39m
clubs-admin:test:    [32m✓[39m T-07-29 E4-W08 D7 follow-ups of the E4-W04 round-2 review [2m(6)[22m
clubs-admin:test:      [33m[2m✓[22m[39m R-07-04 the rich text is read-only while [DESA] is pending, and nothing typed is lost[33m 540[2mms[22m[39m
clubs-admin:test:      [33m[2m✓[22m[39m R-07-05 away from the club the hours cover the whole day: 6:00 when the club opens at 7:00[33m 1056[2mms[22m[39m
clubs-admin:test:      [33m[2m✓[22m[39m R-07-06 ADMIN_TEXT_REQUIRED after an empty preview fetches it again and asks for the notice text[33m 437[2mms[22m[39m
clubs-admin:test:    [32m✓[39m T-07-29 E4-W10 D7 follow-ups of the E4-W08 and E4-W09 reviews [2m(3)[22m
clubs-admin:test:      [33m[2m✓[22m[39m S07 §6 CONVENCIONS_API §4 the member filter reads every page: with 1,001 distinct registrants the member on the second page can be selected[33m 1456[2mms[22m[39m
clubs-admin:test:      [33m[2m✓[22m[39m R-07-05 R-02-09 at the club with linked rings, a closed day shows «El club està tancat aquest dia» and offers no times; an open day or away from the club offers them[33m 449[2mms[22m[39m
clubs-admin:test:    [32m✓[39m T-07-29 E4-W14 D7 follow-ups of the E4-W11 review [2m(4)[22m
clubs-admin:test:      [33m[2m✓[22m[39m R-07-05 S07 §6 a draft saved at 6:00 against a 7:00 opening: the preview's 422 OUTSIDE_OPENING_HOURS lands on the date and both times, not in a toast[33m 397[2mms[22m[39m
clubs-admin:test:  [32m✓[39m src/planning/CalendarPage.test.tsx [2m([22m[2m44 tests[22m[2m)[22m[33m 26146[2mms[22m[39m
clubs-admin:test:    [32m✓[39m E3-W07 step 9 a D1 risk row opens D4 on its class [2m(1)[22m
clubs-admin:test:      [33m[2m✓[22m[39m selects the class of `?classe=` in the week of `?setmana=`[33m 2473[2mms[22m[39m
clubs-admin:test:    [32m✓[39m T-06-28 D4 / D4b / D4c class calendar (front half, MSW) [2m(24)[22m
clubs-admin:test:      [33m[2m✓[22m[39m opens «Esborrany» on the first week with drafts, with the validation card and its count[33m 2945[2mms[22m[39m
clubs-admin:test:      [33m[2m✓[22m[39m [VALIDAR LA SETMANA] turns every draft of the week active at once[33m 1923[2mms[22m[39m
clubs-admin:test:      [33m[2m✓[22m[39m cancels an active class with registrants through D4c: four rows, text required, «ANUL·LA I AVISA ELS 4 ALUMNES»[33m 1733[2mms[22m[39m
clubs-admin:test:      [33m[2m✓[22m[39m [ELIMINA] of an active class goes through the same D4c modal[33m 1422[2mms[22m[39m
clubs-admin:test:      [33m[2m✓[22m[39m R-06-09 saves the diff with the version; STALE_VERSION keeps its message after the refetch remounts the card[33m 1174[2mms[22m[39m
clubs-admin:test:      [33m[2m✓[22m[39m R-06-09 keeps the INVALID_STATE message of the «Exempta…» toggle after the refetch[33m 667[2mms[22m[39m
clubs-admin:test:      [33m[2m✓[22m[39m R-06-05 moving a class onto training bookings asks first and resends with cancelBookings[33m 917[2mms[22m[39m
clubs-admin:test:      [33m[2m✓[22m[39m R-06-10 D4c with only a waitlist: no «0 alumnes», a waitlist intro and button[33m 423[2mms[22m[39m
clubs-admin:test:      [33m[2m✓[22m[39m R-06-11 the block drawer starts on the club-local today and a Saturday date offers Saturday's hours only[33m 450[2mms[22m[39m
clubs-admin:test:      [33m[2m✓[22m[39m R-06-09 [Crear classe] clamps its start and end times to a Saturday's hours[33m 467[2mms[22m[39m
clubs-admin:test:      [33m[2m✓[22m[39m R-06-11 a new ring after RING_HAS_BOOKINGS drops the confirmation: no cancelBookings for a ring not shown[33m 803[2mms[22m[39m
clubs-admin:test:      [33m[2m✓[22m[39m R-06-09 [Crear classe]: a new time or ring after RING_HAS_BOOKINGS drops the confirmation[33m 876[2mms[22m[39m
clubs-admin:test:      [33m[2m✓[22m[39m R-06-09 [Crear classe]: a RING_HAS_BOOKINGS answer that arrives after a ring change is dropped[33m 874[2mms[22m[39m
clubs-admin:test:      [33m[2m✓[22m[39m R-06-11 the block drawer locks ring, date and times until a delayed RING_HAS_BOOKINGS arrives[33m 628[2mms[22m[39m
clubs-admin:test:      [33m[2m✓[22m[39m R-06-09 keeps every editor disabled from [ACCEPTA] until the saved version is shown[33m 619[2mms[22m[39m
clubs-admin:test:      [33m[2m✓[22m[39m R-06-11 lists the RING_BLOCK_CONFLICT conflicts inside the block drawer[33m 575[2mms[22m[39m
clubs-admin:test:      [33m[2m✓[22m[39m INSTRUCTOR reads the calendar without actions and with inert chips (A22 c)[33m 395[2mms[22m[39m
clubs-admin:test:    [32m✓[39m T-06-28 E4-W09 D4 follow-ups of the E4-W02 round-4 review [2m(7)[22m
clubs-admin:test:      [33m[2m✓[22m[39m S06 §3 R-06-09 an opening at 07:05 with 10-minute slots: «Hora» and [Crear classe] offer 07:10 first, and the class is sent on slot boundaries[33m 626[2mms[22m[39m
clubs-admin:test:      [33m[2m✓[22m[39m R-06-09 after STALE_VERSION every editor stays locked until the refetched version is shown, so no edit is lost[33m 496[2mms[22m[39m
clubs-admin:test:      [33m[2m✓[22m[39m R-06-09 a conflict refetch that fails unlocks the card with the admin's edit kept[33m 461[2mms[22m[39m
clubs-admin:test:      [33m[2m✓[22m[39m R-02-09 Sunday absent from club.openingHours is closed: the card and [Crear classe] offer no times there, say so and do not submit[33m 394[2mms[22m[39m
clubs-admin:test:    [32m✓[39m T-06-28 E4-W10 D4 follow-ups of the E4-W09 review [2m(2)[22m
clubs-admin:test:      [33m[2m✓[22m[39m S06 §3 a failed GET /club/opening-hours shows its error with [Torna-ho a provar] and offers no times until it loads[33m 400[2mms[22m[39m
clubs-admin:test: 
clubs-admin:test: [2m Test Files [22m [1m[32m20 passed[39m[22m[90m (20)[39m
clubs-admin:test: [2m      Tests [22m [1m[32m341 passed[39m[22m[90m (341)[39m
clubs-admin:test: [2m   Start at [22m 21:29:25
clubs-admin:test: [2m   Duration [22m 44.13s[2m (tests 40%, environment 25%, transform 21%, import 8%, setup 5%)[22m
clubs-admin:test: 

 Tasks:    34 successful, 34 total
Cached:    0 cached, 34 total
  Time:    1m19.792s 

