• turbo 2.10.12

   • Packages in scope: @agilityhub/api-client, @agilityhub/auth, @agilityhub/config, @agilityhub/course-core, @agilityhub/i18n, @agilityhub/shared-types, @agilityhub/ui, clubs, clubs-admin, id
   • Running lint, typecheck, test, build in 10 packages
   • Remote caching disabled

@agilityhub/api-client:lint: cache miss, executing 01c6999907a1d922
clubs:lint: cache miss, executing 4c6776988849e324
@agilityhub/api-client:typecheck: cache miss, executing 995379c2472517f1
@agilityhub/api-client:test: cache miss, executing 6cb05b86844d0a16
@agilityhub/auth:lint: cache hit, replaying logs 2925197e67cefb4b
@agilityhub/ui:typecheck: cache hit, replaying logs 55659aad2776abc8
@agilityhub/config:lint: cache hit, replaying logs 42ac5d636417f38d
@agilityhub/i18n:lint: cache hit, replaying logs 761345d518a07630
@agilityhub/ui:test: cache hit, replaying logs daec43b93763c204
id:lint: cache hit, replaying logs 22651cf71461790e
@agilityhub/auth:lint:
@agilityhub/auth:lint: > @agilityhub/auth@0.0.0 lint /Users/jordib/dev/agilityhub/agilityhub-core-web/packages/auth
@agilityhub/auth:lint: > eslint src --max-warnings 0 --config ../../eslint.config.mjs
@agilityhub/auth:lint:
@agilityhub/ui:typecheck:
@agilityhub/ui:typecheck: > @agilityhub/ui@0.0.0 typecheck /Users/jordib/dev/agilityhub/agilityhub-core-web/packages/ui
@agilityhub/ui:typecheck: > tsc --noEmit
@agilityhub/ui:typecheck:
@agilityhub/config:lint:
@agilityhub/config:lint: > @agilityhub/config@0.0.0 lint /Users/jordib/dev/agilityhub/agilityhub-core-web/packages/config
@agilityhub/config:lint: > eslint . --max-warnings 0 --config ../../eslint.config.mjs
@agilityhub/config:lint:
@agilityhub/i18n:lint:
@agilityhub/i18n:lint: > @agilityhub/i18n@0.0.0 lint /Users/jordib/dev/agilityhub/agilityhub-core-web/packages/i18n
@agilityhub/i18n:lint: > eslint src --max-warnings 0 --config ../../eslint.config.mjs
@agilityhub/ui:test:
@agilityhub/ui:test: > @agilityhub/ui@0.0.0 test /Users/jordib/dev/agilityhub/agilityhub-core-web/packages/ui
@agilityhub/ui:test: > vitest run
@agilityhub/ui:test:
@agilityhub/ui:test:
id:lint:
id:lint: > id@0.0.0 lint /Users/jordib/dev/agilityhub/agilityhub-core-web/apps/id
id:lint: > eslint . --max-warnings 0 --config ../../eslint.config.mjs
id:lint:
@agilityhub/ui:test:  RUN  v5.0.0 /Users/jordib/dev/agilityhub/agilityhub-core-web/packages/ui
@agilityhub/ui:test:
@agilityhub/ui:test:  ✓ src/on-primary.test.ts (3 tests) 46ms
@agilityhub/ui:test:  ✓ src/limited-markdown.test.tsx (1 test) 133ms
@agilityhub/i18n:lint:
@agilityhub/ui:test:  ✓ src/attendance-contrast.test.ts (34 tests) 8ms
@agilityhub/ui:test:  ✓ src/branding.test.tsx (5 tests) 22ms
@agilityhub/ui:test:  ✓ src/icons/Icon.test.tsx (1 test) 65ms
@agilityhub/ui:test: stderr | src/day-grid.test.tsx > DayGrid presenter (screens 10 / 23) > renders the api's «Sense» column as delivered and never adds one of its own
@agilityhub/ui:test: [DayGrid] cells without a matching column are not drawn: cls-1 (ringId null)
@agilityhub/ui:test:
@agilityhub/ui:test:  ✓ src/index.test.ts (2 tests) 2ms
@agilityhub/ui:test:  ✓ src/schedule-grid.test.tsx (3 tests) 250ms
@agilityhub/ui:test:  ✓ src/attendance-sheet.test.tsx (4 tests) 243ms
@agilityhub/ui:test:  ✓ src/day-grid.test.tsx (10 tests) 268ms
@agilityhub/ui:test:  ✓ src/rich-text.test.tsx (13 tests) 322ms
@agilityhub/ui:test:  ✓ src/slot-grid.test.tsx (9 tests) 426ms
@agilityhub/ui:test:  ✓ src/attendance.test.tsx (16 tests) 221ms
@agilityhub/ui:test:  ✓ src/universal-list.test.tsx (10 tests) 510ms
@agilityhub/ui:test:    ✓ E5-W05 round 2 #2 · a range filter with no suggested values (ruling E80) (1)
@agilityhub/ui:test:      ✓ offers two dates instead of the value list, never asks for the field's values, and adds the range's own value 313ms
@agilityhub/ui:test:  ✓ src/components.test.tsx (31 tests) 538ms
@agilityhub/ui:test:  ✓ src/tasks-panel.test.tsx (14 tests) 599ms
@agilityhub/ui:test:
@agilityhub/ui:test:  Test Files  15 passed (15)
@agilityhub/ui:test:       Tests  156 passed (156)
@agilityhub/ui:test:    Start at  09:06:22
@agilityhub/ui:test:    Duration  3.70s (environment 62%, setup 19%, transform 9%, tests 8%, import 1%, worker 1%)
@agilityhub/ui:test:
@agilityhub/course-core:test: cache hit, replaying logs 34116acf0470d929
clubs-admin:lint: cache miss, executing 4cfbc3db8dbef40e
@agilityhub/config:typecheck: cache hit, replaying logs 6860c83ceac65ae7
@agilityhub/course-core:test:
@agilityhub/course-core:test: > @agilityhub/course-core@0.0.1 test /Users/jordib/dev/agilityhub/agilityhub-core-web/packages/course-core
@agilityhub/course-core:test: > vitest run
@agilityhub/course-core:test:
@agilityhub/course-core:test:
@agilityhub/course-core:test: [1m[30m[46m RUN [49m[39m[22m [36mv5.0.0 [39m[90m/Users/jordib/dev/agilityhub/agilityhub-core-web/packages/course-core[39m
@agilityhub/course-core:test:
@agilityhub/course-core:test:  [32m✓[39m tests/coords.test.ts [2m([22m[2m5 tests[22m[2m)[22m[32m 3[2mms[22m[39m
@agilityhub/course-core:test:  [32m✓[39m tests/geometry-primitives.test.ts [2m([22m[2m15 tests[22m[2m)[22m[32m 4[2mms[22m[39m
@agilityhub/course-core:test:  [32m✓[39m tests/marker-id.test.ts [2m([22m[2m11 tests[22m[2m)[22m[32m 8[2mms[22m[39m
@agilityhub/course-core:test:  [32m✓[39m tests/wrapper.test.ts [2m([22m[2m5 tests[22m[2m)[22m[32m 3[2mms[22m[39m
@agilityhub/course-core:test:  [32m✓[39m tests/calibration.test.ts [2m([22m[2m9 tests[22m[2m)[22m[32m 4[2mms[22m[39m
@agilityhub/course-core:test:  [32m✓[39m tests/parse-smarter-colors-txt.test.ts [2m([22m[2m6 tests[22m[2m)[22m[32m 5[2mms[22m[39m
@agilityhub/course-core:test:  [32m✓[39m tests/apriltag-36h11.test.ts [2m([22m[2m31 tests[22m[2m)[22m[32m 31[2mms[22m[39m
@agilityhub/course-core:test:  [32m✓[39m tests/ring.test.ts [2m([22m[2m7 tests[22m[2m)[22m[32m 11[2mms[22m[39m
@agilityhub/course-core:test:  [32m✓[39m tests/marker-svg.test.ts [2m([22m[2m29 tests[22m[2m)[22m[32m 11[2mms[22m[39m
@agilityhub/course-core:test:  [32m✓[39m tests/geometry-transform.test.ts [2m([22m[2m6 tests[22m[2m)[22m[32m 4[2mms[22m[39m
@agilityhub/course-core:test:  [32m✓[39m tests/placement.test.ts [2m([22m[2m20 tests[22m[2m)[22m[32m 7[2mms[22m[39m
@agilityhub/course-core:test:  [32m✓[39m tests/units.test.ts [2m([22m[2m5 tests[22m[2m)[22m[32m 3[2mms[22m[39m
@agilityhub/course-core:test:  [32m✓[39m tests/summarize-course.test.ts [2m([22m[2m8 tests[22m[2m)[22m[32m 10[2mms[22m[39m
@agilityhub/course-core:test:  [32m✓[39m tests/parse-smarter-txt.test.ts [2m([22m[2m113 tests[22m[2m)[22m[32m 22[2mms[22m[39m
@agilityhub/course-core:test:  [32m✓[39m tests/smarter-writer.test.ts [2m([22m[2m8 tests[22m[2m)[22m[32m 12[2mms[22m[39m
@agilityhub/course-core:test:  [32m✓[39m tests/warnings-engine.test.ts [2m([22m[2m13 tests[22m[2m)[22m[32m 6[2mms[22m[39m
@agilityhub/course-core:test:  [32m✓[39m tests/warnings-rules.test.ts [2m([22m[2m26 tests[22m[2m)[22m[32m 26[2mms[22m[39m
@agilityhub/course-core:test:  [32m✓[39m tests/smarter-fixtures.test.ts [2m([22m[2m25 tests[22m[2m)[22m[32m 19[2mms[22m[39m
@agilityhub/course-core:test:  [32m✓[39m tests/course-data-json-schema.test.ts [2m([22m[2m22 tests[22m[2m)[22m[32m 86[2mms[22m[39m
@agilityhub/course-core:test:
@agilityhub/course-core:test: [2m Test Files [22m [1m[32m19 passed[39m[22m[90m (19)[39m
@agilityhub/course-core:test: [2m      Tests [22m [1m[32m364 passed[39m[22m[90m (364)[39m
@agilityhub/config:typecheck:
@agilityhub/config:typecheck: > @agilityhub/config@0.0.0 typecheck /Users/jordib/dev/agilityhub/agilityhub-core-web/packages/config
@agilityhub/config:typecheck: > node --check eslint.config.mjs && node --check prettier.config.mjs && node --check scripts/prepare-husky.mjs
@agilityhub/config:typecheck:
@agilityhub/course-core:typecheck: cache hit, replaying logs 61edc282ad1bbb2a
@agilityhub/course-core:test: [2m   Start at [22m 16:01:14
@agilityhub/course-core:test: [2m   Duration [22m 1.25s[2m (transform 79%, import 15%, tests 4%, worker 2%)[22m
@agilityhub/course-core:test:
@agilityhub/course-core:test: [2m  Transform [22m [33mtransforming modules took 5.41s[39m[2m · 79% of tracked time, re-done on every run[22m
@agilityhub/course-core:test: [2m            [22m [2mpersist transforms across runs with [22m[33mfsModuleCache: true[39m
@agilityhub/course-core:test: [2m            [22m [2mlearn more: https://vitest.dev/guide/improving-performance#caching-between-reruns[22m
@agilityhub/course-core:test:
@agilityhub/course-core:typecheck:
@agilityhub/course-core:typecheck: > @agilityhub/course-core@0.0.1 typecheck /Users/jordib/dev/agilityhub/agilityhub-core-web/packages/course-core
@agilityhub/course-core:typecheck: > tsc --noEmit
@agilityhub/course-core:typecheck:
@agilityhub/ui:lint: cache hit, replaying logs cb26e0277fb80598
@agilityhub/ui:lint:
@agilityhub/ui:lint: > @agilityhub/ui@0.0.0 lint /Users/jordib/dev/agilityhub/agilityhub-core-web/packages/ui
@agilityhub/ui:lint: > eslint src --max-warnings 0 --config ../../eslint.config.mjs
@agilityhub/ui:lint:
@agilityhub/course-core:lint: cache hit, replaying logs e1967c3b8013c83f
@agilityhub/course-core:build: cache hit, replaying logs e18b31668a225399
@agilityhub/shared-types:lint: cache hit, replaying logs a946566fb9efb741
@agilityhub/course-core:lint:
@agilityhub/course-core:lint: > @agilityhub/course-core@0.0.1 lint /Users/jordib/dev/agilityhub/agilityhub-core-web/packages/course-core
@agilityhub/course-core:lint: > eslint src tests --max-warnings 0 --config ../../eslint.config.mjs
@agilityhub/course-core:lint:
@agilityhub/course-core:build:
@agilityhub/course-core:build: > @agilityhub/course-core@0.0.1 build /Users/jordib/dev/agilityhub/agilityhub-core-web/packages/course-core
@agilityhub/course-core:build: > tsc -p tsconfig.build.json
@agilityhub/course-core:build:
@agilityhub/shared-types:lint:
@agilityhub/shared-types:lint: > @agilityhub/shared-types@0.0.1 lint /Users/jordib/dev/agilityhub/agilityhub-core-web/packages/shared-types
@agilityhub/shared-types:lint: > eslint src tests scripts --max-warnings 0 --config ../../eslint.config.mjs
@agilityhub/shared-types:lint:
@agilityhub/i18n:typecheck: cache hit, replaying logs 826e54df470caf9b
@agilityhub/i18n:typecheck:
@agilityhub/i18n:typecheck: > @agilityhub/i18n@0.0.0 typecheck /Users/jordib/dev/agilityhub/agilityhub-core-web/packages/i18n
@agilityhub/i18n:typecheck: > tsc --noEmit
@agilityhub/i18n:typecheck:
@agilityhub/i18n:test: cache hit, replaying logs e14a60433e6604e3
clubs:build: cache miss, executing e7b8018752a3303c
@agilityhub/shared-types:typecheck: cache hit, replaying logs c4cd70d7e3ccd8fa
@agilityhub/shared-types:test: cache hit, replaying logs 0d5094aa59df2bb0
@agilityhub/i18n:test:
@agilityhub/i18n:test: > @agilityhub/i18n@0.0.0 test /Users/jordib/dev/agilityhub/agilityhub-core-web/packages/i18n
@agilityhub/i18n:test: > vitest run
@agilityhub/i18n:test:
@agilityhub/i18n:test:
@agilityhub/i18n:test:  RUN  v5.0.0 /Users/jordib/dev/agilityhub/agilityhub-core-web/packages/i18n
@agilityhub/i18n:test:
@agilityhub/i18n:test:  ✓ src/masking.test.ts (9 tests) 5ms
@agilityhub/i18n:test:  ✓ src/locale.test.ts (3 tests) 2ms
@agilityhub/i18n:test:  ✓ src/activities.test.ts (5 tests) 21ms
@agilityhub/i18n:test:  ✓ src/index.test.ts (4 tests) 29ms
@agilityhub/i18n:test:  ✓ src/format.test.ts (99 tests) 43ms
@agilityhub/i18n:test:
@agilityhub/i18n:test:  Test Files  5 passed (5)
@agilityhub/i18n:test:       Tests  120 passed (120)
@agilityhub/i18n:test:    Start at  09:06:30
@agilityhub/i18n:test:    Duration  408ms (transform 70%, import 17%, tests 12%, worker 1%)
@agilityhub/i18n:test:
@agilityhub/shared-types:test:
@agilityhub/shared-types:build: cache hit, replaying logs a211f3de2fb8a1b3
@agilityhub/shared-types:test: > @agilityhub/shared-types@0.0.1 test /Users/jordib/dev/agilityhub/agilityhub-core-web/packages/shared-types
@agilityhub/shared-types:test: > vitest run
@agilityhub/shared-types:test:
@agilityhub/shared-types:test:
@agilityhub/shared-types:test: [1m[30m[46m RUN [49m[39m[22m [36mv5.0.0 [39m[90m/Users/jordib/dev/agilityhub/agilityhub-core-web/packages/shared-types[39m
@agilityhub/shared-types:test:
@agilityhub/shared-types:test:  [32m✓[39m tests/build-session-export.test.ts [2m([22m[2m21 tests[22m[2m)[22m[32m 30[2mms[22m[39m
@agilityhub/shared-types:test:  [32m✓[39m tests/json-schemas.test.ts [2m([22m[2m17 tests[22m[2m)[22m[32m 52[2mms[22m[39m
@agilityhub/shared-types:test:
@agilityhub/shared-types:test: [2m Test Files [22m [1m[32m2 passed[39m[22m[90m (2)[39m
@agilityhub/shared-types:test: [2m      Tests [22m [1m[32m38 passed[39m[22m[90m (38)[39m
@agilityhub/shared-types:test: [2m   Start at [22m 16:01:24
@agilityhub/shared-types:test: [2m   Duration [22m 740ms[2m (transform 70%, import 21%, tests 8%, worker 1%)[22m
@agilityhub/shared-types:test:
@agilityhub/shared-types:typecheck:
@agilityhub/shared-types:typecheck: > @agilityhub/shared-types@0.0.1 typecheck /Users/jordib/dev/agilityhub/agilityhub-core-web/packages/shared-types
@agilityhub/shared-types:typecheck: > tsc --noEmit
@agilityhub/shared-types:typecheck:
@agilityhub/shared-types:build:
@agilityhub/shared-types:build: > @agilityhub/shared-types@0.0.1 build /Users/jordib/dev/agilityhub/agilityhub-core-web/packages/shared-types
@agilityhub/shared-types:build: > tsc -p tsconfig.build.json
@agilityhub/shared-types:build:
id:build: cache miss, executing 946e89b02a88e0af
clubs-admin:build: cache miss, executing 5a178d5479d9337d
clubs-admin:build:
clubs-admin:build: > clubs-admin@0.0.0 build /Users/jordib/dev/agilityhub/agilityhub-core-web/apps/clubs-admin
clubs-admin:build: > tsc --noEmit && vite build
clubs-admin:build:
@agilityhub/api-client:lint:
@agilityhub/api-client:lint: > @agilityhub/api-client@0.0.0 lint /Users/jordib/dev/agilityhub/agilityhub-core-web/packages/api-client
@agilityhub/api-client:lint: > eslint src --ignore-pattern src/generated/** --max-warnings 0 --config ../../eslint.config.mjs
@agilityhub/api-client:lint:
@agilityhub/api-client:test:
@agilityhub/api-client:test: > @agilityhub/api-client@0.0.0 test /Users/jordib/dev/agilityhub/agilityhub-core-web/packages/api-client
@agilityhub/api-client:test: > vitest run
@agilityhub/api-client:test:
clubs-admin:lint:
clubs-admin:lint: > clubs-admin@0.0.0 lint /Users/jordib/dev/agilityhub/agilityhub-core-web/apps/clubs-admin
clubs-admin:lint: > eslint . --max-warnings 0 --config ../../eslint.config.mjs
clubs-admin:lint:
clubs:build:
clubs:build: > clubs@0.0.0 build /Users/jordib/dev/agilityhub/agilityhub-core-web/apps/clubs
clubs:build: > tsc --noEmit && vite build
clubs:build:
id:build:
id:build: > id@0.0.0 build /Users/jordib/dev/agilityhub/agilityhub-core-web/apps/id
id:build: > tsc --noEmit && vite build
id:build:
@agilityhub/api-client:typecheck:
@agilityhub/api-client:typecheck: > @agilityhub/api-client@0.0.0 typecheck /Users/jordib/dev/agilityhub/agilityhub-core-web/packages/api-client
@agilityhub/api-client:typecheck: > tsc --noEmit
@agilityhub/api-client:typecheck:
clubs:lint:
clubs:lint: > clubs@0.0.0 lint /Users/jordib/dev/agilityhub/agilityhub-core-web/apps/clubs
clubs:lint: > eslint . --max-warnings 0 --config ../../eslint.config.mjs
clubs:lint:
@agilityhub/api-client:test:
@agilityhub/api-client:test:  RUN  v5.0.0 /Users/jordib/dev/agilityhub/agilityhub-core-web/packages/api-client
@agilityhub/api-client:test:
@agilityhub/api-client:test:  ✓ src/branding-cache.test.ts (5 tests) 410ms
@agilityhub/api-client:test:  ✓ src/mocks/day-grid-handlers.test.ts (16 tests) 236ms
@agilityhub/api-client:test:  ✓ src/mocks/auth-handoff.test.ts (2 tests) 1218ms
@agilityhub/api-client:test:    ✓ T-01-12 E4-W16 round 2 #2 (S01 R-01-09, E47): a handoff code is single-use across page loads (2)
@agilityhub/api-client:test:      ✓ redeem code 1, reload, redeem code 2, then code 1 again → refused (the whole redemption history stays spent) 1070ms
@agilityhub/api-client:test:  ✓ src/mocks/agenda-handlers.test.ts (16 tests) 346ms
@agilityhub/api-client:test:  ✓ src/mocks/messaging-handlers.test.ts (19 tests) 386ms
@agilityhub/api-client:test:  ✓ src/mocks/notification-handlers.test.ts (11 tests) 389ms
@agilityhub/api-client:test:  ✓ src/mocks/census-handlers.test.ts (104 tests) 347ms
@agilityhub/api-client:test:  ✓ src/mocks/attendance-handlers.test.ts (18 tests) 494ms
@agilityhub/api-client:test:  ✓ src/mocks/list-exports.test.ts (19 tests) 269ms
@agilityhub/api-client:test:  ✓ src/index.test.ts (21 tests) 492ms
@agilityhub/api-client:test:  ✓ src/mocks/training-handlers.test.ts (11 tests) 587ms
@agilityhub/api-client:test:  ✓ src/preferences-saver.test.ts (20 tests) 159ms
@agilityhub/api-client:test:  ✓ src/mocks/calendar-handlers.test.ts (15 tests) 696ms
@agilityhub/api-client:test:  ✓ src/submission-key.test.ts (15 tests) 7ms
@agilityhub/api-client:test:  ✓ src/attendance-sheet.test.ts (5 tests) 11ms
@agilityhub/api-client:test:  ✓ src/api-error.test.ts (5 tests) 3ms
@agilityhub/api-client:test:  ✓ src/mocks/list-fields.test.ts (8 tests) 4ms
@agilityhub/api-client:test:  ✓ src/exports.test.ts (16 tests) 37ms
@agilityhub/api-client:test:  ✓ src/club-pages.test.ts (1 test) 39ms
@agilityhub/api-client:test:  ✓ src/uploads.test.ts (4 tests) 66ms
@agilityhub/api-client:test:  ✓ src/mocks/activity-handlers.test.ts (27 tests) 982ms
@agilityhub/api-client:test:  ✓ src/mocks/signup-handlers.test.ts (32 tests) 313ms
@agilityhub/api-client:test:  ✓ src/mocks/booking-handlers.test.ts (30 tests) 1203ms
@agilityhub/api-client:test:  ✓ src/mocks/club-settings-handlers.test.ts (1 test) 25ms
@agilityhub/api-client:test:  ✓ src/mocks/followup-handlers.test.ts (21 tests) 220ms
@agilityhub/api-client:test:  ✓ src/mocks/billing-handlers.test.ts (53 tests) 1451ms
@agilityhub/api-client:test:  ✓ src/mocks/fixtures.contract.test.ts (83 tests) 1327ms
@agilityhub/api-client:test:  ✓ src/mocks/mock-worlds.budget.test.ts (24 tests) 2306ms
@agilityhub/api-client:test:    ✓ E3-W10 build-time budget of the MSW mock worlds (24)
@agilityhub/api-client:test:      ✓ imports the mock modules afresh within the start-up budget 1125ms
id:build: vite v8.2.2 building client environment for production...
id:build: transforming...
id:build: ✓ 239 modules transformed.
id:build: rendering chunks...
id:build: computing gzip size...
id:build: dist/index.html                                           0.39 kB │ gzip:   0.27 kB
id:build: dist/assets/sprite-BOr1Ydze.svg                           5.78 kB │ gzip:   1.52 kB
id:build: dist/assets/montserrat-latin-600-normal-UVxSCcoG.woff2   18.68 kB
id:build: dist/assets/montserrat-latin-500-normal-DRFEGfly.woff2   18.74 kB
id:build: dist/assets/montserrat-latin-400-normal-BLhwKU8k.woff2   18.78 kB
id:build: dist/assets/montserrat-latin-700-normal-BdjcYUrC.woff2   18.82 kB
id:build: dist/assets/montserrat-latin-600-normal-CdhFl4lI.woff    20.54 kB
id:build: dist/assets/montserrat-latin-500-normal-Dok2oTci.woff    20.60 kB
id:build: dist/assets/montserrat-latin-400-normal-xItZbAXg.woff    20.64 kB
id:build: dist/assets/montserrat-latin-700-normal-BWkrl476.woff    20.67 kB
id:build: dist/assets/index-CIhKnQD-.css                           52.05 kB │ gzip:   9.48 kB
id:build: dist/assets/notifications-ChKXsAvB.js                     0.75 kB │ gzip:   0.47 kB
id:build: dist/assets/notifications-dxKZmlHL.js                     0.75 kB │ gzip:   0.43 kB
id:build: dist/assets/notifications-BP8GtpgC.js                     0.75 kB │ gzip:   0.47 kB
id:build: dist/assets/billing-vTwJ3UIa.js                           1.02 kB │ gzip:   0.53 kB
id:build: dist/assets/billing-aS1gI5cj.js                           1.10 kB │ gzip:   0.59 kB
id:build: dist/assets/billing-BT9jkwCT.js                           1.12 kB │ gzip:   0.61 kB
id:build: dist/assets/history-B1Xz7N4l.js                           1.27 kB │ gzip:   0.65 kB
id:build: dist/assets/history-D5FndTjo.js                           1.32 kB │ gzip:   0.68 kB
id:build: dist/assets/admin-training-DDv2dFuD.js                    1.35 kB │ gzip:   0.63 kB
id:build: dist/assets/history-Bs5JKpAd.js                           1.35 kB │ gzip:   0.69 kB
id:build: dist/assets/shell-C8-jwyq4.js                             1.41 kB │ gzip:   0.74 kB
id:build: dist/assets/admin-training-Du9KAoeO.js                    1.42 kB │ gzip:   0.68 kB
id:build: dist/assets/admin-training-CtWdBvS6.js                    1.44 kB │ gzip:   0.69 kB
id:build: dist/assets/shell-BbrVQiYO.js                             1.47 kB │ gzip:   0.83 kB
id:build: dist/assets/shell-CxXcYDDQ.js                             1.50 kB │ gzip:   0.83 kB
id:build: dist/assets/leave-BI6MTRbl.js                             1.54 kB │ gzip:   0.79 kB
id:build: dist/assets/training-CYuCURIa.js                          1.57 kB │ gzip:   0.80 kB
id:build: dist/assets/home-CLVBc5a3.js                              1.59 kB │ gzip:   0.79 kB
id:build: dist/assets/training-DhvOYmdN.js                          1.62 kB │ gzip:   0.85 kB
id:build: dist/assets/training-B5riWOVN.js                          1.63 kB │ gzip:   0.86 kB
id:build: dist/assets/leave-qGZMIDQq.js                             1.65 kB │ gzip:   0.89 kB
id:build: dist/assets/home-DIaHUeYG.js                              1.65 kB │ gzip:   0.84 kB
id:build: dist/assets/leave-DOtZZbHW.js                             1.67 kB │ gzip:   0.90 kB
id:build: dist/assets/home-vQT0WHAi.js                              1.67 kB │ gzip:   0.84 kB
id:build: dist/assets/inactivity-CKwtK0cj.js                        1.73 kB │ gzip:   0.83 kB
id:build: dist/assets/activities-_j5UPNJ2.js                        1.79 kB │ gzip:   0.83 kB
id:build: dist/assets/inactivity-DApU4VLg.js                        1.81 kB │ gzip:   0.91 kB
id:build: dist/assets/inactivity-BRzVYXEA.js                        1.84 kB │ gzip:   0.92 kB
id:build: dist/assets/activities-D_fvQi10.js                        1.86 kB │ gzip:   0.91 kB
id:build: dist/assets/activities-BKuUowmB.js                        1.88 kB │ gzip:   0.91 kB
id:build: dist/assets/admin-dashboard-VZhOZ68T.js                   2.07 kB │ gzip:   1.02 kB
id:build: dist/assets/admin-dashboard-MI69Hia9.js                   2.13 kB │ gzip:   1.10 kB
id:build: dist/assets/admin-dashboard-DNVY2TkD.js                   2.18 kB │ gzip:   1.11 kB
id:build: dist/assets/common-BpH9cuss.js                            2.30 kB │ gzip:   1.09 kB
id:build: dist/assets/common-D5M4a98u.js                            2.39 kB │ gzip:   1.18 kB
id:build: dist/assets/common-DLazKDt-.js                            2.45 kB │ gzip:   1.20 kB
id:build: dist/assets/id-cJQwgM2i.js                                2.89 kB │ gzip:   1.28 kB
id:build: dist/assets/id-Dio3OKNo.js                                3.04 kB │ gzip:   1.41 kB
id:build: dist/assets/id-Rnv2hXs4.js                                3.10 kB │ gzip:   1.42 kB
id:build: dist/assets/admin-messaging-Deb_qeG3.js                   4.53 kB │ gzip:   1.87 kB
id:build: dist/assets/admin-messaging-BzpSHSUj.js                   4.70 kB │ gzip:   2.01 kB
id:build: dist/assets/admin-messaging-dXGlHtst.js                   4.79 kB │ gzip:   2.03 kB
id:build: dist/assets/booking-C2JFywZY.js                           4.84 kB │ gzip:   1.84 kB
id:build: dist/assets/auth-C10lCXDJ.js                              5.05 kB │ gzip:   2.14 kB
id:build: dist/assets/booking-BnHoP-fw.js                           5.18 kB │ gzip:   2.03 kB
id:build: dist/assets/booking-oFemWAlT.js                           5.19 kB │ gzip:   2.03 kB
id:build: dist/assets/admin-catalogs-p29fM8xq.js                    5.41 kB │ gzip:   2.01 kB
id:build: dist/assets/auth-Uy3Y-og8.js                              5.63 kB │ gzip:   2.37 kB
id:build: dist/assets/signup-BkgU37Eh.js                            5.63 kB │ gzip:   2.54 kB
id:build: dist/assets/admin-catalogs-dZtpqy8S.js                    5.67 kB │ gzip:   2.23 kB
id:build: dist/assets/admin-audit-DY0X8EOb.js                       5.68 kB │ gzip:   2.37 kB
id:build: dist/assets/auth-DU3LoyRH.js                              5.70 kB │ gzip:   2.38 kB
id:build: dist/assets/admin-catalogs-D4wG5vIy.js                    5.87 kB │ gzip:   2.26 kB
id:build: dist/assets/signup-Bi4UbtBk.js                            5.88 kB │ gzip:   2.80 kB
id:build: dist/assets/signup-DQ9RZKro.js                            5.97 kB │ gzip:   2.82 kB
id:build: dist/assets/admin-activities-Cmq1QEmn.js                  6.01 kB │ gzip:   2.42 kB
id:build: dist/assets/admin-activities-p-Yew4Zm.js                  6.17 kB │ gzip:   2.62 kB
id:build: dist/assets/admin-audit-BH-XD2BI.js                       6.19 kB │ gzip:   2.60 kB
id:build: dist/assets/admin-audit-CaX7fz6F.js                       6.30 kB │ gzip:   2.62 kB
id:build: dist/assets/admin-activities-7OuSwNid.js                  6.38 kB │ gzip:   2.68 kB
id:build: dist/assets/census-B6Uk25WX.js                            6.50 kB │ gzip:   2.54 kB
id:build: dist/assets/census-BrGKNC-v.js                            6.85 kB │ gzip:   2.79 kB
id:build: dist/assets/census-Dx6KXQKx.js                            7.05 kB │ gzip:   2.84 kB
id:build: dist/assets/enums-DzQrghxX.js                             7.68 kB │ gzip:   3.19 kB
id:build: dist/assets/enums-4BJpRFUj.js                             7.91 kB │ gzip:   3.31 kB
id:build: dist/assets/enums-DTlOh2Bw.js                             7.94 kB │ gzip:   3.30 kB
id:build: dist/assets/admin-scheduling-nhXWwjRG.js                  8.23 kB │ gzip:   3.04 kB
id:build: dist/assets/admin-scheduling-DeLeUPtJ.js                  8.64 kB │ gzip:   3.30 kB
id:build: dist/assets/admin-scheduling-BhSriSnV.js                  8.64 kB │ gzip:   3.31 kB
id:build: dist/assets/instructor-Drv5FS73.js                        8.95 kB │ gzip:   3.24 kB
id:build: dist/assets/instructor-C9Nzp3I-.js                        9.33 kB │ gzip:   3.45 kB
id:build: dist/assets/instructor-DOywIQyk.js                        9.43 kB │ gzip:   3.47 kB
id:build: dist/assets/admin-billing-CKR3l-0j.js                     9.75 kB │ gzip:   3.44 kB
id:build: dist/assets/admin-billing-BVs2da4o.js                     9.95 kB │ gzip:   3.75 kB
id:build: dist/assets/admin-billing-B9Brj-Vj.js                    10.16 kB │ gzip:   3.78 kB
id:build: dist/assets/admin-census-DbSPcs69.js                     12.73 kB │ gzip:   4.95 kB
id:build: dist/assets/admin-census-RTYTjdnQ.js                     13.56 kB │ gzip:   5.33 kB
id:build: dist/assets/admin-census-JRkX2nVt.js                     13.95 kB │ gzip:   5.43 kB
id:build: dist/assets/errors-DLyAknxo.js                           21.99 kB │ gzip:   7.18 kB
id:build: dist/assets/admin-settings-BlVOTC-v.js                   22.92 kB │ gzip:   7.95 kB
id:build: dist/assets/errors-Bvp7svDM.js                           23.31 kB │ gzip:   7.57 kB
id:build: dist/assets/errors-QdWmQXin.js                           23.32 kB │ gzip:   7.54 kB
id:build: dist/assets/admin-settings-Cq0ZFrDH.js                   24.62 kB │ gzip:   8.62 kB
id:build: dist/assets/admin-settings-wvO4u_TR.js                   25.08 kB │ gzip:   8.63 kB
id:build: dist/assets/index-CLBj5Cyo.js                           332.09 kB │ gzip: 102.03 kB
id:build:
id:build: ✓ built in 227ms
@agilityhub/auth:test: cache miss, executing 99c911d04e720571
@agilityhub/auth:typecheck: cache miss, executing a87b2dc181857ee7
@agilityhub/auth:typecheck:
@agilityhub/auth:typecheck: > @agilityhub/auth@0.0.0 typecheck /Users/jordib/dev/agilityhub/agilityhub-core-web/packages/auth
@agilityhub/auth:typecheck: > tsc --noEmit
@agilityhub/auth:typecheck:
@agilityhub/auth:test:
@agilityhub/auth:test: > @agilityhub/auth@0.0.0 test /Users/jordib/dev/agilityhub/agilityhub-core-web/packages/auth
@agilityhub/auth:test: > vitest run
@agilityhub/auth:test:
@agilityhub/api-client:test:  ✓ src/mocks/backoffice-handlers.test.ts (47 tests) 4123ms
@agilityhub/api-client:test:    ✓ E7-W07 step 5 · the staff reads never book a dog over its week's limit (S08 R-08-02, R-08-03, R-08-19) (7)
@agilityhub/api-client:test:      ✓ T-08-03 E7-W07 round 2 #3 (R-08-02, R-08-03): after Tuesday's 18:50 class is cancelled, still no dog of the calendar or the day grid is booked over its week's limit, and every class lists its counters' registrants 499ms
@agilityhub/api-client:test:
@agilityhub/api-client:test:  Test Files  29 passed (29)
@agilityhub/api-client:test:       Tests  649 passed (649)
@agilityhub/api-client:test:    Start at  09:28:13
@agilityhub/api-client:test:    Duration  5.63s (tests 43%, import 33%, transform 24%)
@agilityhub/api-client:test:
@agilityhub/auth:test:
@agilityhub/auth:test:  RUN  v5.0.0 /Users/jordib/dev/agilityhub/agilityhub-core-web/packages/auth
@agilityhub/auth:test:
@agilityhub/auth:test:  ✓ src/session.test.tsx (5 tests) 234ms
@agilityhub/auth:test:  ✓ src/auth-client.test.ts (27 tests) 960ms
@agilityhub/auth:test:    ✓ T-01-11 E4-W16 round 2 #1 (S01 R-01-09, E47): a transient /me failure after a handoff never falls back to the cookie (3)
@agilityhub/auth:test:      ✓ /me keeps failing: the exchange rejects but the tab keeps that session, restores never read the cookie (also after a reload), and retryHandoff enters it 308ms
@agilityhub/auth:test:
@agilityhub/auth:test:  Test Files  2 passed (2)
@agilityhub/auth:test:       Tests  32 passed (32)
@agilityhub/auth:test:    Start at  09:28:19
@agilityhub/auth:test:    Duration  1.78s (tests 43%, environment 36%, transform 11%, import 9%)
@agilityhub/auth:test:
clubs:build: vite v8.2.2 building client environment for production...
clubs:build: transforming...
clubs:build: ✓ 296 modules transformed.
id:test: cache miss, executing ec34077022046c61
clubs:typecheck: cache miss, executing 150fcde93571e1bf
clubs-admin:typecheck: cache miss, executing 8e0fe992462a8bf6
clubs-admin:test: cache miss, executing abf1badcb0d47880
id:typecheck: cache miss, executing bbbdc62b98c1f884
clubs:build: rendering chunks...
clubs:build: computing gzip size...
clubs:build: dist/index.html                                           2.71 kB │ gzip:   0.94 kB
clubs:build: dist/assets/sprite-BOr1Ydze.svg                           5.78 kB │ gzip:   1.52 kB
clubs:build: dist/assets/montserrat-latin-600-normal-UVxSCcoG.woff2   18.68 kB
clubs:build: dist/assets/montserrat-latin-500-normal-DRFEGfly.woff2   18.74 kB
clubs:build: dist/assets/montserrat-latin-400-normal-BLhwKU8k.woff2   18.78 kB
clubs:build: dist/assets/montserrat-latin-700-normal-BdjcYUrC.woff2   18.82 kB
clubs:build: dist/assets/montserrat-latin-600-normal-CdhFl4lI.woff    20.54 kB
clubs:build: dist/assets/montserrat-latin-500-normal-Dok2oTci.woff    20.60 kB
clubs:build: dist/assets/montserrat-latin-400-normal-xItZbAXg.woff    20.64 kB
clubs:build: dist/assets/montserrat-latin-700-normal-BWkrl476.woff    20.67 kB
clubs:build: dist/assets/index-pjHE3SxI.css                          118.98 kB │ gzip:  18.79 kB
clubs:build: dist/assets/notifications-ChKXsAvB.js                     0.75 kB │ gzip:   0.47 kB
clubs:build: dist/assets/notifications-dxKZmlHL.js                     0.75 kB │ gzip:   0.43 kB
clubs:build: dist/assets/notifications-BP8GtpgC.js                     0.75 kB │ gzip:   0.47 kB
clubs:build: dist/assets/billing-vTwJ3UIa.js                           1.02 kB │ gzip:   0.53 kB
clubs:build: dist/assets/billing-aS1gI5cj.js                           1.10 kB │ gzip:   0.59 kB
clubs:build: dist/assets/billing-BT9jkwCT.js                           1.12 kB │ gzip:   0.61 kB
clubs:build: dist/assets/virtual_pwa-register-CcCcX7ba.js              1.12 kB │ gzip:   0.59 kB
clubs:build: dist/assets/history-B1Xz7N4l.js                           1.27 kB │ gzip:   0.65 kB
clubs:build: dist/assets/history-D5FndTjo.js                           1.32 kB │ gzip:   0.68 kB
clubs:build: dist/assets/admin-training-DDv2dFuD.js                    1.35 kB │ gzip:   0.63 kB
clubs:build: dist/assets/history-Bs5JKpAd.js                           1.35 kB │ gzip:   0.69 kB
clubs:build: dist/assets/admin-training-Du9KAoeO.js                    1.42 kB │ gzip:   0.68 kB
clubs:build: dist/assets/admin-training-CtWdBvS6.js                    1.44 kB │ gzip:   0.69 kB
clubs:build: dist/assets/leave-BI6MTRbl.js                             1.54 kB │ gzip:   0.79 kB
clubs:build: dist/assets/training-CYuCURIa.js                          1.57 kB │ gzip:   0.80 kB
clubs:build: dist/assets/home-CLVBc5a3.js                              1.59 kB │ gzip:   0.79 kB
clubs:build: dist/assets/training-DhvOYmdN.js                          1.62 kB │ gzip:   0.85 kB
clubs:build: dist/assets/training-B5riWOVN.js                          1.63 kB │ gzip:   0.86 kB
clubs:build: dist/assets/leave-qGZMIDQq.js                             1.65 kB │ gzip:   0.89 kB
clubs:build: dist/assets/home-DIaHUeYG.js                              1.65 kB │ gzip:   0.84 kB
clubs:build: dist/assets/leave-DOtZZbHW.js                             1.67 kB │ gzip:   0.90 kB
clubs:build: dist/assets/home-vQT0WHAi.js                              1.67 kB │ gzip:   0.84 kB
clubs:build: dist/assets/inactivity-CKwtK0cj.js                        1.73 kB │ gzip:   0.83 kB
clubs:build: dist/assets/activities-_j5UPNJ2.js                        1.79 kB │ gzip:   0.83 kB
clubs:build: dist/assets/inactivity-DApU4VLg.js                        1.81 kB │ gzip:   0.91 kB
clubs:build: dist/assets/inactivity-BRzVYXEA.js                        1.84 kB │ gzip:   0.92 kB
clubs:build: dist/assets/activities-D_fvQi10.js                        1.86 kB │ gzip:   0.91 kB
clubs:build: dist/assets/activities-BKuUowmB.js                        1.88 kB │ gzip:   0.91 kB
clubs:build: dist/assets/admin-dashboard-VZhOZ68T.js                   2.07 kB │ gzip:   1.02 kB
clubs:build: dist/assets/admin-dashboard-MI69Hia9.js                   2.13 kB │ gzip:   1.10 kB
clubs:build: dist/assets/admin-dashboard-DNVY2TkD.js                   2.18 kB │ gzip:   1.11 kB
clubs:build: dist/assets/id-cJQwgM2i.js                                2.89 kB │ gzip:   1.28 kB
clubs:build: dist/assets/id-Dio3OKNo.js                                3.04 kB │ gzip:   1.41 kB
clubs:build: dist/assets/id-Rnv2hXs4.js                                3.10 kB │ gzip:   1.42 kB
clubs:build: dist/assets/admin-messaging-Deb_qeG3.js                   4.53 kB │ gzip:   1.87 kB
clubs:build: dist/assets/admin-messaging-BzpSHSUj.js                   4.70 kB │ gzip:   2.01 kB
clubs:build: dist/assets/admin-messaging-dXGlHtst.js                   4.79 kB │ gzip:   2.03 kB
clubs:build: dist/assets/booking-C2JFywZY.js                           4.84 kB │ gzip:   1.84 kB
clubs:build: dist/assets/auth-C10lCXDJ.js                              5.05 kB │ gzip:   2.14 kB
clubs:build: dist/assets/booking-BnHoP-fw.js                           5.18 kB │ gzip:   2.03 kB
clubs:build: dist/assets/booking-oFemWAlT.js                           5.19 kB │ gzip:   2.03 kB
clubs:build: dist/assets/admin-catalogs-p29fM8xq.js                    5.41 kB │ gzip:   2.01 kB
clubs:build: dist/assets/auth-Uy3Y-og8.js                              5.63 kB │ gzip:   2.37 kB
clubs:build: dist/assets/signup-BkgU37Eh.js                            5.63 kB │ gzip:   2.54 kB
clubs:build: dist/assets/workbox-window.prod.es5-Bd17z0YL.js           5.65 kB │ gzip:   2.20 kB
clubs:build: dist/assets/admin-catalogs-dZtpqy8S.js                    5.67 kB │ gzip:   2.23 kB
clubs:build: dist/assets/admin-audit-DY0X8EOb.js                       5.68 kB │ gzip:   2.37 kB
clubs:build: dist/assets/auth-DU3LoyRH.js                              5.70 kB │ gzip:   2.38 kB
clubs:build: dist/assets/admin-catalogs-D4wG5vIy.js                    5.87 kB │ gzip:   2.26 kB
clubs:build: dist/assets/signup-Bi4UbtBk.js                            5.88 kB │ gzip:   2.80 kB
clubs:build: dist/assets/signup-DQ9RZKro.js                            5.97 kB │ gzip:   2.82 kB
clubs:build: dist/assets/admin-activities-Cmq1QEmn.js                  6.01 kB │ gzip:   2.42 kB
clubs:build: dist/assets/admin-activities-p-Yew4Zm.js                  6.17 kB │ gzip:   2.62 kB
clubs:build: dist/assets/admin-audit-BH-XD2BI.js                       6.19 kB │ gzip:   2.60 kB
clubs:build: dist/assets/admin-audit-CaX7fz6F.js                       6.30 kB │ gzip:   2.62 kB
clubs:build: dist/assets/admin-activities-7OuSwNid.js                  6.38 kB │ gzip:   2.68 kB
clubs:build: dist/assets/census-B6Uk25WX.js                            6.50 kB │ gzip:   2.54 kB
clubs:build: dist/assets/census-BrGKNC-v.js                            6.85 kB │ gzip:   2.79 kB
clubs:build: dist/assets/census-Dx6KXQKx.js                            7.05 kB │ gzip:   2.84 kB
clubs:build: dist/assets/enums-DzQrghxX.js                             7.68 kB │ gzip:   3.19 kB
clubs:build: dist/assets/enums-4BJpRFUj.js                             7.91 kB │ gzip:   3.31 kB
clubs:build: dist/assets/enums-DTlOh2Bw.js                             7.94 kB │ gzip:   3.30 kB
clubs:build: dist/assets/admin-scheduling-nhXWwjRG.js                  8.23 kB │ gzip:   3.04 kB
clubs:build: dist/assets/admin-scheduling-DeLeUPtJ.js                  8.64 kB │ gzip:   3.30 kB
clubs:build: dist/assets/admin-scheduling-BhSriSnV.js                  8.64 kB │ gzip:   3.31 kB
clubs:build: dist/assets/instructor-Drv5FS73.js                        8.95 kB │ gzip:   3.24 kB
clubs:build: dist/assets/instructor-C9Nzp3I-.js                        9.33 kB │ gzip:   3.45 kB
clubs:build: dist/assets/instructor-DOywIQyk.js                        9.43 kB │ gzip:   3.47 kB
clubs:build: dist/assets/admin-billing-CKR3l-0j.js                     9.75 kB │ gzip:   3.44 kB
clubs:build: dist/assets/admin-billing-BVs2da4o.js                     9.95 kB │ gzip:   3.75 kB
clubs:build: dist/assets/admin-billing-B9Brj-Vj.js                    10.16 kB │ gzip:   3.78 kB
clubs:build: dist/assets/admin-census-DbSPcs69.js                     12.73 kB │ gzip:   4.95 kB
clubs:build: dist/assets/admin-census-RTYTjdnQ.js                     13.56 kB │ gzip:   5.33 kB
clubs:build: dist/assets/admin-census-JRkX2nVt.js                     13.95 kB │ gzip:   5.43 kB
clubs:build: dist/assets/errors-DLyAknxo.js                           21.99 kB │ gzip:   7.18 kB
clubs:build: dist/assets/admin-settings-BlVOTC-v.js                   22.92 kB │ gzip:   7.95 kB
clubs:build: dist/assets/errors-Bvp7svDM.js                           23.31 kB │ gzip:   7.57 kB
clubs:build: dist/assets/errors-QdWmQXin.js                           23.32 kB │ gzip:   7.54 kB
clubs:build: dist/assets/admin-settings-Cq0ZFrDH.js                   24.62 kB │ gzip:   8.62 kB
clubs:build: dist/assets/admin-settings-wvO4u_TR.js                   25.08 kB │ gzip:   8.63 kB
clubs:build: dist/assets/index-CTzi-eg2.js                           672.98 kB │ gzip: 193.09 kB
clubs:build:
clubs:build: [33m[INEFFECTIVE_DYNAMIC_IMPORT] [0m../../packages/i18n/src/locales/ca/common.json is dynamically imported by ../../packages/i18n/src/resources.ts but also statically imported by ../../packages/i18n/src/catalog.ts, dynamic import will not move module into another chunk.
clubs:build:
clubs:build: [plugin builtin:vite-reporter]
clubs:build: (!) Some chunks are larger than 500 kB after minification. Consider:
clubs:build: - Using dynamic import() to code-split the application
clubs:build: - Use build.rolldownOptions.output.codeSplitting to improve chunking: https://rolldown.rs/reference/OutputOptions.codeSplitting
clubs:build: - Adjust chunk size limit for this warning via build.chunkSizeWarningLimit.
clubs:build: [33m[INEFFECTIVE_DYNAMIC_IMPORT] [0m../../packages/i18n/src/locales/ca/shell.json is dynamically imported by ../../packages/i18n/src/resources.ts but also statically imported by ../../packages/i18n/src/catalog.ts, dynamic import will not move module into another chunk.
clubs:build:
clubs:build: [33m[INEFFECTIVE_DYNAMIC_IMPORT] [0m../../packages/i18n/src/locales/en/common.json is dynamically imported by ../../packages/i18n/src/resources.ts but also statically imported by ../../packages/i18n/src/catalog.ts, dynamic import will not move module into another chunk.
clubs:build:
clubs:build: [33m[INEFFECTIVE_DYNAMIC_IMPORT] [0m../../packages/i18n/src/locales/en/shell.json is dynamically imported by ../../packages/i18n/src/resources.ts but also statically imported by ../../packages/i18n/src/catalog.ts, dynamic import will not move module into another chunk.
clubs:build:
clubs:build: [33m[INEFFECTIVE_DYNAMIC_IMPORT] [0m../../packages/i18n/src/locales/es/common.json is dynamically imported by ../../packages/i18n/src/resources.ts but also statically imported by ../../packages/i18n/src/catalog.ts, dynamic import will not move module into another chunk.
clubs:build:
clubs:build: [33m[INEFFECTIVE_DYNAMIC_IMPORT] [0m../../packages/i18n/src/locales/es/shell.json is dynamically imported by ../../packages/i18n/src/resources.ts but also statically imported by ../../packages/i18n/src/catalog.ts, dynamic import will not move module into another chunk.
clubs:build:
clubs:build: ✓ built in 262ms
clubs-admin:test:
clubs-admin:test: > clubs-admin@0.0.0 test /Users/jordib/dev/agilityhub/agilityhub-core-web/apps/clubs-admin
clubs-admin:test: > vitest run
clubs-admin:test:
id:test:
id:test: > id@0.0.0 test /Users/jordib/dev/agilityhub/agilityhub-core-web/apps/id
id:test: > vitest run
id:test:
clubs-admin:typecheck:
clubs-admin:typecheck: > clubs-admin@0.0.0 typecheck /Users/jordib/dev/agilityhub/agilityhub-core-web/apps/clubs-admin
clubs-admin:typecheck: > tsc --noEmit
clubs-admin:typecheck:
clubs:typecheck:
clubs:typecheck: > clubs@0.0.0 typecheck /Users/jordib/dev/agilityhub/agilityhub-core-web/apps/clubs
clubs:typecheck: > tsc --noEmit
clubs:typecheck:
id:typecheck:
id:typecheck: > id@0.0.0 typecheck /Users/jordib/dev/agilityhub/agilityhub-core-web/apps/id
id:typecheck: > tsc --noEmit
id:typecheck:
clubs:build:
clubs:build: PWA v1.3.0
clubs:build: Building src/sw.ts service worker ("es" format)...
clubs:build: vite v8.2.2 building client environment for production...
clubs:build:
clubs:build:  WARN  inlineDynamicImports option is deprecated, please use codeSplitting: false instead.
clubs:build:
clubs:build: transforming...
clubs:build: ✓ 60 modules transformed.
clubs:build: rendering chunks...
clubs:build: computing gzip size...
clubs:build: dist/sw.mjs  17.90 kB │ gzip: 6.01 kB
clubs:build:
clubs:build: ✓ built in 32ms
clubs:build:
clubs:build: PWA v1.3.0
clubs:build: mode      injectManifest
clubs:build: format:   es
clubs:build: precache  83 entries (1251.59 KiB)
clubs:build: files generated
clubs:build:   dist/sw.js
clubs-admin:test:
clubs-admin:test:  RUN  v5.0.0 /Users/jordib/dev/agilityhub/agilityhub-core-web/apps/clubs-admin
clubs-admin:test:
id:test:
id:test:  RUN  v5.0.0 /Users/jordib/dev/agilityhub/agilityhub-core-web/apps/id
id:test:
clubs:test: cache miss, executing cee602739c796b3f
clubs:test:
clubs:test: > clubs@0.0.0 test /Users/jordib/dev/agilityhub/agilityhub-core-web/apps/clubs
clubs:test: > vitest run
clubs:test:
clubs:test:
clubs:test:  RUN  v5.0.0 /Users/jordib/dev/agilityhub/agilityhub-core-web/apps/clubs
clubs:test:
id:test:  ✓ src/App.test.tsx (9 tests) 667ms
id:test:
id:test:  Test Files  1 passed (1)
id:test:       Tests  9 passed (9)
id:test:    Start at  09:28:21
id:test:    Duration  4.55s (transform 36%, environment 33%, tests 15%, setup 12%, import 4%)
id:test:
clubs-admin:build: vite v8.2.2 building client environment for production...
clubs-admin:build: transforming...
clubs-admin:build: ✓ 317 modules transformed.
clubs-admin:build: rendering chunks...
clubs-admin:build: computing gzip size...
clubs-admin:build: dist/index.html                                             2.65 kB │ gzip:   0.91 kB
clubs-admin:build: dist/assets/sprite-BOr1Ydze.svg                             5.78 kB │ gzip:   1.52 kB
clubs-admin:build: dist/assets/montserrat-latin-600-normal-UVxSCcoG.woff2     18.68 kB
clubs-admin:build: dist/assets/montserrat-latin-500-normal-DRFEGfly.woff2     18.74 kB
clubs-admin:build: dist/assets/montserrat-latin-400-normal-BLhwKU8k.woff2     18.78 kB
clubs-admin:build: dist/assets/montserrat-latin-700-normal-BdjcYUrC.woff2     18.82 kB
clubs-admin:build: dist/assets/montserrat-latin-600-normal-CdhFl4lI.woff      20.54 kB
clubs-admin:build: dist/assets/montserrat-latin-500-normal-Dok2oTci.woff      20.60 kB
clubs-admin:build: dist/assets/montserrat-latin-400-normal-xItZbAXg.woff      20.64 kB
clubs-admin:build: dist/assets/montserrat-latin-700-normal-BWkrl476.woff      20.67 kB
clubs-admin:build: dist/assets/index-DmSYc35g.css                            133.28 kB │ gzip:  20.09 kB
clubs-admin:build: dist/assets/notifications-ChKXsAvB.js                       0.75 kB │ gzip:   0.47 kB
clubs-admin:build: dist/assets/notifications-dxKZmlHL.js                       0.75 kB │ gzip:   0.43 kB
clubs-admin:build: dist/assets/notifications-BP8GtpgC.js                       0.75 kB │ gzip:   0.47 kB
clubs-admin:build: dist/assets/billing-vTwJ3UIa.js                             1.02 kB │ gzip:   0.53 kB
clubs-admin:build: dist/assets/billing-aS1gI5cj.js                             1.10 kB │ gzip:   0.59 kB
clubs-admin:build: dist/assets/billing-BT9jkwCT.js                             1.12 kB │ gzip:   0.61 kB
clubs-admin:build: dist/assets/history-B1Xz7N4l.js                             1.27 kB │ gzip:   0.65 kB
clubs-admin:build: dist/assets/history-D5FndTjo.js                             1.32 kB │ gzip:   0.68 kB
clubs-admin:build: dist/assets/admin-training-DDv2dFuD.js                      1.35 kB │ gzip:   0.63 kB
clubs-admin:build: dist/assets/history-Bs5JKpAd.js                             1.35 kB │ gzip:   0.69 kB
clubs-admin:build: dist/assets/admin-training-Du9KAoeO.js                      1.42 kB │ gzip:   0.68 kB
clubs-admin:build: dist/assets/admin-training-CtWdBvS6.js                      1.44 kB │ gzip:   0.69 kB
clubs-admin:build: dist/assets/leave-BI6MTRbl.js                               1.54 kB │ gzip:   0.79 kB
clubs-admin:build: dist/assets/training-CYuCURIa.js                            1.57 kB │ gzip:   0.80 kB
clubs-admin:build: dist/assets/home-CLVBc5a3.js                                1.59 kB │ gzip:   0.79 kB
clubs-admin:build: dist/assets/training-DhvOYmdN.js                            1.62 kB │ gzip:   0.85 kB
clubs-admin:build: dist/assets/training-B5riWOVN.js                            1.63 kB │ gzip:   0.86 kB
clubs-admin:build: dist/assets/leave-qGZMIDQq.js                               1.65 kB │ gzip:   0.89 kB
clubs-admin:build: dist/assets/home-DIaHUeYG.js                                1.65 kB │ gzip:   0.84 kB
clubs-admin:build: dist/assets/leave-DOtZZbHW.js                               1.67 kB │ gzip:   0.90 kB
clubs-admin:build: dist/assets/home-vQT0WHAi.js                                1.67 kB │ gzip:   0.84 kB
clubs-admin:build: dist/assets/inactivity-CKwtK0cj.js                          1.73 kB │ gzip:   0.83 kB
clubs-admin:build: dist/assets/activities-_j5UPNJ2.js                          1.79 kB │ gzip:   0.83 kB
clubs-admin:build: dist/assets/inactivity-DApU4VLg.js                          1.81 kB │ gzip:   0.91 kB
clubs-admin:build: dist/assets/inactivity-BRzVYXEA.js                          1.84 kB │ gzip:   0.92 kB
clubs-admin:build: dist/assets/activities-D_fvQi10.js                          1.86 kB │ gzip:   0.91 kB
clubs-admin:build: dist/assets/activities-BKuUowmB.js                          1.88 kB │ gzip:   0.91 kB
clubs-admin:build: dist/assets/admin-dashboard-VZhOZ68T.js                     2.07 kB │ gzip:   1.02 kB
clubs-admin:build: dist/assets/admin-dashboard-MI69Hia9.js                     2.13 kB │ gzip:   1.10 kB
clubs-admin:build: dist/assets/admin-dashboard-DNVY2TkD.js                     2.18 kB │ gzip:   1.11 kB
clubs-admin:build: dist/assets/id-cJQwgM2i.js                                  2.89 kB │ gzip:   1.28 kB
clubs-admin:build: dist/assets/id-Dio3OKNo.js                                  3.04 kB │ gzip:   1.41 kB
clubs-admin:build: dist/assets/id-Rnv2hXs4.js                                  3.10 kB │ gzip:   1.42 kB
clubs-admin:build: dist/assets/admin-messaging-Deb_qeG3.js                     4.53 kB │ gzip:   1.87 kB
clubs-admin:build: dist/assets/admin-messaging-BzpSHSUj.js                     4.70 kB │ gzip:   2.01 kB
clubs-admin:build: dist/assets/admin-messaging-dXGlHtst.js                     4.79 kB │ gzip:   2.03 kB
clubs-admin:build: dist/assets/booking-C2JFywZY.js                             4.84 kB │ gzip:   1.84 kB
clubs-admin:build: dist/assets/auth-C10lCXDJ.js                                5.05 kB │ gzip:   2.14 kB
clubs-admin:build: dist/assets/booking-BnHoP-fw.js                             5.18 kB │ gzip:   2.03 kB
clubs-admin:build: dist/assets/booking-oFemWAlT.js                             5.19 kB │ gzip:   2.03 kB
clubs-admin:build: dist/assets/admin-catalogs-p29fM8xq.js                      5.41 kB │ gzip:   2.01 kB
clubs-admin:build: dist/assets/auth-Uy3Y-og8.js                                5.63 kB │ gzip:   2.37 kB
clubs-admin:build: dist/assets/signup-BkgU37Eh.js                              5.63 kB │ gzip:   2.54 kB
clubs-admin:build: dist/assets/admin-catalogs-dZtpqy8S.js                      5.67 kB │ gzip:   2.23 kB
clubs-admin:build: dist/assets/admin-audit-DY0X8EOb.js                         5.68 kB │ gzip:   2.37 kB
clubs-admin:build: dist/assets/auth-DU3LoyRH.js                                5.70 kB │ gzip:   2.38 kB
clubs-admin:build: dist/assets/admin-catalogs-D4wG5vIy.js                      5.87 kB │ gzip:   2.26 kB
clubs-admin:build: dist/assets/signup-Bi4UbtBk.js                              5.88 kB │ gzip:   2.80 kB
clubs-admin:build: dist/assets/signup-DQ9RZKro.js                              5.97 kB │ gzip:   2.82 kB
clubs-admin:build: dist/assets/admin-activities-Cmq1QEmn.js                    6.01 kB │ gzip:   2.42 kB
clubs-admin:build: dist/assets/admin-activities-p-Yew4Zm.js                    6.17 kB │ gzip:   2.62 kB
clubs-admin:build: dist/assets/admin-audit-BH-XD2BI.js                         6.19 kB │ gzip:   2.60 kB
clubs-admin:build: dist/assets/admin-audit-CaX7fz6F.js                         6.30 kB │ gzip:   2.62 kB
clubs-admin:build: dist/assets/admin-activities-7OuSwNid.js                    6.38 kB │ gzip:   2.68 kB
clubs-admin:build: dist/assets/census-B6Uk25WX.js                              6.50 kB │ gzip:   2.54 kB
clubs-admin:build: dist/assets/census-BrGKNC-v.js                              6.85 kB │ gzip:   2.79 kB
clubs-admin:build: dist/assets/census-Dx6KXQKx.js                              7.05 kB │ gzip:   2.84 kB
clubs-admin:build: dist/assets/enums-DzQrghxX.js                               7.68 kB │ gzip:   3.19 kB
clubs-admin:build: dist/assets/enums-4BJpRFUj.js                               7.91 kB │ gzip:   3.31 kB
clubs-admin:build: dist/assets/enums-DTlOh2Bw.js                               7.94 kB │ gzip:   3.30 kB
clubs-admin:build: dist/assets/admin-scheduling-nhXWwjRG.js                    8.23 kB │ gzip:   3.04 kB
clubs-admin:build: dist/assets/admin-scheduling-DeLeUPtJ.js                    8.64 kB │ gzip:   3.30 kB
clubs-admin:build: dist/assets/admin-scheduling-BhSriSnV.js                    8.64 kB │ gzip:   3.31 kB
clubs-admin:build: dist/assets/instructor-Drv5FS73.js                          8.95 kB │ gzip:   3.24 kB
clubs-admin:build: dist/assets/instructor-C9Nzp3I-.js                          9.33 kB │ gzip:   3.45 kB
clubs-admin:build: dist/assets/instructor-DOywIQyk.js                          9.43 kB │ gzip:   3.47 kB
clubs-admin:build: dist/assets/admin-billing-CKR3l-0j.js                       9.75 kB │ gzip:   3.44 kB
clubs-admin:build: dist/assets/admin-billing-BVs2da4o.js                       9.95 kB │ gzip:   3.75 kB
clubs-admin:build: dist/assets/admin-billing-B9Brj-Vj.js                      10.16 kB │ gzip:   3.78 kB
clubs-admin:build: dist/assets/admin-census-DbSPcs69.js                       12.73 kB │ gzip:   4.95 kB
clubs-admin:build: dist/assets/admin-census-RTYTjdnQ.js                       13.56 kB │ gzip:   5.33 kB
clubs-admin:build: dist/assets/admin-census-JRkX2nVt.js                       13.95 kB │ gzip:   5.43 kB
clubs-admin:build: dist/assets/errors-DLyAknxo.js                             21.99 kB │ gzip:   7.18 kB
clubs-admin:build: dist/assets/admin-settings-BlVOTC-v.js                     22.92 kB │ gzip:   7.95 kB
clubs-admin:build: dist/assets/errors-Bvp7svDM.js                             23.31 kB │ gzip:   7.57 kB
clubs-admin:build: dist/assets/errors-QdWmQXin.js                             23.32 kB │ gzip:   7.54 kB
clubs-admin:build: dist/assets/admin-settings-Cq0ZFrDH.js                     24.62 kB │ gzip:   8.62 kB
clubs-admin:build: dist/assets/admin-settings-wvO4u_TR.js                     25.08 kB │ gzip:   8.63 kB
clubs-admin:build: dist/assets/index-CQfrmakw.js                           1,207.80 kB │ gzip: 413.76 kB
clubs-admin:build:
clubs-admin:build: [33m[INEFFECTIVE_DYNAMIC_IMPORT] [0m../../packages/i18n/src/locales/ca/common.json is dynamically imported by ../../packages/i18n/src/resources.ts but also statically imported by ../../packages/i18n/src/catalog.ts, dynamic import will not move module into another chunk.
clubs-admin:build:
clubs-admin:build: [plugin builtin:vite-reporter]
clubs-admin:build: (!) Some chunks are larger than 500 kB after minification. Consider:
clubs-admin:build: - Using dynamic import() to code-split the application
clubs-admin:build: - Use build.rolldownOptions.output.codeSplitting to improve chunking: https://rolldown.rs/reference/OutputOptions.codeSplitting
clubs-admin:build: - Adjust chunk size limit for this warning via build.chunkSizeWarningLimit.
clubs-admin:build: [33m[INEFFECTIVE_DYNAMIC_IMPORT] [0m../../packages/i18n/src/locales/ca/shell.json is dynamically imported by ../../packages/i18n/src/resources.ts but also statically imported by ../../packages/i18n/src/catalog.ts, dynamic import will not move module into another chunk.
clubs-admin:build:
clubs-admin:build: [33m[INEFFECTIVE_DYNAMIC_IMPORT] [0m../../packages/i18n/src/locales/en/common.json is dynamically imported by ../../packages/i18n/src/resources.ts but also statically imported by ../../packages/i18n/src/catalog.ts, dynamic import will not move module into another chunk.
clubs-admin:build:
clubs-admin:build: [33m[INEFFECTIVE_DYNAMIC_IMPORT] [0m../../packages/i18n/src/locales/en/shell.json is dynamically imported by ../../packages/i18n/src/resources.ts but also statically imported by ../../packages/i18n/src/catalog.ts, dynamic import will not move module into another chunk.
clubs-admin:build:
clubs-admin:build: [33m[INEFFECTIVE_DYNAMIC_IMPORT] [0m../../packages/i18n/src/locales/es/common.json is dynamically imported by ../../packages/i18n/src/resources.ts but also statically imported by ../../packages/i18n/src/catalog.ts, dynamic import will not move module into another chunk.
clubs-admin:build:
clubs-admin:build: [33m[INEFFECTIVE_DYNAMIC_IMPORT] [0m../../packages/i18n/src/locales/es/shell.json is dynamically imported by ../../packages/i18n/src/resources.ts but also statically imported by ../../packages/i18n/src/catalog.ts, dynamic import will not move module into another chunk.
clubs-admin:build:
clubs-admin:build: ✓ built in 874ms
clubs-admin:test: Not implemented: navigation to another Document
clubs:test:  ✓ src/today/TodayPage.test.tsx (18 tests) 2748ms
clubs:test:    ✓ T-06-29 screen 10 «Classes del dia» (18)
clubs:test:      ✓ moves by chips and arrows (Sunday only by the arrows) and keeps ?date in the address 393ms
clubs:test:      ✓ R-06-14 in Europe/Madrid: requested date, header and chips name the club's calendar day 346ms
clubs:test:  ✓ src/training/TrainingDetailPage.test.tsx (8 tests) 2481ms
clubs:test:    ✓ S09 training booking detail (/entrenaments/:id, the 07 pattern, R-09-10) (6)
clubs:test:      ✓ a future booking: title, state, line, who booked it, and the cancellation back to 03 1022ms
clubs:test:      ✓ 422 TRAINING_CANCEL_TOO_LATE: the threshold and the minutes left, from the details, in the dialog 307ms
clubs:test:      ✓ 409 INVALID_STATE: the message and the booking read again (cancelled elsewhere) 364ms
clubs:test:    ✓ E7-W07 step 4 (CONVENCIONS_API §7, E74, E80, E85): the training cancellation follows the shared submission-key rule (1)
clubs:test:      ✓ T-09-25 E7-W07 step 4 (CONVENCIONS_API §7, E85): [ANUL·LA] sends an Idempotency-Key, keeps it through IN_PROGRESS («L'operació encara està en curs…») and a 503 with the api's body, and a 422 TRAINING_CANCEL_TOO_LATE retires it, so the same cancellation sent again takes a new key 333ms
clubs:test:  ✓ src/notifications/locales.test.tsx (6 tests) 2648ms
clubs:test:    ✓ E7-W02 round 2 #6 · screens 11, 12 and the unsubscribe page in es and en (Definition of Done) (6)
clubs:test:      ✓ E7-W02 round 2 #6 (es): the feed, its actions and a club without SMS 1253ms
clubs:test:      ✓ E7-W02 round 2 #6 (en): the feed, its actions and a club without SMS 661ms
clubs:test:  ✓ src/history/history.test.tsx (17 tests) 2817ms
clubs:test:    ✓ T-10-31 screen 25 «Històric» (S10 §2, R-10-14) (11)
clubs:test:      ✓ mockup 25: the three dogs with «Tots» pressed by default, the four type chips, the window caption and the seven rows with their exact badges and lines 589ms
clubs:test:  ✓ src/booking/home.test.tsx (12 tests) 3005ms
clubs:test:    ✓ screen 03 «Inici» (S08 §2, R-08-02, R-08-20, R-08-23) (9)
clubs:test:      ✓ the greeting and the bell, «Tots» last and pressed, the counters and the rows as the api delivers them 1111ms
clubs:test:      ✓ a dog selected: its rows without « · amb …» and the member's activity still there (the api keeps it), its counters, and «Tots» brings them back 366ms
clubs:test:  ✓ src/booking/book.test.tsx (11 tests) 3031ms
clubs:test:    ✓ T-08-37 screen 04 «Reservar»: every row state with its mockup badge (S08 §2, R-08-03) (11)
clubs:test:      ✓ Duna: the chips without «Tots», the pack, the intro, the activities and the six rows (mockup 04's, with «ds 8» a normal row: E7-W07 step 6, ruling E85) 739ms
clubs:test:      ✓ Rock: «Sense sessions» is inert with an expiring pack; Toby: the block banner and inert rows without a badge 535ms
clubs:test:      ✓ WAITLIST_OPEN asks first, joins with the selected dog, then the row leaves the list with «Ets a la llista d'espera» 301ms
clubs:test:  ✓ src/activities/activities.test.tsx (30 tests) 3748ms
clubs:test:    ✓ T-07-30 app: block «Activitats» of 04, detail, rows of 03 and 25 (19)
clubs:test:      ✓ draws the 04 block with the exact badges; the full row with waitlist stays tappable 315ms
clubs:test:      ✓ FULL_WAITLIST: the waitlist dialog → toast «Ets a la llista d'espera» → [SURT DE LA LLISTA D'ESPERA] 508ms
clubs:test:      ✓ registered: [ANUL·LA LA INSCRIPCIÓ] with confirmation; after the start, the contact text 355ms
clubs:test:    ✓ T-07-30 E4-W08 app detail follow-ups of the E4-W04 round-2 review (6)
clubs:test:      ✓ R-07-09/10 an impersonated cancellation asks for «Motiu» and sends {reason}; 400 VALIDATION_ERROR on reason (details.field, the core's shape) stays on the field 311ms
clubs:test:  ✓ src/today/OverviewPage.test.tsx (12 tests) 4478ms
clubs:test:    ✓ T-06-29 screen 23 «Visió global» (9)
clubs:test:      ✓ shows n/n +e with the planned instructor, training names, the block and the cancelled class 398ms
clubs:test:      ✓ E5-W03 step 1 lists the class's registrants and the «En espera» line in the drawer, read-only (S08 §6) 303ms
clubs:test:      ✓ E5-W05 round 2 #3: the drawer's level chips are the dogs' own levels (Duna «C»), and none in a club with levels.enabled = false 827ms
clubs:test:      ✓ E5-W05 steps 1 and 2: the drawer's chips read displayState («feta», «no presentat»), the level chip is levelCode (none when null), and «En espera: {guia} + {gos}» with the FIFO position 304ms
clubs:test:      ✓ maps 409 INVALID_STATE and 422 RING_BLOCK_MANAGED_BY_ACTIVITY on the block cancellation 379ms
clubs:test:    ✓ T-06-29 E4-W14 screen 23's drawer: the instructors' label follows the count, the names are a list (1)
clubs:test:      ✓ ca «Instructor: Marc» / «Instructors: Marc i Núria»; es «Instructores: Marc y Núria»; en «Instructors: Marc and Núria» 1149ms
clubs-admin:test:  ✓ src/audit/AuditPage.test.tsx (9 tests) 4726ms
clubs-admin:test:    ✓ T-14-26 member audit and exports (8)
clubs-admin:test:      ✓ filters by action and opens the masked before/after change drawer 536ms
clubs-admin:test:      ✓ E4-W15 step 8 (E4-W13 report, question 4): «Entitat» and «Actor» ask for the keys they fall back to, entityType and actorRole 366ms
clubs-admin:test:      ✓ opens the exports drawer for a queued job and exposes its READY download 1978ms
clubs-admin:test:      ✓ shows the catalogued EXPORT_LIMIT explanation in the exports drawer 480ms
clubs-admin:test:      ✓ routes a queued members list export into the global drawer 449ms
clubs-admin:test:      ✓ routes a queued dogs list export into the global drawer 599ms
clubs:test:  ✓ src/booking/detail.test.tsx (25 tests) 4474ms
clubs:test:    ✓ T-08-39 screen 07: the booking, who booked it, and its cancellation (R-08-10) (18)
clubs:test:      ✓ E5-W05 step 8: shows the mockup card, and a cancellation in time asks first and leaves the green note, which names no week («pots reservar una altra classe.») 834ms
clubs:test:      ✓ inside the 4 h threshold the dialog warns, and the late note names «4 hores» 408ms
clubs:test:      ✓ a booking cancelled by a swap, opened later: its state chip only, no «dins el termini» note (review #4) 564ms
clubs-admin:test:  ✓ src/census/CensusListPage.test.tsx (4 tests) 5705ms
clubs-admin:test:    ✓ T-03-38 D5 universal member list (3)
clubs-admin:test:      ✓ renders applied filters and preserves selection when page size changes 987ms
clubs-admin:test:      ✓ E4-W12 step 5: a fresh /abonats applies only the status chip «Alta», so a club whose plan ids differ from the fixture's lists its members 332ms
clubs-admin:test:      ✓ toggles visible columns and synchronizes the ordered fields to the URL 1327ms
clubs-admin:test:    ✓ T-03-42 D15 translated dog list (1)
clubs-admin:test:      ✓ renders the approved columns and dog record links 3055ms
clubs:test:  ✓ src/today/literals.test.ts (2 tests) 226ms
clubs:test:  ✓ src/notifications/push.test.ts (13 tests) 351ms
clubs:test:  ✓ src/InfoPage.test.tsx (5 tests) 821ms
clubs:test:    ✓ T-05-CP-07 screen 30 Info (2)
clubs:test:      ✓ shows FAQ, rules and other active pages only 546ms
clubs:test:  ✓ src/UnsubscribePage.test.tsx (4 tests) 692ms
clubs:test:    ✓ E7-W02 step 10 · the e-mail unsubscribe page /comunicats/baixa (S11 R-11-08) (4)
clubs:test:      ✓ 200: sends the token once and confirms, with a way to the «Avisos» of 12 for a session 506ms
clubs-admin:test:  ✓ src/instructor/student-record.test.tsx (15 tests) 6138ms
clubs-admin:test:    ✓ T-10-28 (D13) the desktop student record (S10 §2, R-10-08, R-10-09) (4)
clubs-admin:test:      ✓ D13 as the mockup: the header chips, four metric cards with their subtitles, the three blocks with the api's tasks, and the «5 darreres classes» table 651ms
clubs-admin:test:      ✓ no classes in the window reads «—»; TASKS off drops the three blocks, the button and every task read; FREE_TRAINING off drops the training card 327ms
clubs-admin:test:      ✓ [GESTIONAR TASQUES I NOTES] opens the same editor as 26 in a drawer; a task created there shows in the record's block and counters 698ms
clubs-admin:test:    ✓ E6-W02 round 2 (review of 30-09): D13 (4)
clubs-admin:test:      ✓ #2 (R-10-10): the drawer reaches every task too — «Mostra'n més» reads the second page, and its oldest pending task is completed there 1196ms
clubs-admin:test:      ✓ #3: a round trip through the history keeps the drawer's drafts — the new task's text and file and an open edit — and the focus comes back to the link 657ms
clubs-admin:test:    ✓ E6-W04 step 0d (review of E6-W05): D13's drawer (1)
clubs-admin:test:      ✓ E6-W04 step 0d: an instructor's mixed selection on an open task attaches the JPEG and says «eina.exe: …» in the drawer 309ms
clubs-admin:test:    ✓ T-10-28 E7-W06 (E6-W04 question 5 and its report nits): D13's drawer (3)
clubs-admin:test:      ✓ E7-W06 review #6: a creation abandoned while on its way (the drawer closed) keeps nothing when its answer is lost — the same task and file later are uploaded again and sent with a new key 522ms
clubs-admin:test:      ✓ E7-W06 step 6 (E6-W04's report nit): the drawer closed after a refusal reopens without it 331ms
clubs-admin:test:    ✓ «Alumnes» of the back office (mockups D12–D14, S10 §13-9) (2)
clubs-admin:test:      ✓ instructors see «Alumnes» in the sidebar; the search reads GET /dogs and opens D13 581ms
clubs:test:  ✓ src/instructor/attendance-rows.test.tsx (1 test) 595ms
clubs:test:    ✓ T-10-27 E7-W06 step 5 (ruling E82, E6-W04 Q6): stable data attributes on screen 21's rows (1)
clubs:test:      ✓ E7-W06 step 5: each attendance row carries its booking's id and the state it shows (data-booking-id, data-attendance-state); a tap changes the state, and the saved list keeps it 591ms
clubs-admin:test:  ✓ src/catalogs/JobsCard.test.tsx (30 tests) 6857ms
clubs-admin:test:    ✓ T-15-32 D11 «Processos automàtics» (S15 §2, R-15-01, R-15-08, R-15-09) (15)
clubs-admin:test:      ✓ asks before disabling (S15 §2 literal) and writes PUT /jobs/{name}/switch {enabled: false} only after the confirmation 316ms
clubs-admin:test:      ✓ R-15-08 [Simula] shows the plan of the response (the WOULD_* items as delivered) and says nothing was applied 359ms
clubs-admin:test:      ✓ keeps one Idempotency-Key per payload while the outcome is unknown: a retry after a lost answer reuses it 468ms
clubs-admin:test:      ✓ JOB_UNKNOWN (404: S15 writes 404, rule 0 implies 422) shows its message and reads the list again 337ms
clubs-admin:test:      ✓ E5-W03 round 2 · review #1: the run history pages through the api's list, and its filters narrow it 824ms
clubs-admin:test:    ✓ E5-W05 step 18 · the run drawer (S15 §2, R-15-21) (2)
clubs-admin:test:      ✓ E5-W05 step 18: a failed history page keeps the pager and offers a retry, the drawer stays open, and the retry shows page 2 389ms
clubs-admin:test:    ✓ E5-W05 round 2 #7 · a run's Week and Member effects link to D4 and D10 (R-15-21) (3)
clubs-admin:test:      ✓ E5-W05 round 2 #7 (assumption A3): a class answer that arrives after the drawer closed navigates nowhere 499ms
clubs-admin:test:    ✓ E5-W05 step 17 · D11 after a schedule change (R-15-01) (1)
clubs-admin:test:      ✓ E5-W05 step 17: saving jobs.dailyTime reads GET /jobs again, so «Caducitats» and «Neteja tècnica» show the new time at once 344ms
clubs:test:  ✓ src/training/i18n.test.tsx (4 tests) 1167ms
clubs:test:    ✓ T-09-41 training and instructor vocabulary, locales and club time zone (4)
clubs:test:      ✓ formats in the club's zone, never the viewer's: an October 06:30Z slot reads «8:30» 882ms
clubs:test:  ✓ src/inactivity/InactivityPage.test.tsx (4 tests) 795ms
clubs:test:    ✓ T-13-29 member inactivity (4)
clubs:test:      ✓ renders consultation mode, the proposed open end, fee and debounced booking warning 532ms
clubs:test:  ✓ src/instructor/RingBlockPage.test.tsx (11 tests) 6594ms
clubs:test:    ✓ screen 24 «Reservar o bloquejar pista» (S09 §2 row 24, R-09-11) (9)
clubs:test:      ✓ «Reserva de pista» first with its four reasons; «Bloqueig» hides them and offers its two 1014ms
clubs:test:      ✓ a contiguous selection writes the summary and posts the block, then 23 with its toast 1155ms
clubs:test:      ✓ 409 RING_BLOCK_CONFLICT marks the conflicting cells, lists the overlaps and reads the grid again 971ms
clubs:test:      ✓ 422 RING_HAS_BOOKINGS: the instructor is told to ask the administration, and nothing forces it 418ms
clubs:test:      ✓ FREE_TRAINING off: only «Bloqueig», and the times are taken without a grid (the api validates) 364ms
clubs:test:      ✓ E5-W02 round 2 · review #5: without a grid the band's last half hour can be taken (13:30–14:00) 389ms
clubs:test:      ✓ while the block is sent the button is busy and the grid, kinds and rings are inert 423ms
clubs:test:      ✓ a time refusal is shown by code (400 INVALID_TIME_RANGE), and a lost answer keeps its key 590ms
clubs:test:    ✓ T-09-40 E7-W06 step 1 (CONVENCIONS_API §7, E79, E80): 24's block keeps its key on IN_PROGRESS (2)
clubs:test:      ✓ E7-W06 step 1: 24's ring block keeps its Idempotency-Key on IN_PROGRESS, says «L'operació encara està en curs…», the retry sends the same key, and the same block after the api's answer takes a new key 520ms
clubs:test:      ✓ E7-W07 step 4 (CONVENCIONS_API §7, E85; R-09-11): a 503 with the api's body keeps 24's key — the retry sends the same one; a 422 RING_NOT_RESERVABLE retires it — the same block sent again takes a new key 543ms
clubs-admin:test:  ✓ src/catalogs/SettingsPage.test.tsx (9 tests) 7661ms
clubs-admin:test:    ✓ T-02-13 E4-W06 S05 §2 D11 «Nivells»: the «Progressió» switch (S05 §3 Level.progression, E29) (4)
clubs-admin:test:      ✓ shows one switch per level with the help text: Teràpia is off, the progression levels on 703ms
clubs-admin:test:      ✓ saves a toggle with PATCH /levels/{id} {progression, version} and keeps the saved level 1367ms
clubs-admin:test:      ✓ shows a refused toggle by its code next to the table and keeps the switch as saved; STALE_VERSION reloads the levels 1221ms
clubs-admin:test:      ✓ the level form carries «Progressió»: a new level outside the progression is created with progression false; an edit keeps the level's value 1364ms
clubs-admin:test:    ✓ T-02-13 E4-W14 S05 §2 D11 «Nivells» follow-ups of the E4-W06 review (5)
clubs-admin:test:      ✓ S05 §2 the «Progressió» help names no club level, in ca, es and en 726ms
clubs-admin:test:      ✓ a second toggle never re-enables a switch whose PATCH is still pending; each row keeps its own error 1261ms
clubs-admin:test:      ✓ AGENTS rule 6: the catalog row buttons are named after the row's name, not its id 333ms
clubs-admin:test:      ✓ S05 §2 the help sits inside the «Nivells» card, and «Nou nivell» keeps its icon inline 412ms
clubs:test:  ✓ src/NotificationsPage.test.tsx (21 tests) 7023ms
clubs:test:    ✓ T-11-34 screen 11 «Notificacions» (S11 §2, R-11-10, R-11-11) (21)
clubs:test:      ✓ renders mockup 11's six cards as delivered: icon, tone, texts, relative time, «i per SMS», the buttons 884ms
clubs:test:      ✓ never prints «i per SMS» without the SMS module, even for an SMS the api lists 690ms
clubs:test:      ✓ [CANVIA DE CLASSE] opens 04 with the notification's dog 466ms
clubs:test:      ✓ [AGAFA LA PLAÇA] reuses E5-W01's claim: the entry's seat hold, then the confirmation (06/29) 415ms
clubs:test:      ✓ E7-W02 round 2 #4 (AGENTS rule 3): with WAITLIST off, a historical N-15 the api still lists is an informative card with no [AGAFA LA PLAÇA] 422ms
clubs:test:      ✓ back on 03 from the browser's page cache, the bell reads GET /me/home again 325ms
clubs:test:      ✓ E7-W02 round 2 #3: a failed read-all is sent again (bounded retry), and its answer silences the bell 622ms
clubs:test:      ✓ E7-W05 step 3 (S11 §13-8): a read-all left without an answer stays pending in the tab's sessionStorage for this account and club, and a fresh 03 sends it again before it reads GET /me/home — the bell goes quiet 368ms
clubs:test:      ✓ E7-W05 step 3: another account's or club's pending read-all is not sent from 03 330ms
clubs:test:  ✓ src/notifications/sw-logic.test.ts (4 tests) 5ms
clubs:test:  ✓ src/dog-tasks-contrast.test.ts (4 tests) 5ms
clubs:test:  ✓ src/leave/LeavePage.test.tsx (4 tests) 678ms
clubs:test:    ✓ T-13-30 member leave (4)
clubs:test:      ✓ renders the inactivity offer, API reason catalog, NPS 0–10 and full-month help 375ms
clubs-admin:test:  ✓ src/training/TrainingRegisterPage.test.tsx (16 tests) 8717ms
clubs-admin:test:    ✓ E5-W03 step 2 · «Entrenaments», the ring-usage register (S09 §2 and §13-8) (8)
clubs-admin:test:      ✓ tab 1 reads GET /training-bookings with the current week and startsAt,desc, and links the member to D10 (ADMIN) 449ms
clubs-admin:test:      ✓ offers the api's values with their counts in the universal filter (E5-W05: GET /training-bookings/filter-values) 412ms
clubs-admin:test:      ✓ S14 R-14-12 exports the list's filters and columns (ADMIN) and never for an INSTRUCTOR 804ms
clubs-admin:test:      ✓ tab 2 lists the blocks and ring reservations; [Anul·la el bloqueig] is hidden for an activity's block and cancels the others 708ms
clubs-admin:test:      ✓ 409 INVALID_STATE on a cancellation shows why and reads the list again; an INSTRUCTOR has no row action 760ms
clubs-admin:test:      ✓ E5-W03 round 2 · review #9: the date and relation filters offer only operators that take one value, and the query says so 1192ms
clubs-admin:test:      ✓ E5-W03 round 2 · review #8: a past block on a deactivated ring names its ring, never its id 363ms
clubs-admin:test:    ✓ E5-W05 steps 3 and 5 · the register reads E5-T29's fields and the complete filter values (8)
clubs-admin:test:      ✓ E5-W05 step 3: a member without a number reads the name alone, without « · » 381ms
clubs-admin:test:      ✓ E5-W05 step 5: with more than 1000 rows, the member filter offers «Nil Fictici Soler», who appears only after row 1000, from GET /training-bookings/filter-values 807ms
clubs-admin:test:      ✓ E5-W05 round 2 #1: the blocks tab asks GET /ring-blocks/filter-values once when it settles, and a second ring picked in «Valor» stays selected 1385ms
clubs-admin:test:      ✓ E5-W05 round 2 #2 (ruling E80): the blocks' «Dia i hora» filter is a range of club dates sent as `between` with the club's day bounds, with no suggested values 411ms
clubs:test: Not implemented: navigation to another Document
clubs:test: Not implemented: navigation to another Document
clubs:test:  ✓ src/billing/InvoicesPage.test.tsx (4 tests) 464ms
clubs:test:  ✓ src/App.test.tsx (54 tests) 8423ms
clubs:test:    ✓ T-02-14 clubs shell (6)
clubs:test:      ✓ uses the compact mark with the runtime club name 448ms
clubs:test:    ✓ T-01-18 access screen (2)
clubs:test:      ✓ uses the exact access actions, focuses an empty email and gates signup 429ms
clubs:test:    ✓ T-01-19 activation screen (1)
clubs:test:      ✓ renders gender-aware, reset and invalid-link variants 436ms
clubs:test:    ✓ T-01-21 profile access rows and impersonation (3)
clubs:test:      ✓ renders the mockup rows in order without account sessions or backoffice handoff 507ms
clubs:test:    ✓ T-07-30 E4-W08 S07 §6 /activitats/:id is for MEMBER and impersonated sessions (AGENTS rule 3) (3)
clubs:test:      ✓ an instructor-only session gets the usual no-access path: no detail, no /me/activities call 419ms
clubs:test:    ✓ T-03-40 mobile own dogs (5)
clubs:test:      ✓ renders own dogs, saves the note, shows task totals and gates TASKS 383ms
clubs-admin:test:  ✓ src/census/NotificationPreferencesBlock.test.tsx (22 tests) 9688ms
clubs-admin:test:    ✓ T-11-38 D10 «Preferències d'avisos» (S11 §2, R-11-04) (22)
clubs-admin:test:      ✓ each change shows at once and the changes of 300 ms travel as one partial PUT 355ms
clubs-admin:test:      ✓ a refused save (422 INVALID_REMINDER_OPTION) puts back what the api holds and says why 329ms
clubs-admin:test:      ✓ E7-W06 review #4: a save answered 409 MEMBER_ERASED (the member erased while D10 is open) ends the block with errors:MEMBER_ERASED — no controls left to change again 337ms
clubs-admin:test:      ✓ E7-W01 round 2 #5: leaving the page sends every unsaved change with keepalive — the one on its way too — and the next visit sends it again 799ms
clubs-admin:test:      ✓ E7-W04 step 3 (R-11-04): PERSONAL = false on its way, set back to true and the page left, the answers in reverse order — true is saved, and the recovery entry stays until it is 457ms
clubs-admin:test:      ✓ E7-W05 step 1, path a (R-11-04): the older PUT lands last and the resend of the latest choice is lost — the latest choice stays in the outbox, and the next visit saves it 811ms
clubs-admin:test:      ✓ E7-W05 step 1, path b (R-11-04): the older PUT lands last and its answer is lost — the latest choice is sent again once it settles, and the outbox goes only after that save's 2xx 458ms
clubs-admin:test:      ✓ E7-W05 step 1, path c (R-11-04): the older PUT lands last but answers first — the latest choice is sent again and saved 494ms
clubs-admin:test:      ✓ E7-W05 step 5 (R-11-04): the departure's keepalive PUT is held across pagehide(persisted) and pageshow(persisted) — the kept change goes again as a normal save once it settles, and the outbox clears only when that save is answered 593ms
clubs-admin:test:      ✓ E7-W06 (E7-W05 review #4): back from the back-forward cache with nothing unsaved, the record saves the change a newer visit left in the outbox instead of taking it over and ignoring it 321ms
clubs-admin:test:      ✓ E7-W07 step 2 (E7-W06 review #3, ruling E85: option a; R-11-04): overlapping PUTs and the last one lost — the record reads GET again (the api holds off), shows the member's «on» as a pending change with «Desant…», sends it again, and its 2xx saves it and frees the outbox 861ms
clubs-admin:test:      ✓ E7-W07 step 2 (ruling E85: option a): the retry is lost too and the admin leaves right after — the departure carries «on» with keepalive and keeps it, and the next visit within 5 minutes of leaving shows it as a pending change before it is saved; E7-W07 round 2 #1: that visit's PUT fails too — «on» stays shown and kept, and the admin's next change sends it 1905ms
clubs-admin:test:      ✓ E7-W07 round 2 #2 (review #2; S14 §5, T-14-19): with the overlapping-save sequence, the resend answered 409 MEMBER_ERASED is final — the block says so, and no other PUT or GET follows, nothing is sent on departure, and the outbox entry goes 1295ms
clubs-admin:test:  ✓ src/census/SendAnnouncementDialog.test.tsx (9 tests) 9843ms
clubs-admin:test:    ✓ T-11-38 «Enviar comunicat» from D5 and D15 (S11 §2, R-11-13) (9)
clubs-admin:test:      ✓ D5's selection: the dialog sends `memberIds`, the dryRun drives «S'enviarà a 2 abonats», [ENVIA] waits for the tick, and the page says it was sent 3792ms
clubs-admin:test:      ✓ D5's current filters: the dialog sends the list's filters and search, and the count is the api's for them (the members GET /members lists) 1392ms
clubs-admin:test:      ✓ another template clears the tick and asks the dryRun again; NO_RECIPIENTS is said inside the dialog and [ENVIA] stays off 1400ms
clubs-admin:test:      ✓ one Idempotency-Key per submission: a send that got no answer is retried with its key — also after closing and opening the dialog again — and the api counts it once 1526ms
clubs-admin:test:      ✓ D15's selection is dogs: the dialog reads their owners and sends to each once («2 gossos · 1 abonat») 1248ms
clubs:test:  ✓ src/instructor/instructor.test.tsx (44 tests) 9005ms
clubs:test:    ✓ T-10-27 screen 20 «Grups del dia» (S10 §2, R-10-01) (7)
clubs:test:      ✓ mockup 20: the day chips, each class with n/n, the hourglass and its second line, the legend and the block with its reason and note 713ms
clubs:test:      ✓ a chip changes the day (?date=); an empty day reads «Cap classe aquest dia»; the instructor chip offers no «Tot el club» and shows another's day 487ms
clubs:test:    ✓ E6-W01 step 6 the instructor's student search (S10 §2, §13-9) (5)
clubs:test:      ✓ lists the active dogs as «{guia} + {gos} · {nivell}», asks the api for the typed text after 300 ms and opens 22 1002ms
clubs:test:      ✓ round 2 #2 (review #2): with 51 matching dogs the first page shows 50 and «Mostra'n més» appends the 51st from the next page 1029ms
clubs:test:      ✓ round 2 #2 and #4: a failed next page keeps the 50 rows, says why by its code, and «Mostra'n més» asks it again 830ms
clubs:test:  ✓ src/booking/confirm.test.tsx (22 tests) 4672ms
clubs:test:    ✓ T-08-36 the 30 s hold counts on the api clock, not the device's (R-08-07) (2)
clubs:test:      ✓ a device clock 5 min ahead still starts at 0:30, reaches 0 at the right instant, then the red note returns to 04 478ms
clubs:test:      ✓ 409 SEAT_HOLD_EXPIRED on the confirmation shows the same red note 512ms
clubs:test:    ✓ T-08-38 screen 06: the swap when the week's limit is reached (R-08-09) (4)
clubs:test:      ✓ single selection among the swappable bookings, the button names both days, then the swap is confirmed 435ms
clubs-admin:test:  ✓ src/instructor/week-agenda.test.tsx (20 tests) 10164ms
clubs-admin:test:    ✓ T-10-29 D12 «Agenda de la setmana» (S10 §2, R-10-15) (7)
clubs-admin:test:      ✓ mockup D12: «‹ Setmana actual › del 10 al 15 d'agost», dl–ds, the rows at their hour lines, a training at half height, the block with its reason and note, the classes as delivered 775ms
clubs-admin:test:      ✓ the filters change the query without hiding trainings or blocks; the arrows move ±7 days through ?setmana= 1176ms
clubs-admin:test:      ✓ a click on a class opens its list under the grid: the header, the names linked to D13, the level, the tasks, the status lines and the waiting list 636ms
clubs-admin:test:      ✓ the badge cycles «— → present → avisat → no presentat → —» and stops on a final row; [DESA LA LLISTA] sends only the changed rows with the current version and a new key 1008ms
clubs-admin:test:      ✓ 409 STALE_VERSION: the toast, the other person's change kept, and only the caller's edit sent again with the new version 1006ms
clubs-admin:test:      ✓ a failed PDF says why by its code, and the page stays as it was 365ms
clubs-admin:test:    ✓ E6-W03 step 11 on D12 (E6-W01 round-2 review #1, R-10-03, R-10-04): the draft after a refusal (1)
clubs-admin:test:      ✓ a PUT refused with 422 ATTENDANCE_WINDOW_CLOSED whose re-read is closed leaves no choice behind, the badges inert and [DESA LA LLISTA] disabled 701ms
clubs-admin:test:    ✓ E6-W03 step 4 the panel survives the way to D13 and back (?setmana= and the choices) (1)
clubs-admin:test:      ✓ a name opens D13 with a normal navigation; back on /agenda the week, the class and the unsaved choice are there, rebased on the list read again 790ms
clubs-admin:test:    ✓ E6-W03 D12 after a write: what the grid shows and what the panel keeps (3)
clubs-admin:test:      ✓ a save reads the week again: the class's «passar llista pendent» mark goes, and the panel stays with «Llista desada» 499ms
clubs-admin:test:      ✓ an unsaved choice survives opening another class and coming back 419ms
clubs-admin:test:    ✓ E6-W03 step 7 modules and impersonation on D12 (S10 §9) (2)
clubs-admin:test:      ✓ FREE_TRAINING off: no training cells and no «Reserva = …» in the legend; WAITLIST off: no «espera» and no «En espera:» 305ms
clubs-admin:test:    ✓ E6-W04 step 0c: D12's legend reads the half height's minutes from the api (InstructorWeek.trainingSlotMinutes, api E6-T06, ruling E75) (2)
clubs-admin:test:      ✓ E6-W04 step 0c: trainingSlotMinutes null leaves the minutes out — «(mitja alçada)» — in ca, es and en 318ms
clubs-admin:test:    ✓ T-10-29 E7-W06 step 1 (CONVENCIONS_API §7, E79, E80): D12's sheet keeps its key on IN_PROGRESS (1)
clubs-admin:test:      ✓ E7-W06 step 1: D12's attendance save keeps its Idempotency-Key and the choice on IN_PROGRESS, says «L'operació encara està en curs…» without reading the list again, the retry sends the same key, and the same save after the api's answer takes a new key 618ms
clubs-admin:test:  ✓ src/training/RingBlockCard.test.tsx (8 tests) 2585ms
clubs-admin:test:    ✓ D12 card «Reservar o bloquejar pista (sense alumne)» (S09 §2 row D12, R-09-11) (7)
clubs-admin:test:      ✓ the mockup's controls: kinds, «motiu: …», day and times, ring, RESERVA 513ms
clubs-admin:test:      ✓ offers only the free half hours of the ring and their runs, and posts the block 382ms
clubs-admin:test:      ✓ an instructor with live bookings in the way is told to ask the administration 384ms
clubs-admin:test:      ✓ E5-W02 round 2 · review #2: after the refreshed grid the ADMIN still confirms 17:30–18:00 and resends it with cancelBookings (R-09-13) 357ms
clubs-admin:test:      ✓ E5-W02 round 2 · review #2: an ADMIN may pick a half hour held by a live training and force it (R-09-13) 323ms
clubs-admin:test:    ✓ T-09-20 E7-W06 step 1 (CONVENCIONS_API §7, E79, E80): D12's ring card keeps its key on IN_PROGRESS (1)
clubs-admin:test:      ✓ E7-W06 step 1: D12's ring block keeps its Idempotency-Key on IN_PROGRESS, says «L'operació encara està en curs…», the retry sends the same key, and the same block after the api's answer takes a new key 325ms
clubs:test:  ✓ src/instructor/tasks.test.tsx (34 tests) 9610ms
clubs:test:    ✓ T-10-28 (26) screen 26 «Tasques i notes» (S10 §2, R-10-10…R-10-12) (10)
clubs:test:      ✓ mockup 26: the title, the private observations, the three tasks (the done one struck through with «feta per la Laura el 02-08»), the history link, the member's note read-only and [DESA] waiting for a change 777ms
clubs:test:      ✓ T-10-25 «＋ Afegir» uploads the video through the signed url (TASK, the signed headers, no bearer) and creates one task with one Idempotency-Key, even on a double tap; 22's counters follow 460ms
clubs:test:      ✓ the pencil edits the text with the version read; the ✕ asks «Vols eliminar aquesta tasca?» and deletes with its key; ✓ completes (feta per l'Estel) and ↺ reopens 643ms
clubs:test:      ✓ an edit opened before another instructor's change is sent with its own version: STALE_VERSION (409), and the typed text stays 330ms
clubs:test:      ✓ [DESA] saves the observations with the version read and one key; a stale version (tasksStale) keeps the typed text to recover and saves it again on the new version 366ms
clubs:test:    ✓ E6-W02 round 2 (review of 30-09): screen 26 (5)
clubs:test:      ✓ #1 (E74): two deliberate submissions with the same text are two tasks, each with its own key 325ms
clubs:test:      ✓ #2 (R-10-10): with 52 tasks «Mostra'n més» reads the next page into the same list, whose tasks are managed like the rest — the oldest done one reopened, the oldest pending one edited, completed and deleted 1565ms
clubs-admin:test:  ✓ src/followup/followup.test.tsx (29 tests) 9887ms
clubs-admin:test:    ✓ T-10-30 D14 «Seguiment alumnes» (S10 §2, R-10-13) (8)
clubs-admin:test:      ✓ mockup D14 for an ADMIN: «5 pendents de llegir», the columns, the five rows highlighted and in the api's order, the authors by gender and the completed task 585ms
clubs-admin:test:      ✓ the three chips map to filter=kind:eq:TASK, kind:eq:MEMBER_NOTE and no kind filter 603ms
clubs-admin:test:      ✓ «Marcar-ho tot com a llegit» calls read-all with its key, puts the counter at 0 and reads the list again 557ms
clubs-admin:test:      ✓ a row click calls read for that row, drops its highlight and the counter at once, and opens D13 (the dog's record) 371ms
clubs-admin:test:    ✓ E6-W03 round 2: D14's reads (R-10-13) and its filter values (5)
clubs-admin:test:      ✓ #1 (review #2): a refused read puts the row back unread and the counter back, and says why with a retry that sends it again 519ms
clubs-admin:test:      ✓ #1: the read belongs to the shell, so its failure is said on D13, where the user already is 344ms
clubs-admin:test:      ✓ #1: a read that got no answer says so, and its retry keeps the key 313ms
clubs-admin:test:      ✓ #3 (review #4): a note updated while D14 is open still shows «llegit»; a click on its row sends the read 513ms
clubs-admin:test:      ✓ #5 (review #1): «Tipus» and «Pendent de llegir» offer the contract's values with the api's counts, also when the first page holds only unread notes 512ms
clubs-admin:test:    ✓ E6-W04 step 0c: D14's relation filters and search (GET /followup/filter-values and q, api E6-T06, ruling E75) (3)
clubs-admin:test:      ✓ E6-W04 step 0c: «Abonat», «Gos» and «Creador» offer the api's values with their counts over the whole set — also the members, dogs and authors only rows beyond the first page have — and a creator picked is named in the chip 1177ms
clubs-admin:test:      ✓ E6-W04 step 0c: the search box sends q to GET /followup and the rows narrow to what the api finds in the member, the dog, the author and the task's whole text; the filter values follow the search 1121ms
clubs-admin:test:    ✓ E6-W05 (review of E6-W03's round 2): D14's counter and rows after a failed read (2)
clubs-admin:test:      ✓ step 6 (R-10-13): a failed read, back to D14, a successful retry — the row loses its highlight and the counter drops 336ms
clubs-admin:test:    ✓ T-10-30 E7-W06 step 1 (CONVENCIONS_API §7, E79, E80): D14's keyed writes keep their key on IN_PROGRESS (5)
clubs-admin:test:      ✓ E7-W06 step 1: D14's read-all keeps its Idempotency-Key on IN_PROGRESS, says «L'operació encara està en curs…», the retry sends the same key, and a new read-all after the api's answer takes a new key 325ms
clubs-admin:test:      ✓ E7-W06 step 1: D14's row read keeps its Idempotency-Key on IN_PROGRESS, says «L'operació encara està en curs…» with its retry, the retry sends the same key, and the next read of that row after the api's answer takes a new key 390ms
clubs-admin:test:  ✓ src/billing/RemittancesPage.test.tsx (10 tests) 2000ms
clubs-admin:test:    ✓ S12 §2 «D6 (remeses)» /facturacio/remeses (no mockup: design system, §13-12) (10)
clubs-admin:test:      ✓ lists the remittances newest first with month, creation, receipts, amount, collection date and status; no free-text search 468ms
clubs-admin:test:  ✓ src/dashboard/DashboardPage.test.tsx (20 tests) 1995ms
clubs-admin:test:    ✓ T-14-25 D1 dashboard (4)
clubs-admin:test:      ✓ renders the server aggregate, all risk rows, pending signups, and accessible chart 529ms
clubs:test:  ✓ src/training/TrainingPage.test.tsx (28 tests) 9837ms
clubs:test:    ✓ T-09-37 screen 08 exists only with a dog allowed to train alone (3)
clubs:test:      ✓ without eligible dogs the tab is absent and /entrenaments goes back to 03 1022ms
clubs:test:      ✓ with Rock and Toby the tab exists and Rock (defaultDogId) is the selected chip 556ms
clubs:test:    ✓ T-09-38 screen 08 grid, «Qualsevol» and the confirmation (4)
clubs:test:      ✓ draws the api's cells: free outlined and pressable, struck, «classe» dimmed 577ms
clubs:test:      ✓ «Qualsevol» with two free rings asks which one, Muntanya first, and books with it 662ms
clubs:test:    ✓ screen 08 refusals by code (S09 §6, R-09-06) (5)
clubs:test:      ✓ 409 SLOT_TAKEN: the message, the grid read again and the api's free rings offered 436ms
clubs:test:      ✓ while the booking is sent the button is busy and the grid, days and dogs are inert 547ms
clubs:test:      ✓ a lost answer keeps its Idempotency-Key for the retry; an answer drops it 374ms
clubs:test:    ✓ E5-W05 step 11: a refreshed grid clears an invalid choice (E5-W02 round-2 review #1, R-09-03) (3)
clubs:test:      ✓ E5-W05 step 11: another member books the chosen slot; the focus refresh clears the choice and [Confirma] is disabled 417ms
clubs:test:      ✓ E5-W05 step 11: with «Qualsevol», the chosen ring taken meanwhile clears the choice and its chooser 466ms
clubs:test:      ✓ E5-W05 round 2 #13: a refresh that clears the choice a SLOT_TAKEN offered also clears that message 370ms
clubs:test:    ✓ E5-W05 step 12: the offline copy blocks the booking (E5-W02 round-2 review #2, S09 §2) (2)
clubs:test:      ✓ E5-W05 step 12: a NETWORK answer while navigator.onLine is true: «pot no estar al dia», [Confirma] disabled, and the retry reads again 419ms
clubs:test:    ✓ T-09-38 E7-W06 step 1 (CONVENCIONS_API §7, E79, E80): 08's booking keeps its key on IN_PROGRESS (1)
clubs:test:      ✓ E7-W06 step 1: 08's training booking keeps its Idempotency-Key and its choice on IN_PROGRESS, says «L'operació encara està en curs…» (the shared errorText), the retry sends the same key, and the same booking after the api's answer takes a new key 392ms
clubs:test:    ✓ E7-W07 step 4 (CONVENCIONS_API §7, E85): 08's booking follows the shared submission-key rule (1)
clubs:test:      ✓ T-09-38 T-09-16 E7-W07 step 4 (CONVENCIONS_API §7, E85): a 503 with the api's body keeps 08's Idempotency-Key and its choice, so the retry sends the same key; a 422 DOG_ALREADY_BOOKED retires it, so the same booking sent again takes a new key 378ms
clubs-admin:test:  ✓ src/dashboard/RiskReviewCard.test.tsx (12 tests) 1738ms
clubs-admin:test:    ✓ T-15-33 E5-W03 round 2 · review #5: a D1 row opens D4 on that class (the example day's calendar world) (4)
clubs-admin:test:      ✓ «F i G · demà 20:00 · Carretera» → D4 «actives», that week, that class selected 305ms
clubs-admin:test:  ✓ src/App.test.tsx (19 tests) 1388ms
clubs-admin:test:  ✓ src/messaging/AnnouncementsPage.test.tsx (15 tests) 12071ms
clubs-admin:test:    ✓ T-11-37 D9 «Comunicats i plantilles» (S11 §2, R-11-12) (14)
clubs-admin:test:      ✓ mockup D9: the four counts, a category row filters the list, and N-28 opens with its title, category chip, icons, «idioma: CA (amb versió ES)», the body with the variables' labels and the variable chips 669ms
clubs-admin:test:      ✓ the language select switches the title and the body; a variable chip inserts its label at the caret and [DESA] saves the code keys with the version read 1266ms
clubs-admin:test:      ✓ the matrix: a cell outside caps is an inert «—», one inside toggles; the Push column is informative; SMS and Push columns follow the modules 1528ms
clubs-admin:test:      ✓ [Vista prèvia] renders the unsaved draft per language with the SMS counter and the truncation note, and «Envia'm una prova» says it was sent 447ms
clubs-admin:test:      ✓ R-11-01 in [Vista prèvia]: a language without its own text is previewed with the club's default language, as a member of that language would receive it 396ms
clubs-admin:test:      ✓ [DESA] on its way: the texts, chips and cells are read-only until the api answers, so nothing typed meanwhile is dropped by the answer 694ms
clubs-admin:test:      ✓ E7-W01 round 2 #3: a late save answer never replaces another template — save A, open B, reopen A and write again, back to B, then A's answer: B stays shown and editable, and A's newer draft is kept 1318ms
clubs-admin:test:      ✓ E7-W04 step 5 (R-11-12): two completed saves of one template whose answers arrive in reverse order — the newer version stays, no draft is lost, and the next save carries the newer version 1605ms
clubs-admin:test:      ✓ E7-W05 step 5 (R-11-12): a GET /message-templates/{id} read with the older version that answers after a newer save's answer never brings the older version back — the saved text stays and the next save carries the newer version 762ms
clubs-admin:test:      ✓ E7-W05 step 6 (E7-W04 review #4, R-11-12): an older save answer leaves the detail alone but drops the draft it carried — save E1 (answered late), reopen, [Desactiva] (newer version), then E1's answer: nothing stays «sense desar» 849ms
clubs-admin:test:      ✓ a stale PUT says «Algú ha modificat aquesta plantilla; recarrega-la»; [Recarrega] reads it again and keeps the admin's edits — the text and the one matrix cell they clicked — saved on the new version 765ms
clubs-admin:test:      ✓ the secondary actions as the api allows them: «Restaura el text per defecte» only when customized, no [Desactiva] on a mandatory template, «Elimina» only on the club's own 777ms
clubs-admin:test:      ✓ errors by code where they belong: a missing required variable (VALIDATION_ERROR missingVariables), a broken [[…]] (400 TEMPLATE_SYNTAX_ERROR) and an unknown one (400 TEMPLATE_UNKNOWN_VARIABLE) under the text, which they describe 484ms
clubs-admin:test:      ✓ «＋ Nova plantilla» creates a CUSTOM template of the chosen category and opens it; the admin's unsaved edits stay with their template while another one is open 448ms
clubs-admin:test:  ✓ src/catalogs/JobsCardCounters.test.tsx (9 tests) 922ms
clubs-admin:test:  ✓ src/census/MemberBookingsCard.test.tsx (6 tests) 1125ms
clubs-admin:test:    ✓ E5-W05 step 4 · D10's «Classes» table names each class and its ring (E5-T29) (1)
clubs-admin:test:      ✓ E5-W05 step 4: each row reads the class's description and its ring (dot in the ring's colour and name), as E5-W03 step 3 asks 306ms
clubs-admin:test:    ✓ E5-W03 step 3 · D10 «Reserves» (S08 §2, S09 §2, R-08-19) (5)
clubs-admin:test:      ✓ E5-W03 round 2 · review #4: «Mostra'n més» pages through the member's class bookings, never asking for 1000 491ms
clubs-admin:test: Not implemented: navigation to another Document
clubs-admin:test: Not implemented: navigation to another Document
clubs-admin:test:  ✓ src/catalogs/PlansPage.test.tsx (2 tests) 549ms
clubs-admin:test:    ✓ E4-W16 step 8 (INC-28, S05 §12, §13-5): D8 «Nou preu» proposes the plan's tax, never a country constant (2)
clubs-admin:test:      ✓ proposes the current price's taxPercent — 0 at a club without VAT — and sends the value shown 376ms
clubs-admin:test:  ✓ src/catalogs/ParameterSettings.test.tsx (2 tests) 557ms
clubs-admin:test:    ✓ T-02-13 D11 parameter rows (2)
clubs-admin:test:      ✓ keeps module-less parameters that the core sends with module null 387ms
clubs-admin:test:  ✓ src/planning/ClassRegistrantsPanel.test.tsx (11 tests) 949ms
clubs-admin:test:  ✓ src/planning/TemplateDayPage.test.tsx (7 tests) 683ms
clubs-admin:test:    ✓ T-06-27 D3b day view per ring / per instructor (7)
clubs-admin:test:      ✓ shows only the rings used that day in catalog order, plus «Sense» when a class has no ring 323ms
clubs-admin:test:  ✓ src/messaging/NotificationLogPage.test.tsx (6 tests) 1037ms
clubs-admin:test:    ✓ E7-W01 step 7 «Avisos enviats» (S11 §2, R-11-10) (6)
clubs-admin:test:      ✓ lists the club's notifications newest first: date, code, category, recipient, one chip per delivery with its status, read 368ms
clubs-admin:test:  ✓ src/catalogs/ClubPagesCard.test.tsx (2 tests) 494ms
clubs-admin:test:    ✓ T-05-CP-07 club page editor (2)
clubs-admin:test:      ✓ warns about provisional text and confirms the next consent version before publishing 377ms
clubs-admin:test:  ✓ src/planning/description.test.ts (7 tests) 54ms
clubs-admin:test:  ✓ src/audit/list-exports.test.tsx (30 tests) 12994ms
clubs-admin:test:    ✓ T-14-26 R-14-12 E4-W07 D5 members «Excel · PDF» → Excel (4)
clubs-admin:test:      ✓ 200: saves the api's file byte for byte, with its Content-Type and the Content-Disposition name, and sends the list's parameters 640ms
clubs-admin:test:      ✓ 202: opens the exports drawer with the queued job and saves nothing 725ms
clubs-admin:test:      ✓ 422 EXPORT_LIMIT: shows the drawer's notice 758ms
clubs-admin:test:      ✓ 422 EXPORT_TOO_LARGE: shows errors:EXPORT_TOO_LARGE next to the button 712ms
clubs-admin:test:    ✓ T-14-26 R-14-12 E4-W07 D5 members «Exportar selecció» (4)
clubs-admin:test:      ✓ 200: saves the api's file byte for byte, with its Content-Type and the Content-Disposition name, and sends the list's parameters 702ms
clubs-admin:test:      ✓ 202: opens the exports drawer with the queued job and saves nothing 716ms
clubs-admin:test:      ✓ 422 EXPORT_LIMIT: shows the drawer's notice 631ms
clubs-admin:test:      ✓ 422 EXPORT_TOO_LARGE: shows errors:EXPORT_TOO_LARGE next to the button 563ms
clubs-admin:test:    ✓ T-14-26 R-14-12 E4-W07 D15 dogs «Excel · PDF» → PDF (4)
clubs-admin:test:      ✓ 200: saves the api's file byte for byte, with its Content-Type and the Content-Disposition name, and sends the list's parameters 521ms
clubs-admin:test:      ✓ 202: opens the exports drawer with the queued job and saves nothing 582ms
clubs-admin:test:      ✓ 422 EXPORT_LIMIT: shows the drawer's notice 458ms
clubs-admin:test:      ✓ 422 EXPORT_TOO_LARGE: shows errors:EXPORT_TOO_LARGE next to the button 393ms
clubs-admin:test:    ✓ T-14-26 R-14-12 E4-W07 member audit «Excel · PDF» → Excel (4)
clubs-admin:test:      ✓ 422 EXPORT_LIMIT: shows the drawer's notice 301ms
clubs-admin:test:    ✓ T-14-26 R-14-12 E4-W07 one export at a time (4)
clubs-admin:test:      ✓ R-03-24 «Exportar selecció» still exports the selected rows after a new search hides them 663ms
clubs-admin:test:    ✓ T-14-26 R-14-12 E4-W16 step 5 (INC-21): a queued export is downloaded from the drawer (2)
clubs-admin:test:      ✓ the READY row reads GET /exports/{id} and fetches the api's signed route with the bearer, saved byte for byte 1290ms
clubs-admin:test:      ✓ a signed S3 url opens as it is, and a failed download is shown inside the drawer 1275ms
clubs-admin:test:  ✓ src/census/CensusRecordPage.test.tsx (27 tests) 6376ms
clubs-admin:test:    ✓ T-03-39 D10 member record (3)
clubs-admin:test:      ✓ renders the approved badges, masked account, consent warning, dog rights, and WhatsApp URL 845ms
clubs-admin:test:      ✓ blocks and unblocks new bookings with the required reason 501ms
clubs-admin:test:      ✓ maps STALE_VERSION when another administrator edited the member 370ms
clubs-admin:test:    ✓ E7-W07 step 3 (E7-W06 review #4, A8; S14 §5, T-14-19): D10's changes of an erased member are final (8)
clubs-admin:test:      ✓ E7-W07 step 3 (S14 §5, T-14-19): «Edita» the member (PATCH /members/{id}) on a record read before the erasure, answered 409 MEMBER_ERASED, says the member was erased, offers no resend of the request and shows nothing saved 378ms
clubs-admin:test:      ✓ E7-W07 step 3 (S14 §5, T-14-19): «Pagament» › «Edita» (PATCH /members/{id}/payment-method) on a record read before the erasure, answered 409 MEMBER_ERASED, says the member was erased, offers no resend of the request and shows nothing saved 322ms
clubs-admin:test:    ✓ T-03-39 E4-W17 step 9 (AGENTS rule 1): D10's «Pagament» row names a cash member's method (1)
clubs-admin:test:      ✓ reads «Efectiu» in ca, «Efectivo» in es and «Cash» in en, never the raw MANUAL 347ms
clubs-admin:test:  ✓ src/instructor/week-agenda-rows.test.tsx (1 test) 371ms
clubs-admin:test:    ✓ T-10-29 E7-W06 step 5 (ruling E82, E6-W04 Q6): stable data attributes on D12's attendance rows (1)
clubs-admin:test:      ✓ E7-W06 step 5: each row carries its booking's id and the state its badge shows (data-booking-id, data-attendance-state), the api's, and a cycled badge changes it 367ms
clubs:test:  ✓ src/SignupPage.test.tsx (102 tests) 13186ms
clubs:test:    ✓ T-04-29 signup person and draft (7)
clubs:test:      ✓ persists a current draft, expires it after 24 hours and maps identity states 1050ms
clubs:test:      ✓ masks and validates the browser-independent birth date control 430ms
clubs:test:      ✓ M2 checks the ES postal code and a past birth date from 1900 before any request 583ms
clubs:test:      ✓ GENERIC profile: the first document type of the profile and an editable prefix 345ms
clubs:test:    ✓ T-04-30 signup dog, uploads, plans and module gates (5)
clubs:test:      ✓ uploads sequentially named vaccination pages and renders API plans 313ms
clubs:test:      ✓ validates and normalises the chip per country profile and the birth month 320ms
clubs:test:    ✓ T-04-32 signup payment, checkout and add-dog mode (12)
clubs:test:      ✓ reads the image-consent text from texts.imageConsent, then legal.imageConsentText 300ms
clubs:test:    ✓ E3-W08 step 7: the three narrow cases of the E3-W06 round-2 review (5)
clubs:test:      ✓ #1 a slow full page load: the departing page never renders nor consumes the destination's error 448ms
clubs-admin:test:  ✓ src/planning/CalendarDayPage.test.tsx (2 tests) 273ms
clubs-admin:test:  ✓ src/planning/calendar-shared.test.ts (8 tests) 59ms
clubs-admin:test:  ✓ src/in-progress-text.test.tsx (2 tests) 30ms
clubs-admin:test:  ✓ src/planning/calendar-literals.test.ts (2 tests) 28ms
clubs-admin:test:  ✓ src/census/MemberBillingBlock.test.tsx (3 tests) 362ms
clubs-admin:test:  ✓ src/planning/plain-dates.test.ts (9 tests) 15ms
clubs-admin:test:  ✓ src/catalogs/derived-settings.test.ts (2 tests) 3ms
clubs-admin:test:  ✓ src/census/dog-owners.test.ts (2 tests) 39ms
clubs-admin:test:  ✓ src/dashboard/SignupReviewPage.test.tsx (95 tests) 14109ms
clubs-admin:test:    ✓ T-04-33 D2 signup validation (22)
clubs-admin:test:      ✓ E4-W12 step 2: the edit drawer labels a passport «Passaport» too 366ms
clubs-admin:test:      ✓ requires explicit confirmation when a manual upfront payment is zero 314ms
clubs-admin:test:    ✓ E3-W07 step 1 · M12 each dog is saved with its own version (R-04-19) (3)
clubs-admin:test:      ✓ edits the member and the dog in one save: the dog PATCH carries the dog's version, not the member's 418ms
clubs-admin:test:      ✓ after a partial save (the member saved, the dog failed) reloads, shows the error in the drawer and retries only the dog 527ms
clubs-admin:test:    ✓ E3-W07 async drawer: nothing typed during a save is lost (1)
clubs-admin:test:      ✓ locks the fields while the save is in flight 357ms
clubs-admin:test:    ✓ E3-W07 step 3 · M14 both contacts and the full edit drawer (R-04-19, R-04-03) (4)
clubs-admin:test:      ✓ offers gender (three values), the notes, holderTaxId and the requested plan read-only 415ms
clubs-admin:test:      ✓ adds a dog document forwarding the signed upload headers, and removes one 567ms
clubs-admin:test:    ✓ E3-W07 step 4 · M15 the plan and family decisions (R-04-13, T-04-33) (4)
clubs-admin:test:      ✓ a NOT_FOUND_PENDING claim shows what the applicant typed and is resolved by attaching the holder's group 628ms
clubs:lint:
clubs:lint: /Users/jordib/dev/agilityhub/agilityhub-core-web/apps/clubs/src/App.tsx
clubs:lint:   1420:6  error  Use an `interface` instead of a `type`  @typescript-eslint/consistent-type-definitions
clubs:lint:
clubs:lint: ✖ 1 problem (1 error, 0 warnings)
clubs:lint:   1 error and 0 warnings potentially fixable with the `--fix` option.
clubs:lint:
clubs:test: Not implemented: navigation to another Document
clubs:lint:  ELIFECYCLE  Command failed with exit code 1.
clubs#lint:  ERROR  command (/Users/jordib/dev/agilityhub/agilityhub-core-web/apps/clubs) /Users/jordib/.nvm/versions/node/v24.15.0/bin/pnpm run lint exited (1)

 Tasks:    29 successful, 34 total
Cached:    18 cached, 34 total
  Time:    29.988s
Failed:    clubs#lint

 ERROR  run failed: command  exited (1)
