• turbo 2.10.12

   • Packages in scope: @agilityhub/api-client, @agilityhub/auth, @agilityhub/config, @agilityhub/course-core, @agilityhub/i18n, @agilityhub/shared-types, @agilityhub/ui, clubs, clubs-admin, id
   • Running lint, typecheck, test, build in 10 packages
   • Remote caching disabled

@agilityhub/auth:lint: cache bypass, force executing f4053950041e0287
@agilityhub/ui:test: cache bypass, force executing 1eb4e254fceae98d
@agilityhub/api-client:typecheck: cache bypass, force executing 8f11cb71789df29f
@agilityhub/ui:lint: cache bypass, force executing 29ee20b08119a016
@agilityhub/course-core:build: cache bypass, force executing 431d96cbc72fd83b
@agilityhub/config:typecheck: cache bypass, force executing 6860c83ceac65ae7
@agilityhub/config:lint: cache bypass, force executing 42ac5d636417f38d
@agilityhub/api-client:lint: cache bypass, force executing c13df93399d7ef55
id:lint: cache bypass, force executing f7faf03e54849b61
@agilityhub/api-client:test: cache bypass, force executing d8a1cf49ceabb752
@agilityhub/auth:lint: 
@agilityhub/auth:lint: > @agilityhub/auth@0.0.0 lint /Users/jordib/dev/agilityhub/agilityhub-core-web/packages/auth
@agilityhub/auth:lint: > eslint src --max-warnings 0 --config ../../eslint.config.mjs
@agilityhub/auth:lint: 
@agilityhub/api-client:typecheck: 
@agilityhub/api-client:typecheck: > @agilityhub/api-client@0.0.0 typecheck /Users/jordib/dev/agilityhub/agilityhub-core-web/packages/api-client
@agilityhub/api-client:typecheck: > tsc --noEmit
@agilityhub/api-client:typecheck: 
@agilityhub/ui:test: 
@agilityhub/ui:test: > @agilityhub/ui@0.0.0 test /Users/jordib/dev/agilityhub/agilityhub-core-web/packages/ui
@agilityhub/ui:test: > vitest run
@agilityhub/ui:test: 
@agilityhub/config:lint: 
@agilityhub/config:lint: > @agilityhub/config@0.0.0 lint /Users/jordib/dev/agilityhub/agilityhub-core-web/packages/config
@agilityhub/config:lint: > eslint . --max-warnings 0 --config ../../eslint.config.mjs
@agilityhub/config:lint: 
id:lint: 
id:lint: > id@0.0.0 lint /Users/jordib/dev/agilityhub/agilityhub-core-web/apps/id
id:lint: > eslint . --max-warnings 0 --config ../../eslint.config.mjs
id:lint: 
@agilityhub/ui:lint: 
@agilityhub/ui:lint: > @agilityhub/ui@0.0.0 lint /Users/jordib/dev/agilityhub/agilityhub-core-web/packages/ui
@agilityhub/ui:lint: > eslint src --max-warnings 0 --config ../../eslint.config.mjs
@agilityhub/ui:lint: 
@agilityhub/api-client:test: 
@agilityhub/api-client:test: > @agilityhub/api-client@0.0.0 test /Users/jordib/dev/agilityhub/agilityhub-core-web/packages/api-client
@agilityhub/api-client:test: > vitest run
@agilityhub/api-client:test: 
@agilityhub/config:typecheck: 
@agilityhub/config:typecheck: > @agilityhub/config@0.0.0 typecheck /Users/jordib/dev/agilityhub/agilityhub-core-web/packages/config
@agilityhub/config:typecheck: > node --check eslint.config.mjs && node --check prettier.config.mjs && node --check scripts/prepare-husky.mjs
@agilityhub/config:typecheck: 
@agilityhub/course-core:build: 
@agilityhub/course-core:build: > @agilityhub/course-core@0.0.1 build /Users/jordib/dev/agilityhub/agilityhub-core-web/packages/course-core
@agilityhub/course-core:build: > tsc -p tsconfig.build.json
@agilityhub/course-core:build: 
@agilityhub/api-client:lint: 
@agilityhub/api-client:lint: > @agilityhub/api-client@0.0.0 lint /Users/jordib/dev/agilityhub/agilityhub-core-web/packages/api-client
@agilityhub/api-client:lint: > eslint src --ignore-pattern src/generated/** --max-warnings 0 --config ../../eslint.config.mjs
@agilityhub/api-client:lint: 
@agilityhub/course-core:typecheck: cache bypass, force executing 671f426b6643ad21
@agilityhub/api-client:test: 
@agilityhub/api-client:test:  RUN  v5.0.0 /Users/jordib/dev/agilityhub/agilityhub-core-web/packages/api-client
@agilityhub/api-client:test: 
@agilityhub/ui:test: 
@agilityhub/ui:test:  RUN  v5.0.0 /Users/jordib/dev/agilityhub/agilityhub-core-web/packages/ui
@agilityhub/ui:test: 
@agilityhub/course-core:typecheck: 
@agilityhub/course-core:typecheck: > @agilityhub/course-core@0.0.1 typecheck /Users/jordib/dev/agilityhub/agilityhub-core-web/packages/course-core
@agilityhub/course-core:typecheck: > tsc --noEmit
@agilityhub/course-core:typecheck: 
@agilityhub/api-client:test:  ✓ src/club-pages.test.ts (1 test) 35ms
@agilityhub/api-client:test:  ✓ src/mocks/signup-handlers.test.ts (2 tests) 76ms
@agilityhub/api-client:test:  ✓ src/mocks/mock-worlds.budget.test.ts (13 tests) 347ms
@agilityhub/api-client:test:  ✓ src/mocks/activity-handlers.test.ts (12 tests) 386ms
@agilityhub/api-client:test:  ✓ src/index.test.ts (12 tests) 548ms
@agilityhub/shared-types:lint: cache bypass, force executing d383151fe730994b
@agilityhub/api-client:test:  ✓ src/mocks/fixtures.contract.test.ts (38 tests) 783ms
@agilityhub/api-client:test:  ✓ src/mocks/calendar-handlers.test.ts (6 tests) 744ms
@agilityhub/api-client:test:  ✓ src/mocks/day-grid-handlers.test.ts (11 tests) 1139ms
@agilityhub/api-client:test: 
@agilityhub/api-client:test:  Test Files  8 passed (8)
@agilityhub/api-client:test:       Tests  95 passed (95)
@agilityhub/api-client:test:    Start at  21:15:32
@agilityhub/api-client:test:    Duration  2.39s (import 40%, tests 30%, transform 30%)
@agilityhub/api-client:test: 
@agilityhub/api-client:test:   Transform  transforming modules took 4.01s · 30% of tracked time, re-done on every run
@agilityhub/api-client:test:              persist transforms across runs with fsModuleCache: true
@agilityhub/api-client:test:              learn more: https://vitest.dev/guide/improving-performance#caching-between-reruns
@agilityhub/api-client:test: 
@agilityhub/shared-types:lint: 
@agilityhub/shared-types:lint: > @agilityhub/shared-types@0.0.1 lint /Users/jordib/dev/agilityhub/agilityhub-core-web/packages/shared-types
@agilityhub/shared-types:lint: > eslint src tests --max-warnings 0 --config ../../eslint.config.mjs
@agilityhub/shared-types:lint: 
@agilityhub/ui:test:  ✓ src/universal-list.test.tsx (5 tests) 4ms
@agilityhub/ui:test:  ✓ src/branding.test.tsx (4 tests) 30ms
clubs:lint: cache bypass, force executing 76da82ef8a8b43a6
@agilityhub/ui:test:  ✓ src/limited-markdown.test.tsx (1 test) 115ms
@agilityhub/ui:test:  ✓ src/index.test.ts (2 tests) 3ms
@agilityhub/ui:test:  ✓ src/icons/Icon.test.tsx (1 test) 99ms
@agilityhub/ui:test:  ✓ src/schedule-grid.test.tsx (2 tests) 169ms
@agilityhub/ui:test:  ✓ src/day-grid.test.tsx (7 tests) 191ms
@agilityhub/ui:typecheck: cache bypass, force executing c00fe76f1e424939
@agilityhub/ui:test:  ✓ src/components.test.tsx (27 tests) 288ms
@agilityhub/ui:test:  ✓ src/rich-text.test.tsx (12 tests) 247ms
@agilityhub/ui:test: 
@agilityhub/ui:test:  Test Files  9 passed (9)
@agilityhub/ui:test:       Tests  61 passed (61)
@agilityhub/ui:test:    Start at  21:15:33
@agilityhub/ui:test:    Duration  2.66s (environment 76%, setup 12%, transform 6%, tests 6%, import 1%)
@agilityhub/ui:test: 
clubs:lint: 
clubs:lint: > clubs@0.0.0 lint /Users/jordib/dev/agilityhub/agilityhub-core-web/apps/clubs
clubs:lint: > eslint . --max-warnings 0 --config ../../eslint.config.mjs
clubs:lint: 
@agilityhub/i18n:lint: cache bypass, force executing 50c140c27b6ba00c
@agilityhub/course-core:lint: cache bypass, force executing ef70bf6c19ae37ee
@agilityhub/ui:typecheck: 
@agilityhub/ui:typecheck: > @agilityhub/ui@0.0.0 typecheck /Users/jordib/dev/agilityhub/agilityhub-core-web/packages/ui
@agilityhub/ui:typecheck: > tsc --noEmit
@agilityhub/ui:typecheck: 
@agilityhub/i18n:lint: 
@agilityhub/i18n:lint: > @agilityhub/i18n@0.0.0 lint /Users/jordib/dev/agilityhub/agilityhub-core-web/packages/i18n
@agilityhub/i18n:lint: > eslint src --max-warnings 0 --config ../../eslint.config.mjs
@agilityhub/i18n:lint: 
@agilityhub/course-core:lint: 
@agilityhub/course-core:lint: > @agilityhub/course-core@0.0.1 lint /Users/jordib/dev/agilityhub/agilityhub-core-web/packages/course-core
@agilityhub/course-core:lint: > eslint src tests --max-warnings 0 --config ../../eslint.config.mjs
@agilityhub/course-core:lint: 
@agilityhub/course-core:test: cache bypass, force executing 1c26edab867f42c5
@agilityhub/course-core:test: 
@agilityhub/course-core:test: > @agilityhub/course-core@0.0.1 test /Users/jordib/dev/agilityhub/agilityhub-core-web/packages/course-core
@agilityhub/course-core:test: > vitest run
@agilityhub/course-core:test: 
@agilityhub/course-core:test: 
@agilityhub/course-core:test:  RUN  v5.0.0 /Users/jordib/dev/agilityhub/agilityhub-core-web/packages/course-core
@agilityhub/course-core:test: 
@agilityhub/course-core:test:  ✓ tests/wrapper.test.ts (5 tests) 3ms
@agilityhub/course-core:test:  ✓ tests/geometry-primitives.test.ts (15 tests) 6ms
@agilityhub/course-core:test:  ✓ tests/apriltag-36h11.test.ts (31 tests) 31ms
@agilityhub/course-core:test:  ✓ tests/marker-id.test.ts (11 tests) 5ms
@agilityhub/course-core:test:  ✓ tests/geometry-transform.test.ts (6 tests) 5ms
@agilityhub/course-core:test:  ✓ tests/units.test.ts (5 tests) 3ms
@agilityhub/course-core:test:  ✓ tests/calibration.test.ts (9 tests) 4ms
@agilityhub/course-core:test:  ✓ tests/marker-svg.test.ts (29 tests) 11ms
@agilityhub/course-core:test:  ✓ tests/ring.test.ts (7 tests) 5ms
@agilityhub/course-core:test:  ✓ tests/coords.test.ts (5 tests) 3ms
@agilityhub/course-core:test:  ✓ tests/parse-smarter-colors-txt.test.ts (6 tests) 3ms
clubs-admin:lint: cache bypass, force executing 0783d5aa7508cfc2
@agilityhub/course-core:test:  ✓ tests/placement.test.ts (20 tests) 6ms
@agilityhub/course-core:test:  ✓ tests/summarize-course.test.ts (8 tests) 12ms
@agilityhub/course-core:test:  ✓ tests/smarter-writer.test.ts (8 tests) 11ms
@agilityhub/course-core:test:  ✓ tests/parse-smarter-txt.test.ts (113 tests) 19ms
@agilityhub/course-core:test:  ✓ tests/warnings-engine.test.ts (13 tests) 8ms
@agilityhub/course-core:test:  ✓ tests/warnings-rules.test.ts (26 tests) 17ms
@agilityhub/course-core:test:  ✓ tests/smarter-fixtures.test.ts (25 tests) 7ms
@agilityhub/course-core:test: 
@agilityhub/course-core:test:  Test Files  18 passed (18)
@agilityhub/course-core:test:       Tests  342 passed (342)
@agilityhub/course-core:test:    Start at  21:15:37
@agilityhub/course-core:test:    Duration  755ms (transform 81%, import 15%, tests 3%, worker 1%)
@agilityhub/course-core:test: 
@agilityhub/course-core:test:   Transform  transforming modules took 4.16s · 81% of tracked time, re-done on every run
@agilityhub/course-core:test:              persist transforms across runs with fsModuleCache: true
@agilityhub/course-core:test:              learn more: https://vitest.dev/guide/improving-performance#caching-between-reruns
@agilityhub/course-core:test: 
@agilityhub/shared-types:build: cache bypass, force executing d3d69457da5c20b5
clubs-admin:lint: 
clubs-admin:lint: > clubs-admin@0.0.0 lint /Users/jordib/dev/agilityhub/agilityhub-core-web/apps/clubs-admin
clubs-admin:lint: > eslint . --max-warnings 0 --config ../../eslint.config.mjs
clubs-admin:lint: 
@agilityhub/shared-types:build: 
@agilityhub/shared-types:build: > @agilityhub/shared-types@0.0.1 build /Users/jordib/dev/agilityhub/agilityhub-core-web/packages/shared-types
@agilityhub/shared-types:build: > tsc -p tsconfig.build.json
@agilityhub/shared-types:build: 
@agilityhub/shared-types:test: cache bypass, force executing 30c0e8b7888e66b3
@agilityhub/shared-types:test: 
@agilityhub/shared-types:test: > @agilityhub/shared-types@0.0.1 test /Users/jordib/dev/agilityhub/agilityhub-core-web/packages/shared-types
@agilityhub/shared-types:test: > vitest run
@agilityhub/shared-types:test: 
@agilityhub/shared-types:test: 
@agilityhub/shared-types:test:  RUN  v5.0.0 /Users/jordib/dev/agilityhub/agilityhub-core-web/packages/shared-types
@agilityhub/shared-types:test: 
@agilityhub/shared-types:typecheck: cache bypass, force executing c4a7a4d38f585971
@agilityhub/i18n:test: cache bypass, force executing 16fca0d5e8b78a68
@agilityhub/shared-types:typecheck: 
@agilityhub/shared-types:typecheck: > @agilityhub/shared-types@0.0.1 typecheck /Users/jordib/dev/agilityhub/agilityhub-core-web/packages/shared-types
@agilityhub/shared-types:typecheck: > tsc --noEmit
@agilityhub/shared-types:typecheck: 
@agilityhub/i18n:typecheck: cache bypass, force executing 9f08fe06bd0f073f
@agilityhub/shared-types:test:  ✓ tests/build-session-export.test.ts (21 tests) 26ms
@agilityhub/shared-types:test: 
@agilityhub/shared-types:test:  Test Files  1 passed (1)
@agilityhub/shared-types:test:       Tests  21 passed (21)
@agilityhub/shared-types:test:    Start at  21:15:39
@agilityhub/shared-types:test:    Duration  518ms (transform 75%, import 17%, tests 7%, worker 1%)
@agilityhub/shared-types:test: 
@agilityhub/i18n:test: 
@agilityhub/i18n:test: > @agilityhub/i18n@0.0.0 test /Users/jordib/dev/agilityhub/agilityhub-core-web/packages/i18n
@agilityhub/i18n:test: > vitest run
@agilityhub/i18n:test: 
id:build: cache bypass, force executing 58b5c9a9e64becd9
@agilityhub/i18n:typecheck: 
@agilityhub/i18n:typecheck: > @agilityhub/i18n@0.0.0 typecheck /Users/jordib/dev/agilityhub/agilityhub-core-web/packages/i18n
@agilityhub/i18n:typecheck: > tsc --noEmit
@agilityhub/i18n:typecheck: 
clubs-admin:build: cache bypass, force executing 68db16f94795f08e
id:build: 
id:build: > id@0.0.0 build /Users/jordib/dev/agilityhub/agilityhub-core-web/apps/id
id:build: > tsc --noEmit && vite build
id:build: 
@agilityhub/i18n:test: 
@agilityhub/i18n:test:  RUN  v5.0.0 /Users/jordib/dev/agilityhub/agilityhub-core-web/packages/i18n
@agilityhub/i18n:test: 
@agilityhub/i18n:test:  ✓ src/masking.test.ts (9 tests) 4ms
@agilityhub/i18n:test:  ✓ src/locale.test.ts (3 tests) 2ms
clubs-admin:build: 
clubs-admin:build: > clubs-admin@0.0.0 build /Users/jordib/dev/agilityhub/agilityhub-core-web/apps/clubs-admin
clubs-admin:build: > tsc --noEmit && vite build
clubs-admin:build: 
@agilityhub/i18n:test:  ✓ src/activities.test.ts (5 tests) 30ms
@agilityhub/i18n:test:  ✓ src/format.test.ts (31 tests) 28ms
@agilityhub/i18n:test:  ✓ src/index.test.ts (3 tests) 27ms
@agilityhub/i18n:test: 
@agilityhub/i18n:test:  Test Files  5 passed (5)
@agilityhub/i18n:test:       Tests  51 passed (51)
@agilityhub/i18n:test:    Start at  21:15:40
@agilityhub/i18n:test:    Duration  438ms (transform 68%, import 19%, tests 11%, worker 2%)
@agilityhub/i18n:test: 
clubs:build: cache bypass, force executing 5db71b76d3fe6ed9
clubs:build: 
clubs:build: > clubs@0.0.0 build /Users/jordib/dev/agilityhub/agilityhub-core-web/apps/clubs
clubs:build: > tsc --noEmit && vite build
clubs:build: 
@agilityhub/auth:typecheck: cache bypass, force executing 546a05729dd3ea30
@agilityhub/auth:test: cache bypass, force executing db4fe263b16b6cf3
@agilityhub/auth:typecheck: 
@agilityhub/auth:typecheck: > @agilityhub/auth@0.0.0 typecheck /Users/jordib/dev/agilityhub/agilityhub-core-web/packages/auth
@agilityhub/auth:typecheck: > tsc --noEmit
@agilityhub/auth:typecheck: 
@agilityhub/auth:test: 
@agilityhub/auth:test: > @agilityhub/auth@0.0.0 test /Users/jordib/dev/agilityhub/agilityhub-core-web/packages/auth
@agilityhub/auth:test: > vitest run
@agilityhub/auth:test: 
@agilityhub/auth:test: 
@agilityhub/auth:test:  RUN  v5.0.0 /Users/jordib/dev/agilityhub/agilityhub-core-web/packages/auth
@agilityhub/auth:test: 
@agilityhub/auth:test:  ✓ src/auth-client.test.ts (14 tests) 91ms
@agilityhub/auth:test:  ✓ src/session.test.tsx (3 tests) 155ms
@agilityhub/auth:test: 
@agilityhub/auth:test:  Test Files  2 passed (2)
@agilityhub/auth:test:       Tests  17 passed (17)
@agilityhub/auth:test:    Start at  21:15:43
@agilityhub/auth:test:    Duration  1.21s (environment 56%, import 17%, transform 14%, tests 13%)
@agilityhub/auth:test: 
id:build: vite v8.2.2 building client environment for production...
id:build: transforming...
id:build: ✓ 451 modules transformed.
id:build: rendering chunks...
id:build: computing gzip size...
id:build: dist/index.html                                           0.39 kB │ gzip:   0.27 kB
id:build: dist/assets/sprite-BOr1Ydze.svg                           5.78 kB │ gzip:   1.52 kB
id:build: dist/assets/montserrat-latin-600-normal-UVxSCcoG.woff2   18.68 kB
id:build: dist/assets/montserrat-latin-500-normal-DRFEGfly.woff2   18.74 kB
id:build: dist/assets/montserrat-latin-400-normal-BLhwKU8k.woff2   18.78 kB
id:build: dist/assets/montserrat-latin-700-normal-BdjcYUrC.woff2   18.82 kB
id:build: dist/assets/montserrat-latin-600-normal-CdhFl4lI.woff    20.54 kB
id:build: dist/assets/montserrat-latin-500-normal-Dok2oTci.woff    20.60 kB
id:build: dist/assets/montserrat-latin-400-normal-xItZbAXg.woff    20.64 kB
id:build: dist/assets/montserrat-latin-700-normal-BWkrl476.woff    20.67 kB
id:build: dist/assets/index-C0A_nFFf.css                           40.36 kB │ gzip:   7.83 kB
id:build: dist/assets/home-BJG5H_Az.js                              0.49 kB │ gzip:   0.32 kB
id:build: dist/assets/home-CzYjkoJZ.js                              0.53 kB │ gzip:   0.34 kB
id:build: dist/assets/home-0ruFF7Cs.js                              0.53 kB │ gzip:   0.34 kB
id:build: dist/assets/instructor-Dhedv5sg.js                        0.62 kB │ gzip:   0.35 kB
id:build: dist/assets/instructor-CjYt75g5.js                        0.65 kB │ gzip:   0.38 kB
id:build: dist/assets/instructor-DliXCRMK.js                        0.65 kB │ gzip:   0.38 kB
id:build: dist/assets/shell-5wrIZEiU.js                             1.34 kB │ gzip:   0.71 kB
id:build: dist/assets/shell-BPq7tYY0.js                             1.38 kB │ gzip:   0.79 kB
id:build: dist/assets/shell-Cc61Igy-.js                             1.41 kB │ gzip:   0.79 kB
id:build: dist/assets/admin-dashboard-CMKZRVii.js                   1.53 kB │ gzip:   0.80 kB
id:build: dist/assets/common-BPwvFsnQ.js                            1.55 kB │ gzip:   0.82 kB
id:build: dist/assets/admin-dashboard-Ap5_OABm.js                   1.61 kB │ gzip:   0.89 kB
id:build: dist/assets/activities-Cqrv-UGl.js                        1.61 kB │ gzip:   0.75 kB
id:build: dist/assets/common-DVY9MXrC.js                            1.64 kB │ gzip:   0.89 kB
id:build: dist/assets/admin-dashboard-CRFF2ut9.js                   1.66 kB │ gzip:   0.90 kB
id:build: dist/assets/common-Cbueg-A3.js                            1.68 kB │ gzip:   0.92 kB
id:build: dist/assets/activities-ZukiIS3N.js                        1.70 kB │ gzip:   0.84 kB
id:build: dist/assets/activities-D4sCSPEM.js                        1.71 kB │ gzip:   0.84 kB
id:build: dist/assets/enums-Dkdwi_pB.js                             1.89 kB │ gzip:   0.95 kB
id:build: dist/assets/enums-Cw_Eu72h.js                             1.94 kB │ gzip:   1.01 kB
id:build: dist/assets/enums-2Phj8-Df.js                             1.94 kB │ gzip:   1.01 kB
id:build: dist/assets/admin-audit-BZSQ9q1n.js                       2.88 kB │ gzip:   1.34 kB
id:build: dist/assets/id-cJQwgM2i.js                                2.89 kB │ gzip:   1.28 kB
id:build: dist/assets/id-Dio3OKNo.js                                3.04 kB │ gzip:   1.41 kB
id:build: dist/assets/id-Rnv2hXs4.js                                3.10 kB │ gzip:   1.42 kB
id:build: dist/assets/admin-audit-qNWjTa9T.js                       3.13 kB │ gzip:   1.49 kB
id:build: dist/assets/admin-audit-B9HrUHsS.js                       3.21 kB │ gzip:   1.51 kB
id:build: dist/assets/auth-B2g8lbGP.js                              4.30 kB │ gzip:   1.88 kB
id:build: dist/assets/auth-CPbUJNgL.js                              4.74 kB │ gzip:   2.09 kB
id:build: dist/assets/auth-DjeifVuz.js                              4.80 kB │ gzip:   2.09 kB
id:build: dist/assets/signup-eMaPvNNk.js                            5.09 kB │ gzip:   2.35 kB
id:build: dist/assets/admin-catalogs-DAQTDns9.js                    5.22 kB │ gzip:   1.95 kB
id:build: dist/assets/signup-D8va-3gE.js                            5.31 kB │ gzip:   2.60 kB
id:build: dist/assets/signup-hTFsmQy7.js                            5.41 kB │ gzip:   2.61 kB
id:build: dist/assets/admin-catalogs-Coe9B6Bf.js                    5.48 kB │ gzip:   2.16 kB
id:build: dist/assets/admin-catalogs-CvR4YWAF.js                    5.68 kB │ gzip:   2.19 kB
id:build: dist/assets/admin-activities-Bgo202BR.js                  5.93 kB │ gzip:   2.39 kB
id:build: dist/assets/census-2y4pkTWD.js                            5.96 kB │ gzip:   2.39 kB
id:build: dist/assets/admin-activities-CtjgXV19.js                  6.09 kB │ gzip:   2.59 kB
id:build: dist/assets/census-CfjHQ4Uz.js                            6.29 kB │ gzip:   2.64 kB
id:build: dist/assets/admin-activities-6JcP_7op.js                  6.29 kB │ gzip:   2.64 kB
id:build: dist/assets/census-C9vkPZEn.js                            6.47 kB │ gzip:   2.67 kB
id:build: dist/assets/admin-scheduling-CzXsS4mt.js                  7.53 kB │ gzip:   2.83 kB
id:build: dist/assets/admin-scheduling-DDQankpt.js                  7.89 kB │ gzip:   3.06 kB
id:build: dist/assets/admin-scheduling-Rj6gg9sd.js                  7.89 kB │ gzip:   3.07 kB
id:build: dist/assets/admin-census-B_rddRVa.js                      8.62 kB │ gzip:   3.40 kB
id:build: dist/assets/admin-census-YEF2LUsD.js                      9.08 kB │ gzip:   3.66 kB
id:build: dist/assets/admin-census-C4D2RM-O.js                      9.40 kB │ gzip:   3.74 kB
id:build: dist/assets/admin-settings-ed4raEOS.js                   17.01 kB │ gzip:   6.05 kB
id:build: dist/assets/admin-settings-DWM9_lDb.js                   18.15 kB │ gzip:   6.62 kB
id:build: dist/assets/admin-settings-D3Fbd__C.js                   18.51 kB │ gzip:   6.62 kB
id:build: dist/assets/errors-DTtOT7jL.js                           21.82 kB │ gzip:   7.10 kB
id:build: dist/assets/errors-DqWbzYut.js                           23.16 kB │ gzip:   7.51 kB
id:build: dist/assets/errors-DTSzpTgR.js                           23.16 kB │ gzip:   7.47 kB
id:build: dist/assets/index-C-C31OWZ.js                           321.28 kB │ gzip:  99.60 kB
id:build: dist/assets/browser-e8_PDo9C.js                         805.35 kB │ gzip: 355.68 kB
id:build: 
id:build: ✓ built in 264ms
id:build: [plugin builtin:vite-reporter] 
id:build: (!) Some chunks are larger than 500 kB after minification. Consider:
id:build: - Using dynamic import() to code-split the application
id:build: - Use build.rolldownOptions.output.codeSplitting to improve chunking: https://rolldown.rs/reference/OutputOptions.codeSplitting
id:build: - Adjust chunk size limit for this warning via build.chunkSizeWarningLimit.
clubs:typecheck: cache bypass, force executing b4684be71a3fdd9a
clubs:test: cache bypass, force executing 9b46310dc91c4c67
id:typecheck: cache bypass, force executing 7f30b48b42674b64
id:test: cache bypass, force executing a4deb17c8cb1f987
clubs-admin:test: cache bypass, force executing bd4a79fdaac58817
clubs-admin:typecheck: cache bypass, force executing 4bcd955e815ca184
id:test: 
id:test: > id@0.0.0 test /Users/jordib/dev/agilityhub/agilityhub-core-web/apps/id
id:test: > vitest run
id:test: 
id:typecheck: 
id:typecheck: > id@0.0.0 typecheck /Users/jordib/dev/agilityhub/agilityhub-core-web/apps/id
id:typecheck: > tsc --noEmit
id:typecheck: 
clubs-admin:typecheck: 
clubs-admin:typecheck: > clubs-admin@0.0.0 typecheck /Users/jordib/dev/agilityhub/agilityhub-core-web/apps/clubs-admin
clubs-admin:typecheck: > tsc --noEmit
clubs-admin:typecheck: 
clubs:test: 
clubs:test: > clubs@0.0.0 test /Users/jordib/dev/agilityhub/agilityhub-core-web/apps/clubs
clubs:test: > vitest run
clubs:test: 
clubs:typecheck: 
clubs:typecheck: > clubs@0.0.0 typecheck /Users/jordib/dev/agilityhub/agilityhub-core-web/apps/clubs
clubs:typecheck: > tsc --noEmit
clubs:typecheck: 
clubs-admin:test: 
clubs-admin:test: > clubs-admin@0.0.0 test /Users/jordib/dev/agilityhub/agilityhub-core-web/apps/clubs-admin
clubs-admin:test: > vitest run
clubs-admin:test: 
id:test: 
id:test:  RUN  v5.0.0 /Users/jordib/dev/agilityhub/agilityhub-core-web/apps/id
id:test: 
clubs-admin:test: 
clubs-admin:test:  RUN  v5.0.0 /Users/jordib/dev/agilityhub/agilityhub-core-web/apps/clubs-admin
clubs-admin:test: 
clubs:test: 
clubs:test:  RUN  v5.0.0 /Users/jordib/dev/agilityhub/agilityhub-core-web/apps/clubs
clubs:test: 
clubs:build: vite v8.2.2 building client environment for production...
clubs:build: transforming...
clubs:build: ✓ 466 modules transformed.
clubs:build: rendering chunks...
clubs:build: computing gzip size...
clubs:build: dist/registerSW.js                                        0.13 kB
clubs:build: dist/index.html                                           2.78 kB │ gzip:   0.97 kB
clubs:build: dist/assets/sprite-BOr1Ydze.svg                           5.78 kB │ gzip:   1.52 kB
clubs:build: dist/assets/montserrat-latin-600-normal-UVxSCcoG.woff2   18.68 kB
clubs:build: dist/assets/montserrat-latin-500-normal-DRFEGfly.woff2   18.74 kB
clubs:build: dist/assets/montserrat-latin-400-normal-BLhwKU8k.woff2   18.78 kB
clubs:build: dist/assets/montserrat-latin-700-normal-BdjcYUrC.woff2   18.82 kB
clubs:build: dist/assets/montserrat-latin-600-normal-CdhFl4lI.woff    20.54 kB
clubs:build: dist/assets/montserrat-latin-500-normal-Dok2oTci.woff    20.60 kB
clubs:build: dist/assets/montserrat-latin-400-normal-xItZbAXg.woff    20.64 kB
clubs:build: dist/assets/montserrat-latin-700-normal-BWkrl476.woff    20.67 kB
clubs:build: dist/assets/index-jHTIRJQo.css                           73.95 kB │ gzip:  12.49 kB
clubs:build: dist/assets/home-BJG5H_Az.js                              0.49 kB │ gzip:   0.32 kB
clubs:build: dist/assets/home-CzYjkoJZ.js                              0.53 kB │ gzip:   0.34 kB
clubs:build: dist/assets/home-0ruFF7Cs.js                              0.53 kB │ gzip:   0.34 kB
clubs:build: dist/assets/instructor-Dhedv5sg.js                        0.62 kB │ gzip:   0.35 kB
clubs:build: dist/assets/instructor-CjYt75g5.js                        0.65 kB │ gzip:   0.38 kB
clubs:build: dist/assets/instructor-DliXCRMK.js                        0.65 kB │ gzip:   0.38 kB
clubs:build: dist/assets/admin-dashboard-CMKZRVii.js                   1.53 kB │ gzip:   0.80 kB
clubs:build: dist/assets/admin-dashboard-Ap5_OABm.js                   1.61 kB │ gzip:   0.89 kB
clubs:build: dist/assets/activities-Cqrv-UGl.js                        1.61 kB │ gzip:   0.75 kB
clubs:build: dist/assets/admin-dashboard-CRFF2ut9.js                   1.66 kB │ gzip:   0.90 kB
clubs:build: dist/assets/activities-ZukiIS3N.js                        1.70 kB │ gzip:   0.84 kB
clubs:build: dist/assets/activities-D4sCSPEM.js                        1.71 kB │ gzip:   0.84 kB
clubs:build: dist/assets/enums-Dkdwi_pB.js                             1.89 kB │ gzip:   0.95 kB
clubs:build: dist/assets/enums-Cw_Eu72h.js                             1.94 kB │ gzip:   1.01 kB
clubs:build: dist/assets/enums-2Phj8-Df.js                             1.94 kB │ gzip:   1.01 kB
clubs:build: dist/assets/admin-audit-BZSQ9q1n.js                       2.88 kB │ gzip:   1.34 kB
clubs:build: dist/assets/id-cJQwgM2i.js                                2.89 kB │ gzip:   1.28 kB
clubs:build: dist/assets/id-Dio3OKNo.js                                3.04 kB │ gzip:   1.41 kB
clubs:build: dist/assets/id-Rnv2hXs4.js                                3.10 kB │ gzip:   1.42 kB
clubs:build: dist/assets/admin-audit-qNWjTa9T.js                       3.13 kB │ gzip:   1.49 kB
clubs:build: dist/assets/admin-audit-B9HrUHsS.js                       3.21 kB │ gzip:   1.51 kB
clubs:build: dist/assets/auth-B2g8lbGP.js                              4.30 kB │ gzip:   1.88 kB
clubs:build: dist/assets/auth-CPbUJNgL.js                              4.74 kB │ gzip:   2.09 kB
clubs:build: dist/assets/auth-DjeifVuz.js                              4.80 kB │ gzip:   2.09 kB
clubs:build: dist/assets/signup-eMaPvNNk.js                            5.09 kB │ gzip:   2.35 kB
clubs:build: dist/assets/admin-catalogs-DAQTDns9.js                    5.22 kB │ gzip:   1.95 kB
clubs:build: dist/assets/signup-D8va-3gE.js                            5.31 kB │ gzip:   2.60 kB
clubs:build: dist/assets/signup-hTFsmQy7.js                            5.41 kB │ gzip:   2.61 kB
clubs:build: dist/assets/admin-catalogs-Coe9B6Bf.js                    5.48 kB │ gzip:   2.16 kB
clubs:build: dist/assets/admin-catalogs-CvR4YWAF.js                    5.68 kB │ gzip:   2.19 kB
clubs:build: dist/assets/admin-activities-Bgo202BR.js                  5.93 kB │ gzip:   2.39 kB
clubs:build: dist/assets/census-2y4pkTWD.js                            5.96 kB │ gzip:   2.39 kB
clubs:build: dist/assets/admin-activities-CtjgXV19.js                  6.09 kB │ gzip:   2.59 kB
clubs:build: dist/assets/census-CfjHQ4Uz.js                            6.29 kB │ gzip:   2.64 kB
clubs:build: dist/assets/admin-activities-6JcP_7op.js                  6.29 kB │ gzip:   2.64 kB
clubs:build: dist/assets/census-C9vkPZEn.js                            6.47 kB │ gzip:   2.67 kB
clubs:build: dist/assets/admin-scheduling-CzXsS4mt.js                  7.53 kB │ gzip:   2.83 kB
clubs:build: dist/assets/admin-scheduling-DDQankpt.js                  7.89 kB │ gzip:   3.06 kB
clubs:build: dist/assets/admin-scheduling-Rj6gg9sd.js                  7.89 kB │ gzip:   3.07 kB
clubs:build: dist/assets/admin-census-B_rddRVa.js                      8.62 kB │ gzip:   3.40 kB
clubs:build: dist/assets/admin-census-YEF2LUsD.js                      9.08 kB │ gzip:   3.66 kB
clubs:build: dist/assets/admin-census-C4D2RM-O.js                      9.40 kB │ gzip:   3.74 kB
clubs:build: dist/assets/admin-settings-ed4raEOS.js                   17.01 kB │ gzip:   6.05 kB
clubs:build: dist/assets/admin-settings-DWM9_lDb.js                   18.15 kB │ gzip:   6.62 kB
clubs:build: dist/assets/admin-settings-D3Fbd__C.js                   18.51 kB │ gzip:   6.62 kB
clubs:build: dist/assets/errors-DTtOT7jL.js                           21.82 kB │ gzip:   7.10 kB
clubs:build: dist/assets/errors-DqWbzYut.js                           23.16 kB │ gzip:   7.51 kB
clubs:build: dist/assets/errors-DTSzpTgR.js                           23.16 kB │ gzip:   7.47 kB
clubs:build: dist/assets/index--EHkWIuY.js                           460.90 kB │ gzip: 137.37 kB
clubs:build: dist/assets/browser-e8_PDo9C.js                         805.35 kB │ gzip: 355.68 kB
clubs:build: 
clubs:build: [INEFFECTIVE_DYNAMIC_IMPORT] ../../packages/i18n/src/locales/ca/common.json is dynamically imported by ../../packages/i18n/src/resources.ts but also statically imported by ../../packages/i18n/src/catalog.ts, dynamic import will not move module into another chunk.
clubs:build: 
clubs:build: [plugin builtin:vite-reporter] 
clubs:build: (!) Some chunks are larger than 500 kB after minification. Consider:
clubs:build: - Using dynamic import() to code-split the application
clubs:build: - Use build.rolldownOptions.output.codeSplitting to improve chunking: https://rolldown.rs/reference/OutputOptions.codeSplitting
clubs:build: - Adjust chunk size limit for this warning via build.chunkSizeWarningLimit.
clubs:build: [INEFFECTIVE_DYNAMIC_IMPORT] ../../packages/i18n/src/locales/ca/shell.json is dynamically imported by ../../packages/i18n/src/resources.ts but also statically imported by ../../packages/i18n/src/catalog.ts, dynamic import will not move module into another chunk.
clubs:build: 
clubs:build: [INEFFECTIVE_DYNAMIC_IMPORT] ../../packages/i18n/src/locales/en/common.json is dynamically imported by ../../packages/i18n/src/resources.ts but also statically imported by ../../packages/i18n/src/catalog.ts, dynamic import will not move module into another chunk.
clubs:build: 
clubs:build: [INEFFECTIVE_DYNAMIC_IMPORT] ../../packages/i18n/src/locales/en/shell.json is dynamically imported by ../../packages/i18n/src/resources.ts but also statically imported by ../../packages/i18n/src/catalog.ts, dynamic import will not move module into another chunk.
clubs:build: 
clubs:build: [INEFFECTIVE_DYNAMIC_IMPORT] ../../packages/i18n/src/locales/es/common.json is dynamically imported by ../../packages/i18n/src/resources.ts but also statically imported by ../../packages/i18n/src/catalog.ts, dynamic import will not move module into another chunk.
clubs:build: 
clubs:build: [INEFFECTIVE_DYNAMIC_IMPORT] ../../packages/i18n/src/locales/es/shell.json is dynamically imported by ../../packages/i18n/src/resources.ts but also statically imported by ../../packages/i18n/src/catalog.ts, dynamic import will not move module into another chunk.
clubs:build: 
clubs:build: ✓ built in 796ms
clubs:test:  ✓ src/today/literals.test.ts (2 tests) 138ms
clubs-admin:test:  ✓ src/planning/plain-dates.test.ts (9 tests) 25ms
clubs-admin:test:  ✓ src/planning/calendar-literals.test.ts (2 tests) 94ms
clubs-admin:test:  ✓ src/planning/calendar-shared.test.ts (5 tests) 98ms
clubs-admin:test:  ✓ src/planning/description.test.ts (7 tests) 225ms
clubs:test: stderr | src/InfoPage.test.tsx > T-05-CP-07 screen 30 Info > shows FAQ, rules and other active pages only
clubs:test: [BrandingProvider] Club Agility Cànic: primary and onPrimary contrast (3.32:1) is below WCAG AA.
clubs:test: 
clubs:test: stderr | src/activities/activities.test.tsx > T-07-30 app: block «Activitats» of 04, detail, rows of 03 and 25 > draws the 04 block with the exact badges; the full row with waitlist stays tappable
clubs:test: [BrandingProvider] Club Agility Cànic: primary and onPrimary contrast (3.32:1) is below WCAG AA.
clubs:test: 
clubs:test: stderr | src/today/TodayPage.test.tsx > T-06-29 screen 10 «Classes del dia» > draws the mockup grid with identical ring columns, the date header and the week chips
clubs:test: [BrandingProvider] Club Agility Cànic: primary and onPrimary contrast (3.32:1) is below WCAG AA.
clubs:test: 
clubs:test: stderr | src/today/OverviewPage.test.tsx > T-06-29 screen 23 «Visió global» > shows n/n +e with the planned instructor, training names, the block and the cancelled class
clubs:test: [BrandingProvider] Club Agility Cànic: primary and onPrimary contrast (3.32:1) is below WCAG AA.
clubs:test: 
clubs:test: stderr | src/SignupPage.test.tsx > T-04-29 signup person and draft > persists a current draft, expires it after 24 hours and maps identity states
clubs:test: [BrandingProvider] Club Agility Cànic: primary and onPrimary contrast (3.32:1) is below WCAG AA.
clubs:test: 
clubs-admin:test: stderr | src/dashboard/DashboardPage.test.tsx > T-14-25 D1 dashboard > renders the server aggregate, all risk rows, pending signups, and accessible chart
clubs-admin:test: [BrandingProvider] Club Agility Cànic: primary and onPrimary contrast (3.32:1) is below WCAG AA.
clubs-admin:test: 
clubs-admin:test: stderr | src/planning/TemplateDayPage.test.tsx > T-06-27 D3b day view per ring / per instructor > shows only the rings used that day in catalog order, plus «Sense» when a class has no ring
clubs-admin:test: [BrandingProvider] Club Agility Cànic: primary and onPrimary contrast (3.32:1) is below WCAG AA.
clubs-admin:test: 
clubs-admin:test: stderr | src/census/CensusRecordPage.test.tsx > T-03-39 D10 member record > renders the approved badges, masked account, consent warning, dog rights, and WhatsApp URL
clubs-admin:test: [BrandingProvider] Club Agility Cànic: primary and onPrimary contrast (3.32:1) is below WCAG AA.
clubs-admin:test: 
clubs-admin:test: stderr | src/dashboard/SignupReviewPage.test.tsx > T-04-33 D2 signup validation > shows masked data, signed documents, consent warning, level, invoice, and Stripe payment
clubs-admin:test: [BrandingProvider] Club Agility Cànic: primary and onPrimary contrast (3.32:1) is below WCAG AA.
clubs-admin:test: 
clubs-admin:test: stderr | src/census/CensusListPage.test.tsx > T-03-38 D5 universal member list > renders applied filters and preserves selection when page size changes
clubs-admin:test: [BrandingProvider] Club Agility Cànic: primary and onPrimary contrast (3.32:1) is below WCAG AA.
clubs-admin:test: 
clubs:test: stderr | src/App.test.tsx > T-02-14 clubs shell > uses the compact mark with the runtime club name
clubs:test: [BrandingProvider] Club Agility Cànic: primary and onPrimary contrast (3.32:1) is below WCAG AA.
clubs:test: 
clubs-admin:test: stderr | src/planning/CalendarDayPage.test.tsx > T-06-28 D4 day view (/calendari/dia/:date, form D) > takes the api's «Sense» column as delivered and never adds its own
clubs-admin:test: [BrandingProvider] Club Agility Cànic: primary and onPrimary contrast (3.32:1) is below WCAG AA.
clubs-admin:test: 
clubs-admin:test: stderr | src/audit/AuditPage.test.tsx > T-14-26 member audit and exports > filters by action and opens the masked before/after change drawer
clubs-admin:test: [BrandingProvider] Club Agility Cànic: primary and onPrimary contrast (3.32:1) is below WCAG AA.
clubs-admin:test: 
clubs-admin:test: stderr | src/catalogs/ParameterSettings.test.tsx > T-02-13 D11 parameter rows > keeps module-less parameters that the core sends with module null
clubs-admin:test: [BrandingProvider] Club Agility Cànic: primary and onPrimary contrast (3.32:1) is below WCAG AA.
clubs-admin:test: 
clubs-admin:test: stderr | src/planning/TemplatesPage.test.tsx > T-06-26 D3 weekly templates > prefills band and day from an empty cell, fills the description by levels, keeps the manual text and asks for another class in the band
clubs-admin:test: [BrandingProvider] Club Agility Cànic: primary and onPrimary contrast (3.32:1) is below WCAG AA.
clubs-admin:test: 
clubs-admin:test: stderr | src/catalogs/ClubPagesCard.test.tsx > T-05-CP-07 club page editor > warns about provisional text and confirms the next consent version before publishing
clubs-admin:test: [BrandingProvider] Club Agility Cànic: primary and onPrimary contrast (3.32:1) is below WCAG AA.
clubs-admin:test: 
id:test:  ✓ src/App.test.tsx (9 tests) 987ms
id:test: 
id:test:  Test Files  1 passed (1)
id:test:       Tests  9 passed (9)
id:test:    Start at  21:15:45
id:test:    Duration  4.60s (environment 44%, tests 23%, transform 19%, setup 11%, import 2%, worker 1%)
id:test: 
clubs:test: stderr | src/InfoPage.test.tsx > T-05-CP-07 screen 30 Info > keeps Info available without the FAQ module and omits the FAQ tab
clubs:test: [BrandingProvider] Club Agility Cànic: primary and onPrimary contrast (3.32:1) is below WCAG AA.
clubs:test: 
clubs:test: stderr | src/activities/activities.test.tsx > T-07-30 app: block «Activitats» of 04, detail, rows of 03 and 25 > R-07-14 without WAITLIST the full activity is «Completa» and inert; an open one without maximum is «Obertes»
clubs:test: [BrandingProvider] Club Agility Cànic: primary and onPrimary contrast (3.32:1) is below WCAG AA.
clubs:test: 
clubs:test:  ✓ src/InfoPage.test.tsx (2 tests) 490ms
clubs:test:    ✓ T-05-CP-07 screen 30 Info (2)
clubs:test:      ✓ shows FAQ, rules and other active pages only 386ms
clubs:test: stderr | src/App.test.tsx > T-02-14 clubs shell > filters the six-tab mockup navigation by modules and roles
clubs:test: [BrandingProvider] Club Agility Cànic: primary and onPrimary contrast (3.32:1) is below WCAG AA.
clubs:test: 
clubs-admin:test: stderr | src/planning/CalendarPage.test.tsx > T-06-28 D4 / D4b / D4c class calendar (front half, MSW) > opens «Esborrany» on the first week with drafts, with the validation card and its count
clubs-admin:test: [BrandingProvider] Club Agility Cànic: primary and onPrimary contrast (3.32:1) is below WCAG AA.
clubs-admin:test: 
clubs:test: stderr | src/activities/activities.test.tsx > T-07-30 app: block «Activitats» of 04, detail, rows of 03 and 25 > R-07-14 without WAITLIST the full activity is «Completa» and inert; an open one without maximum is «Obertes»
clubs:test: [BrandingProvider] Club Agility Cànic: primary and onPrimary contrast (3.32:1) is below WCAG AA.
clubs:test: 
clubs:test: stderr | src/today/TodayPage.test.tsx > T-06-29 screen 10 «Classes del dia» > renders «Ocupada» + generic reason in grey without background and never a count
clubs:test: [BrandingProvider] Club Agility Cànic: primary and onPrimary contrast (3.32:1) is below WCAG AA.
clubs:test: 
clubs:test: stderr | src/today/OverviewPage.test.tsx > T-06-29 screen 23 «Visió global» > drops «+e» when the club has no WAITLIST module
clubs:test: [BrandingProvider] Club Agility Cànic: primary and onPrimary contrast (3.32:1) is below WCAG AA.
clubs:test: 
clubs:test: stderr | src/App.test.tsx > T-02-14 clubs shell > E4-W03 turns the «Avui» slot into «Visió global» for the instructor profile
clubs:test: [BrandingProvider] Club Agility Cànic: primary and onPrimary contrast (3.32:1) is below WCAG AA.
clubs:test: 
clubs-admin:test: stderr | src/dashboard/SignupReviewPage.test.tsx > T-04-33 D2 signup validation > shows the required next-invoice date from the proposed MONTHLY plan when the pending member has no plan yet
clubs-admin:test: [BrandingProvider] Club Agility Cànic: primary and onPrimary contrast (3.32:1) is below WCAG AA.
clubs-admin:test: 
clubs-admin:test: stderr | src/activities/ActivitiesPage.test.tsx > T-07-29 D7 activities (list, maintenance, publication, cancellation) > draws the four mockup rows with the R-07-13 dates, rings, registrations and state chips
clubs-admin:test: [BrandingProvider] Club Agility Cànic: primary and onPrimary contrast (3.32:1) is below WCAG AA.
clubs-admin:test: 
clubs-admin:test: stderr | src/dashboard/DashboardPage.test.tsx > T-14-25 D1 dashboard > hides nullable module blocks and refetches when the window regains focus
clubs-admin:test: [BrandingProvider] Club Agility Cànic: primary and onPrimary contrast (3.32:1) is below WCAG AA.
clubs-admin:test: 
clubs:test: stderr | src/activities/activities.test.tsx > T-07-30 app: block «Activitats» of 04, detail, rows of 03 and 25 > R-07-14 omits the block without ACTIVITIES
clubs:test: [BrandingProvider] Club Agility Cànic: primary and onPrimary contrast (3.32:1) is below WCAG AA.
clubs:test: 
clubs:test: stderr | src/App.test.tsx > T-02-14 clubs shell > omits Entrenaments when FREE_TRAINING is disabled
clubs:test: [BrandingProvider] Club Agility Cànic: primary and onPrimary contrast (3.32:1) is below WCAG AA.
clubs:test: 
clubs:test: stderr | src/activities/activities.test.tsx > T-07-30 app: block «Activitats» of 04, detail, rows of 03 and 25 > OPEN: [INSCRIU-M'HI] registers and then offers [ANUL·LA LA INSCRIPCIÓ]
clubs:test: [BrandingProvider] Club Agility Cànic: primary and onPrimary contrast (3.32:1) is below WCAG AA.
clubs:test: 
clubs:test: stderr | src/App.test.tsx > T-01-18 access screen > uses the exact access actions, focuses an empty email and gates signup
clubs:test: [BrandingProvider] Club Agility Cànic: primary and onPrimary contrast (3.32:1) is below WCAG AA.
clubs:test: 
clubs-admin:test: stderr | src/planning/TemplateDayPage.test.tsx > T-06-27 D3b day view per ring / per instructor > drops unused rings and the «Sense» column on a day without them
clubs-admin:test: [BrandingProvider] Club Agility Cànic: primary and onPrimary contrast (3.32:1) is below WCAG AA.
clubs-admin:test: 
clubs-admin:test: stderr | src/dashboard/DashboardPage.test.tsx > T-14-25 D1 dashboard > uses the same ICU day plural as D2 in the pending signups card
clubs-admin:test: [BrandingProvider] Club Agility Cànic: primary and onPrimary contrast (3.32:1) is below WCAG AA.
clubs-admin:test: 
clubs-admin:test:  ✓ src/catalogs/ParameterSettings.test.tsx (1 test) 584ms
clubs-admin:test:    ✓ T-02-13 D11 parameter rows (1)
clubs-admin:test:      ✓ keeps module-less parameters that the core sends with module null 580ms
clubs-admin:test: stderr | src/planning/CalendarDayPage.test.tsx > T-06-28 D4 day view (/calendari/dia/:date, form D) > shows exactly one «Sense» column for a ringless class of the stateful mock
clubs-admin:test: [BrandingProvider] Club Agility Cànic: primary and onPrimary contrast (3.32:1) is below WCAG AA.
clubs-admin:test: 
clubs:test: stderr | src/today/TodayPage.test.tsx > T-06-29 screen 10 «Classes del dia» > opens the risk balloon with the api riskText on tap and closes it on a second tap or elsewhere
clubs:test: [BrandingProvider] Club Agility Cànic: primary and onPrimary contrast (3.32:1) is below WCAG AA.
clubs:test: 
clubs-admin:test: stderr | src/dashboard/SignupReviewPage.test.tsx > T-04-33 D2 signup validation > shows the pending badge as an ICU plural for 0 days
clubs-admin:test: [BrandingProvider] Club Agility Cànic: primary and onPrimary contrast (3.32:1) is below WCAG AA.
clubs-admin:test: 
clubs-admin:test: stderr | src/census/CensusRecordPage.test.tsx > T-03-39 D10 member record > blocks and unblocks new bookings with the required reason
clubs-admin:test: [BrandingProvider] Club Agility Cànic: primary and onPrimary contrast (3.32:1) is below WCAG AA.
clubs-admin:test: 
clubs:test: stderr | src/today/OverviewPage.test.tsx > T-06-29 screen 23 «Visió global» > opens the class drawer with the instructor projection of the tapped class
clubs:test: [BrandingProvider] Club Agility Cànic: primary and onPrimary contrast (3.32:1) is below WCAG AA.
clubs:test: 
clubs-admin:test: stderr | src/App.test.tsx > T-02-14 clubs-admin shell > uses the compact mark with the runtime club name
clubs-admin:test: [BrandingProvider] Club Agility Cànic: primary and onPrimary contrast (3.32:1) is below WCAG AA.
clubs-admin:test: 
clubs-admin:test:  ✓ src/dashboard/DashboardPage.test.tsx (3 tests) 782ms
clubs-admin:test:    ✓ T-14-25 D1 dashboard (3)
clubs-admin:test:      ✓ renders the server aggregate, all risk rows, pending signups, and accessible chart 603ms
clubs-admin:test: stderr | src/dashboard/SignupReviewPage.test.tsx > T-04-33 D2 signup validation > shows the pending badge as an ICU plural for 1 days
clubs-admin:test: [BrandingProvider] Club Agility Cànic: primary and onPrimary contrast (3.32:1) is below WCAG AA.
clubs-admin:test: 
clubs-admin:test: stderr | src/catalogs/ClubPagesCard.test.tsx > T-05-CP-07 club page editor > maps STALE_VERSION to the page-specific reload message
clubs-admin:test: [BrandingProvider] Club Agility Cànic: primary and onPrimary contrast (3.32:1) is below WCAG AA.
clubs-admin:test: 
clubs-admin:test: stderr | src/planning/TemplateDayPage.test.tsx > T-06-27 D3b day view per ring / per instructor > switches to one column per instructor with a class that day
clubs-admin:test: [BrandingProvider] Club Agility Cànic: primary and onPrimary contrast (3.32:1) is below WCAG AA.
clubs-admin:test: 
clubs:test: stderr | src/activities/activities.test.tsx > T-07-30 app: block «Activitats» of 04, detail, rows of 03 and 25 > FULL_WAITLIST: the waitlist dialog → toast «Ets a la llista d'espera» → [SURT DE LA LLISTA D'ESPERA]
clubs:test: [BrandingProvider] Club Agility Cànic: primary and onPrimary contrast (3.32:1) is below WCAG AA.
clubs:test: 
clubs:test: stderr | src/App.test.tsx > T-01-18 access screen > uses the exact access actions, focuses an empty email and gates signup
clubs:test: [BrandingProvider] Club Mínim: primary and onPrimary contrast (3.32:1) is below WCAG AA.
clubs:test: 
clubs-admin:test:  ✓ src/planning/CalendarDayPage.test.tsx (2 tests) 838ms
clubs-admin:test:    ✓ T-06-28 D4 day view (/calendari/dia/:date, form D) (2)
clubs-admin:test:      ✓ takes the api's «Sense» column as delivered and never adds its own 554ms
clubs:test: stderr | src/SignupPage.test.tsx > T-04-29 signup person and draft > persists a current draft, expires it after 24 hours and maps identity states
clubs:test: [BrandingProvider] Club Agility Cànic: primary and onPrimary contrast (3.32:1) is below WCAG AA.
clubs:test: 
clubs-admin:test: stderr | src/dashboard/SignupReviewPage.test.tsx > T-04-33 D2 signup validation > shows the pending badge as an ICU plural for 5 days
clubs-admin:test: [BrandingProvider] Club Agility Cànic: primary and onPrimary contrast (3.32:1) is below WCAG AA.
clubs-admin:test: 
clubs:test: stderr | src/App.test.tsx > T-01-18 access screen > shows the Retry-After countdown and disables requests
clubs:test: [BrandingProvider] Club Agility Cànic: primary and onPrimary contrast (3.32:1) is below WCAG AA.
clubs:test: 
clubs:test: stderr | src/SignupPage.test.tsx > T-04-29 signup person and draft > persists a current draft, expires it after 24 hours and maps identity states
clubs:test: [BrandingProvider] Club Agility Cànic: primary and onPrimary contrast (3.32:1) is below WCAG AA.
clubs:test: 
clubs-admin:test: stderr | src/App.test.tsx > T-02-14 clubs-admin shell > hides the Configuració group from instructors
clubs-admin:test: [BrandingProvider] Club Agility Cànic: primary and onPrimary contrast (3.32:1) is below WCAG AA.
clubs-admin:test: 
clubs:test: stderr | src/today/TodayPage.test.tsx > T-06-29 screen 10 «Classes del dia» > uses the club's today (Europe/Madrid) whatever the device time zone
clubs:test: [BrandingProvider] Club Agility Cànic: primary and onPrimary contrast (3.32:1) is below WCAG AA.
clubs:test: 
clubs-admin:test: stderr | src/dashboard/SignupReviewPage.test.tsx > T-04-33 D2 signup validation > tolerates null optional fields (INC-08) and never sends null back
clubs-admin:test: [BrandingProvider] Club Agility Cànic: primary and onPrimary contrast (3.32:1) is below WCAG AA.
clubs-admin:test: 
clubs-admin:test:  ✓ src/catalogs/ClubPagesCard.test.tsx (2 tests) 994ms
clubs-admin:test:    ✓ T-05-CP-07 club page editor (2)
clubs-admin:test:      ✓ warns about provisional text and confirms the next consent version before publishing 740ms
clubs-admin:test: stderr | src/audit/AuditPage.test.tsx > T-14-26 member audit and exports > opens the exports drawer for a queued job and exposes its READY download
clubs-admin:test: [BrandingProvider] Club Agility Cànic: primary and onPrimary contrast (3.32:1) is below WCAG AA.
clubs-admin:test: 
clubs:test: stderr | src/App.test.tsx > T-01-19 activation screen > renders gender-aware, reset and invalid-link variants
clubs:test: [BrandingProvider] Club Agility Cànic: primary and onPrimary contrast (3.32:1) is below WCAG AA.
clubs:test: 
clubs:test: stderr | src/SignupPage.test.tsx > T-04-29 signup person and draft > keeps the draft and refetches localized configuration after a language change
clubs:test: [BrandingProvider] Club Agility Cànic: primary and onPrimary contrast (3.32:1) is below WCAG AA.
clubs:test: 
clubs:test: stderr | src/today/OverviewPage.test.tsx > T-06-29 screen 23 «Visió global» > opens the block drawer and cancels the block (POST /ring-blocks/{id}/cancellation)
clubs:test: [BrandingProvider] Club Agility Cànic: primary and onPrimary contrast (3.32:1) is below WCAG AA.
clubs:test: 
clubs-admin:test: stderr | src/App.test.tsx > T-02-14 clubs-admin shell > T-06-26 shows «Plantilla setmanal» to instructors (read-only D3, S06 §13-10)
clubs-admin:test: [BrandingProvider] Club Agility Cànic: primary and onPrimary contrast (3.32:1) is below WCAG AA.
clubs-admin:test: 
clubs-admin:test: stderr | src/planning/TemplateDayPage.test.tsx > T-06-27 D3b day view per ring / per instructor > moves between days and goes back to the weekly view of the same template
clubs-admin:test: [BrandingProvider] Club Agility Cànic: primary and onPrimary contrast (3.32:1) is below WCAG AA.
clubs-admin:test: 
clubs:test: stderr | src/today/TodayPage.test.tsx > T-06-29 screen 10 «Classes del dia» > never shows a count in the member view even when a cell carries occupancy
clubs:test: [BrandingProvider] Club Agility Cànic: primary and onPrimary contrast (3.32:1) is below WCAG AA.
clubs:test: 
clubs:test: stderr | src/activities/activities.test.tsx > T-07-30 app: block «Activitats» of 04, detail, rows of 03 and 25 > R-07-08 an ACTIVITY_FULL answer with waitlistAvailable opens the waitlist dialog
clubs:test: [BrandingProvider] Club Agility Cànic: primary and onPrimary contrast (3.32:1) is below WCAG AA.
clubs:test: 
clubs:test: stderr | src/App.test.tsx > T-01-19 activation screen > renders gender-aware, reset and invalid-link variants
clubs:test: [BrandingProvider] Club Agility Cànic: primary and onPrimary contrast (3.32:1) is below WCAG AA.
clubs:test: 
clubs-admin:test: stderr | src/App.test.tsx > T-02-14 clubs-admin shell > T-06-28 shows «Calendari de classes» to instructors (read-only D4, A22 c)
clubs-admin:test: [BrandingProvider] Club Agility Cànic: primary and onPrimary contrast (3.32:1) is below WCAG AA.
clubs-admin:test: 
clubs-admin:test: stderr | src/dashboard/SignupReviewPage.test.tsx > T-04-33 D2 signup validation > validates a signup with a null payment method, upfront and family claim without sending null
clubs-admin:test: [BrandingProvider] Club Agility Cànic: primary and onPrimary contrast (3.32:1) is below WCAG AA.
clubs-admin:test: 
clubs:test: stderr | src/App.test.tsx > T-01-19 activation screen > renders gender-aware, reset and invalid-link variants
clubs:test: [BrandingProvider] Club Agility Cànic: primary and onPrimary contrast (3.32:1) is below WCAG AA.
clubs:test: 
clubs-admin:test: stderr | src/App.test.tsx > T-02-14 clubs-admin shell > shows the fixed sidebar groups to administrators
clubs-admin:test: [BrandingProvider] Club Agility Cànic: primary and onPrimary contrast (3.32:1) is below WCAG AA.
clubs-admin:test: 
clubs:test: stderr | src/activities/activities.test.tsx > T-07-30 app: block «Activitats» of 04, detail, rows of 03 and 25 > registered: [ANUL·LA LA INSCRIPCIÓ] with confirmation; after the start, the contact text
clubs:test: [BrandingProvider] Club Agility Cànic: primary and onPrimary contrast (3.32:1) is below WCAG AA.
clubs:test: 
clubs:build: 
clubs:build: PWA v1.3.0
clubs:build: mode      generateSW
clubs:build: precache  54 entries (1607.02 KiB)
clubs:build: files generated
clubs:build:   dist/sw.js
clubs:build:   dist/workbox-9c191d2f.js
clubs-admin:test: stderr | src/census/CensusRecordPage.test.tsx > T-03-39 D10 member record > maps STALE_VERSION when another administrator edited the member
clubs-admin:test: [BrandingProvider] Club Agility Cànic: primary and onPrimary contrast (3.32:1) is below WCAG AA.
clubs-admin:test: 
clubs-admin:test: stderr | src/activities/ActivitiesPage.test.tsx > T-07-29 D7 activities (list, maintenance, publication, cancellation) > «Nova activitat» creates a draft with title and type and opens its maintenance
clubs-admin:test: [BrandingProvider] Club Agility Cànic: primary and onPrimary contrast (3.32:1) is below WCAG AA.
clubs-admin:test: 
clubs:test: stderr | src/SignupPage.test.tsx > T-04-29 signup person and draft > masks and validates the browser-independent birth date control
clubs:test: [BrandingProvider] Club Agility Cànic: primary and onPrimary contrast (3.32:1) is below WCAG AA.
clubs:test: 
clubs:test: stderr | src/App.test.tsx > T-01-19 activation screen > renders gender-aware, reset and invalid-link variants
clubs:test: [BrandingProvider] Club Agility Cànic: primary and onPrimary contrast (3.32:1) is below WCAG AA.
clubs:test: 
clubs-admin:test:  ✓ src/catalogs/derived-settings.test.ts (2 tests) 3ms
clubs-admin:test: stderr | src/App.test.tsx > T-01-18 clubs-admin access > offers magic-link and password entry with the shared auth components
clubs-admin:test: [BrandingProvider] Club Agility Cànic: primary and onPrimary contrast (3.32:1) is below WCAG AA.
clubs-admin:test: 
clubs:test: stderr | src/today/TodayPage.test.tsx > T-06-29 screen 10 «Classes del dia» > moves by chips and arrows (Sunday only by the arrows) and keeps ?date in the address
clubs:test: [BrandingProvider] Club Agility Cànic: primary and onPrimary contrast (3.32:1) is below WCAG AA.
clubs:test: 
clubs:test: stderr | src/App.test.tsx > T-01-19 activation screen > renders gender-aware, reset and invalid-link variants
clubs:test: [BrandingProvider] Club Agility Cànic: primary and onPrimary contrast (3.32:1) is below WCAG AA.
clubs:test: 
clubs-admin:test: stderr | src/planning/TemplateDayPage.test.tsx > T-06-27 D3b day view per ring / per instructor > rewrites an unsupported day in the URL to the template's first day
clubs-admin:test: [BrandingProvider] Club Agility Cànic: primary and onPrimary contrast (3.32:1) is below WCAG AA.
clubs-admin:test: 
clubs-admin:test: stderr | src/dashboard/SignupReviewPage.test.tsx > T-04-33 D2 signup validation > shows signup warnings as compact header badges
clubs-admin:test: [BrandingProvider] Club Agility Cànic: primary and onPrimary contrast (3.32:1) is below WCAG AA.
clubs-admin:test: 
clubs:test: stderr | src/App.test.tsx > T-01-20 profile choice > shows cards for every available role and sends the remember choice
clubs:test: [BrandingProvider] Club Agility Cànic: primary and onPrimary contrast (3.32:1) is below WCAG AA.
clubs:test: 
clubs:test: stderr | src/activities/activities.test.tsx > T-07-30 app: block «Activitats» of 04, detail, rows of 03 and 25 > registered: [ANUL·LA LA INSCRIPCIÓ] with confirmation; after the start, the contact text
clubs:test: [BrandingProvider] Club Agility Cànic: primary and onPrimary contrast (3.32:1) is below WCAG AA.
clubs:test: 
clubs-admin:test: stderr | src/dashboard/SignupReviewPage.test.tsx > T-04-33 D2 signup validation > edits pending data, requires a rejection reason, and validates through the server
clubs-admin:test: [BrandingProvider] Club Agility Cànic: primary and onPrimary contrast (3.32:1) is below WCAG AA.
clubs-admin:test: 
clubs-admin:test: stderr | src/App.test.tsx > T-01-20 clubs-admin handoff > exchanges the one-time handoff code on the landing route
clubs-admin:test: [BrandingProvider] Club Agility Cànic: primary and onPrimary contrast (3.32:1) is below WCAG AA.
clubs-admin:test: 
clubs:test: stderr | src/activities/activities.test.tsx > T-07-30 app: block «Activitats» of 04, detail, rows of 03 and 25 > an activity that is not visible shows «No disponible»
clubs:test: [BrandingProvider] Club Agility Cànic: primary and onPrimary contrast (3.32:1) is below WCAG AA.
clubs:test: 
clubs-admin:test: stderr | src/planning/TemplateDayPage.test.tsx > T-06-27 D3b day view per ring / per instructor > rewrites an unknown day in the URL to the template's first day
clubs-admin:test: [BrandingProvider] Club Agility Cànic: primary and onPrimary contrast (3.32:1) is below WCAG AA.
clubs-admin:test: 
clubs:test: stderr | src/today/OverviewPage.test.tsx > T-06-29 screen 23 «Visió global» > maps 409 INVALID_STATE and 422 RING_BLOCK_MANAGED_BY_ACTIVITY on the block cancellation
clubs:test: [BrandingProvider] Club Agility Cànic: primary and onPrimary contrast (3.32:1) is below WCAG AA.
clubs:test: 
clubs-admin:test: stderr | src/App.test.tsx > T-01-26 clubs-admin onboarding > shows profile completion as a non-dismissible backoffice modal
clubs-admin:test: [BrandingProvider] Club Agility Cànic: primary and onPrimary contrast (3.32:1) is below WCAG AA.
clubs-admin:test: 
clubs:test: stderr | src/App.test.tsx > T-01-21 profile access rows and impersonation > renders the mockup rows in order without account sessions or backoffice handoff
clubs:test: [BrandingProvider] Club Agility Cànic: primary and onPrimary contrast (3.32:1) is below WCAG AA.
clubs:test: 
clubs-admin:test: stderr | src/census/CensusListPage.test.tsx > T-03-38 D5 universal member list > toggles visible columns and synchronizes the ordered fields to the URL
clubs-admin:test: [BrandingProvider] Club Agility Cànic: primary and onPrimary contrast (3.32:1) is below WCAG AA.
clubs-admin:test: 
clubs:test: stderr | src/activities/activities.test.tsx > T-07-30 app: block «Activitats» of 04, detail, rows of 03 and 25 > 03: «Torneig d'Estiu 2026 · inscrita · Divendres 7 · 18:30–20:30 · totes les pistes», never a dog
clubs:test: [BrandingProvider] Club Agility Cànic: primary and onPrimary contrast (3.32:1) is below WCAG AA.
clubs:test: 
clubs-admin:test: stderr | src/census/CensusRecordPage.test.tsx > T-03-38 dog record > shows the complete dog record and changes level without a booking warning
clubs-admin:test: [BrandingProvider] Club Agility Cànic: primary and onPrimary contrast (3.32:1) is below WCAG AA.
clubs-admin:test: 
clubs:test: stderr | src/activities/activities.test.tsx > T-07-30 app: block «Activitats» of 04, detail, rows of 03 and 25 > 03: a start-only activity (api end = next day T00:00) reads «9:00» and stays until midnight
clubs:test: [BrandingProvider] Club Agility Cànic: primary and onPrimary contrast (3.32:1) is below WCAG AA.
clubs:test: 
clubs-admin:test: stderr | src/activities/ActivitiesPage.test.tsx > T-07-29 D7 activities (list, maintenance, publication, cancellation) > «Nova activitat» creates a draft with title and type and opens its maintenance
clubs-admin:test: [BrandingProvider] Club Agility Cànic: primary and onPrimary contrast (3.32:1) is below WCAG AA.
clubs-admin:test: 
clubs:test: stderr | src/today/TodayPage.test.tsx > T-06-29 screen 10 «Classes del dia» > shows the api «Sense» column as delivered and the activity cell
clubs:test: [BrandingProvider] Club Agility Cànic: primary and onPrimary contrast (3.32:1) is below WCAG AA.
clubs:test: 
clubs:test: stderr | src/SignupPage.test.tsx > T-04-29 signup person and draft > M2 checks the ES postal code and a past birth date from 1900 before any request
clubs:test: [BrandingProvider] Club Agility Cànic: primary and onPrimary contrast (3.32:1) is below WCAG AA.
clubs:test: 
clubs-admin:test: stderr | src/planning/TemplateDayPage.test.tsx > T-06-27 D3b day view per ring / per instructor > shows the Saturday template with its single day
clubs-admin:test: [BrandingProvider] Club Agility Cànic: primary and onPrimary contrast (3.32:1) is below WCAG AA.
clubs-admin:test: 
clubs:test: stderr | src/activities/activities.test.tsx > T-07-30 app: block «Activitats» of 04, detail, rows of 03 and 25 > 03: never shows a dog, even when the data carries one
clubs:test: [BrandingProvider] Club Agility Cànic: primary and onPrimary contrast (3.32:1) is below WCAG AA.
clubs:test: 
clubs-admin:test: stderr | src/App.test.tsx > T-01-26 clubs-admin onboarding > removes the postpone action when the policy limit is exhausted
clubs-admin:test: [BrandingProvider] Club Agility Cànic: primary and onPrimary contrast (3.32:1) is below WCAG AA.
clubs-admin:test: 
clubs:test: stderr | src/activities/activities.test.tsx > T-07-30 app: block «Activitats» of 04, detail, rows of 03 and 25 > R-07-11 omits the block with an empty bookable[] and draws a NOT_BOOKABLE row inert
clubs:test: [BrandingProvider] Club Agility Cànic: primary and onPrimary contrast (3.32:1) is below WCAG AA.
clubs:test: 
clubs:test: stderr | src/activities/activities.test.tsx > T-07-30 app: block «Activitats» of 04, detail, rows of 03 and 25 > R-07-11 omits the block with an empty bookable[] and draws a NOT_BOOKABLE row inert
clubs:test: [BrandingProvider] Club Agility Cànic: primary and onPrimary contrast (3.32:1) is below WCAG AA.
clubs:test: 
clubs:test: stderr | src/activities/activities.test.tsx > T-07-30 app: block «Activitats» of 04, detail, rows of 03 and 25 > R-07-14 a failed block shows the error with a retry; only MODULE_DISABLED hides it
clubs:test: [BrandingProvider] Club Agility Cànic: primary and onPrimary contrast (3.32:1) is below WCAG AA.
clubs:test: 
clubs-admin:test:  ✓ src/App.test.tsx (10 tests) 1000ms
clubs:test: stderr | src/today/TodayPage.test.tsx > T-06-29 screen 10 «Classes del dia» > never adds a «Sense» column of its own when the api does not send one
clubs:test: [BrandingProvider] Club Agility Cànic: primary and onPrimary contrast (3.32:1) is below WCAG AA.
clubs:test: 
clubs:test: stderr | src/App.test.tsx > T-01-21 profile access rows and impersonation > keeps the impersonation banner visible from /me
clubs:test: [BrandingProvider] Club Agility Cànic: primary and onPrimary contrast (3.32:1) is below WCAG AA.
clubs:test: 
clubs:test: stderr | src/today/OverviewPage.test.tsx > T-06-29 screen 23 «Visió global» > answers 403 to a member asking for the instructor view
clubs:test: [BrandingProvider] Club Agility Cànic: primary and onPrimary contrast (3.32:1) is below WCAG AA.
clubs:test: 
clubs-admin:test:  ✓ src/planning/TemplateDayPage.test.tsx (7 tests) 1628ms
clubs-admin:test:    ✓ T-06-27 D3b day view per ring / per instructor (7)
clubs-admin:test:      ✓ shows only the rings used that day in catalog order, plus «Sense» when a class has no ring 606ms
clubs-admin:test:      ✓ switches to one column per instructor with a class that day 305ms
clubs:test: stderr | src/activities/activities.test.tsx > T-07-30 app: block «Activitats» of 04, detail, rows of 03 and 25 > R-07-14 a failed block shows the error with a retry; only MODULE_DISABLED hides it
clubs:test: [BrandingProvider] Club Agility Cànic: primary and onPrimary contrast (3.32:1) is below WCAG AA.
clubs:test: 
clubs:test:  ✓ src/today/OverviewPage.test.tsx (6 tests) 1772ms
clubs:test:    ✓ T-06-29 screen 23 «Visió global» (6)
clubs:test:      ✓ shows n/n +e with the planned instructor, training names, the block and the cancelled class 525ms
clubs:test:      ✓ opens the class drawer with the instructor projection of the tapped class 345ms
clubs:test: stderr | src/activities/activities.test.tsx > T-07-30 app: block «Activitats» of 04, detail, rows of 03 and 25 > R-07-08 ACTIVITY_FULL without a waitlist shows «Completa», no dialog
clubs:test: [BrandingProvider] Club Agility Cànic: primary and onPrimary contrast (3.32:1) is below WCAG AA.
clubs:test: 
clubs:test: stderr | src/App.test.tsx > T-01-26 imported-account onboarding and policy re-consent > renders configured fields and sends consent, profile data and image choice
clubs:test: [BrandingProvider] Club Agility Cànic: primary and onPrimary contrast (3.32:1) is below WCAG AA.
clubs:test: 
clubs:test: stderr | src/today/TodayPage.test.tsx > T-06-29 screen 10 «Classes del dia» > falls back to the club-local today and rewrites the address for ?date=2026-13-01
clubs:test: [BrandingProvider] Club Agility Cànic: primary and onPrimary contrast (3.32:1) is below WCAG AA.
clubs:test: 
clubs-admin:test: stderr | src/dashboard/SignupReviewPage.test.tsx > T-04-33 D2 signup validation > maps validation errors to the level and next-invoice fields
clubs-admin:test: [BrandingProvider] Club Agility Cànic: primary and onPrimary contrast (3.32:1) is below WCAG AA.
clubs-admin:test: 
clubs-admin:test: stderr | src/census/CensusRecordPage.test.tsx > T-03-38 dog record > deactivates and reactivates a dog without deleting its record
clubs-admin:test: [BrandingProvider] Club Agility Cànic: primary and onPrimary contrast (3.32:1) is below WCAG AA.
clubs-admin:test: 
clubs:test: stderr | src/activities/activities.test.tsx > T-07-30 app: block «Activitats» of 04, detail, rows of 03 and 25 > a waitlisted registration without a position reads «en llista d'espera», never «()»
clubs:test: [BrandingProvider] Club Agility Cànic: primary and onPrimary contrast (3.32:1) is below WCAG AA.
clubs:test: 
clubs:test: stderr | src/activities/activities.test.tsx > T-07-30 app: block «Activitats» of 04, detail, rows of 03 and 25 > 03: a waitlisted registration shows «en llista d'espera»
clubs:test: [BrandingProvider] Club Agility Cànic: primary and onPrimary contrast (3.32:1) is below WCAG AA.
clubs:test: 
clubs:test: stderr | src/App.test.tsx > T-01-26 imported-account onboarding and policy re-consent > redirects blocking onboarding and permits a policy postponement
clubs:test: [BrandingProvider] Club Agility Cànic: primary and onPrimary contrast (3.32:1) is below WCAG AA.
clubs:test: 
clubs:test: stderr | src/activities/activities.test.tsx > T-07-30 app: block «Activitats» of 04, detail, rows of 03 and 25 > 25: «ds 12/07 · Seminari d'obstacles · feta» and «cancel·lada pel club» with the quoted notice
clubs:test: [BrandingProvider] Club Agility Cànic: primary and onPrimary contrast (3.32:1) is below WCAG AA.
clubs:test: 
clubs:test:  ✓ src/activities/activities.test.tsx (18 tests) 1843ms
clubs:test:    ✓ T-07-30 app: block «Activitats» of 04, detail, rows of 03 and 25 (18)
clubs:test:      ✓ draws the 04 block with the exact badges; the full row with waitlist stays tappable 405ms
clubs-admin:test: stderr | src/planning/CalendarPage.test.tsx > T-06-28 D4 / D4b / D4c class calendar (front half, MSW) > [VALIDAR LA SETMANA] turns every draft of the week active at once
clubs-admin:test: [BrandingProvider] Club Agility Cànic: primary and onPrimary contrast (3.32:1) is below WCAG AA.
clubs-admin:test: 
clubs:test: stderr | src/SignupPage.test.tsx > T-04-29 signup person and draft > focuses the first error after it renders and links each field to its message
clubs:test: [BrandingProvider] Club Agility Cànic: primary and onPrimary contrast (3.32:1) is below WCAG AA.
clubs:test: 
clubs:test: stderr | src/today/TodayPage.test.tsx > T-06-29 screen 10 «Classes del dia» > falls back to the club-local today and rewrites the address for ?date=2026-08-32
clubs:test: [BrandingProvider] Club Agility Cànic: primary and onPrimary contrast (3.32:1) is below WCAG AA.
clubs:test: 
clubs-admin:test: stderr | src/activities/ActivitiesPage.test.tsx > T-07-29 D7 activities (list, maintenance, publication, cancellation) > shows the mockup maintenance of «Torneig d'Estiu 2026» with the ring, level and waitlist chips
clubs-admin:test: [BrandingProvider] Club Agility Cànic: primary and onPrimary contrast (3.32:1) is below WCAG AA.
clubs-admin:test: 
clubs-admin:test: stderr | src/dashboard/SignupReviewPage.test.tsx > T-04-33 D2 signup validation > requires explicit confirmation when a manual upfront payment is zero
clubs-admin:test: [BrandingProvider] Club Agility Cànic: primary and onPrimary contrast (3.32:1) is below WCAG AA.
clubs-admin:test: 
clubs:test: stderr | src/App.test.tsx > T-01-26 imported-account onboarding and policy re-consent > redirects blocking onboarding and permits a policy postponement
clubs:test: [BrandingProvider] Club Agility Cànic: primary and onPrimary contrast (3.32:1) is below WCAG AA.
clubs:test: 
clubs:test: stderr | src/SignupPage.test.tsx > T-04-29 signup person and draft > keeps fields typed while the town lookup is in flight
clubs:test: [BrandingProvider] Club Agility Cànic: primary and onPrimary contrast (3.32:1) is below WCAG AA.
clubs:test: 
clubs:test: stderr | src/App.test.tsx > T-01-26 imported-account onboarding and policy re-consent > reloads an outdated policy version before accepting it
clubs:test: [BrandingProvider] Club Agility Cànic: primary and onPrimary contrast (3.32:1) is below WCAG AA.
clubs:test: 
clubs:test: stderr | src/today/TodayPage.test.tsx > T-06-29 screen 10 «Classes del dia» > falls back to the club-local today and rewrites the address for ?date=2026-02-30
clubs:test: [BrandingProvider] Club Agility Cànic: primary and onPrimary contrast (3.32:1) is below WCAG AA.
clubs:test: 
clubs-admin:test: stderr | src/planning/TemplatesPage.test.tsx > T-06-26 D3 weekly templates > saves every change of a full cell at once with the template version
clubs-admin:test: [BrandingProvider] Club Agility Cànic: primary and onPrimary contrast (3.32:1) is below WCAG AA.
clubs-admin:test: 
clubs:test: stderr | src/SignupPage.test.tsx > T-04-29 signup person and draft > GENERIC profile: the first document type of the profile and an editable prefix
clubs:test: [BrandingProvider] Club Agility Cànic: primary and onPrimary contrast (3.32:1) is below WCAG AA.
clubs:test: 
clubs:test: stderr | src/today/TodayPage.test.tsx > T-06-29 screen 10 «Classes del dia» > falls back to the club-local today and rewrites the address for ?date=hola
clubs:test: [BrandingProvider] Club Agility Cànic: primary and onPrimary contrast (3.32:1) is below WCAG AA.
clubs:test: 
clubs-admin:test: stderr | src/dashboard/SignupReviewPage.test.tsx > T-04-33 D2 signup validation > rejects a pending signup only after receiving a valid reason
clubs-admin:test: [BrandingProvider] Club Agility Cànic: primary and onPrimary contrast (3.32:1) is below WCAG AA.
clubs-admin:test: 
clubs:test: stderr | src/App.test.tsx > T-01-26 imported-account onboarding and policy re-consent > renders the screen and pop-up in Catalan, Spanish and English
clubs:test: [BrandingProvider] Club Mínim: primary and onPrimary contrast (3.32:1) is below WCAG AA.
clubs:test: 
clubs-admin:test: stderr | src/census/CensusListPage.test.tsx > T-03-42 D15 translated dog list > renders the approved columns and dog record links
clubs-admin:test: [BrandingProvider] Club Agility Cànic: primary and onPrimary contrast (3.32:1) is below WCAG AA.
clubs-admin:test: 
clubs-admin:test:  ✓ src/census/CensusRecordPage.test.tsx (5 tests) 1992ms
clubs-admin:test:    ✓ T-03-39 D10 member record (3)
clubs-admin:test:      ✓ renders the approved badges, masked account, consent warning, dog rights, and WhatsApp URL 669ms
clubs-admin:test:      ✓ blocks and unblocks new bookings with the required reason 457ms
clubs-admin:test:    ✓ T-03-38 dog record (2)
clubs-admin:test:      ✓ deactivates and reactivates a dog without deleting its record 317ms
clubs:test: stderr | src/App.test.tsx > T-01-26 imported-account onboarding and policy re-consent > renders the screen and pop-up in Catalan, Spanish and English
clubs:test: [BrandingProvider] Club Mínim: primary and onPrimary contrast (3.32:1) is below WCAG AA.
clubs:test: 
clubs:test: stderr | src/App.test.tsx > T-01-26 imported-account onboarding and policy re-consent > renders the screen and pop-up in Catalan, Spanish and English
clubs:test: [BrandingProvider] Club Mínim: primary and onPrimary contrast (3.32:1) is below WCAG AA.
clubs:test: 
clubs:test: stderr | src/today/TodayPage.test.tsx > T-06-29 screen 10 «Classes del dia» > R-06-14 in Pacific/Auckland: requested date, header and chips name the club's calendar day
clubs:test: [BrandingProvider] Club Agility Cànic: primary and onPrimary contrast (3.32:1) is below WCAG AA.
clubs:test: 
clubs-admin:test:  ✓ src/dashboard/SignupReviewPage.test.tsx (12 tests) 2081ms
clubs-admin:test:    ✓ T-04-33 D2 signup validation (12)
clubs-admin:test:      ✓ shows masked data, signed documents, consent warning, level, invoice, and Stripe payment 541ms
clubs-admin:test:      ✓ edits pending data, requires a rejection reason, and validates through the server 385ms
clubs:test: stderr | src/App.test.tsx > T-01-26 imported-account onboarding and policy re-consent > renders the screen and pop-up in Catalan, Spanish and English
clubs:test: [BrandingProvider] Club Mínim: primary and onPrimary contrast (3.32:1) is below WCAG AA.
clubs:test: 
clubs:test: stderr | src/today/TodayPage.test.tsx > T-06-29 screen 10 «Classes del dia» > R-06-14 in Pacific/Auckland: requested date, header and chips name the club's calendar day
clubs:test: [BrandingProvider] Club Agility Cànic: primary and onPrimary contrast (3.32:1) is below WCAG AA.
clubs:test: 
clubs:test: stderr | src/App.test.tsx > T-01-26 imported-account onboarding and policy re-consent > renders the screen and pop-up in Catalan, Spanish and English
clubs:test: [BrandingProvider] Club Mínim: primary and onPrimary contrast (3.32:1) is below WCAG AA.
clubs:test: 
clubs:test: stderr | src/SignupPage.test.tsx > T-04-30 signup dog, uploads, plans and module gates > uploads sequentially named vaccination pages and renders API plans
clubs:test: [BrandingProvider] Club Agility Cànic: primary and onPrimary contrast (3.32:1) is below WCAG AA.
clubs:test: 
clubs:test: stderr | src/App.test.tsx > T-01-26 imported-account onboarding and policy re-consent > renders the screen and pop-up in Catalan, Spanish and English
clubs:test: [BrandingProvider] Club Mínim: primary and onPrimary contrast (3.32:1) is below WCAG AA.
clubs:test: 
clubs:test: stderr | src/today/TodayPage.test.tsx > T-06-29 screen 10 «Classes del dia» > R-06-14 in Pacific/Kiritimati: requested date, header and chips name the club's calendar day
clubs:test: [BrandingProvider] Club Agility Cànic: primary and onPrimary contrast (3.32:1) is below WCAG AA.
clubs:test: 
clubs:test: stderr | src/App.test.tsx > T-03-40 mobile own dogs > renders own dogs, saves the note, shows task totals and gates TASKS
clubs:test: [BrandingProvider] Club Agility Cànic: primary and onPrimary contrast (3.32:1) is below WCAG AA.
clubs:test: 
clubs-admin:test: stderr | src/activities/ActivitiesPage.test.tsx > T-07-29 D7 activities (list, maintenance, publication, cancellation) > disables the ring chips of an activity outside the club («— (fora del club)»)
clubs-admin:test: [BrandingProvider] Club Agility Cànic: primary and onPrimary contrast (3.32:1) is below WCAG AA.
clubs-admin:test: 
clubs:test: stderr | src/today/TodayPage.test.tsx > T-06-29 screen 10 «Classes del dia» > R-06-14 in Pacific/Kiritimati: requested date, header and chips name the club's calendar day
clubs:test: [BrandingProvider] Club Agility Cànic: primary and onPrimary contrast (3.32:1) is below WCAG AA.
clubs:test: 
clubs:test: stderr | src/today/TodayPage.test.tsx > T-06-29 screen 10 «Classes del dia» > R-06-14 in Europe/Madrid: requested date, header and chips name the club's calendar day
clubs:test: [BrandingProvider] Club Agility Cànic: primary and onPrimary contrast (3.32:1) is below WCAG AA.
clubs:test: 
clubs:test: stderr | src/SignupPage.test.tsx > T-04-30 signup dog, uploads, plans and module gates > removes amounts without BILLING and the family offer and step without FAMILY_GROUP
clubs:test: [BrandingProvider] Club Agility Cànic: primary and onPrimary contrast (3.32:1) is below WCAG AA.
clubs:test: 
clubs:test: stderr | src/App.test.tsx > T-03-40 mobile own dogs > renders own dogs, saves the note, shows task totals and gates TASKS
clubs:test: [BrandingProvider] Club Mínim: primary and onPrimary contrast (3.32:1) is below WCAG AA.
clubs:test: 
clubs-admin:test: stderr | src/planning/CalendarPage.test.tsx > T-06-28 D4 / D4b / D4c class calendar (front half, MSW) > cancels an active class with registrants through D4c: four rows, text required, «ANUL·LA I AVISA ELS 4 ALUMNES»
clubs-admin:test: [BrandingProvider] Club Agility Cànic: primary and onPrimary contrast (3.32:1) is below WCAG AA.
clubs-admin:test: 
clubs:test: stderr | src/App.test.tsx > T-03-41 mobile own data > keeps identity read-only, resolves towns, maps READ_ONLY and gates billing
clubs:test: [BrandingProvider] Club Agility Cànic: primary and onPrimary contrast (3.32:1) is below WCAG AA.
clubs:test: 
clubs:test: stderr | src/today/TodayPage.test.tsx > T-06-29 screen 10 «Classes del dia» > R-06-14 in Europe/Madrid: requested date, header and chips name the club's calendar day
clubs:test: [BrandingProvider] Club Agility Cànic: primary and onPrimary contrast (3.32:1) is below WCAG AA.
clubs:test: 
clubs:test: stderr | src/SignupPage.test.tsx > T-04-30 signup dog, uploads, plans and module gates > removes amounts without BILLING and the family offer and step without FAMILY_GROUP
clubs:test: [BrandingProvider] Club Agility Cànic: primary and onPrimary contrast (3.32:1) is below WCAG AA.
clubs:test: 
clubs:test: stderr | src/SignupPage.test.tsx > T-04-30 signup dog, uploads, plans and module gates > gates offerLabel by FAMILY_GROUP even when the configuration sends it
clubs:test: [BrandingProvider] Club Agility Cànic: primary and onPrimary contrast (3.32:1) is below WCAG AA.
clubs:test: 
clubs:test: stderr | src/SignupPage.test.tsx > T-04-30 signup dog, uploads, plans and module gates > validates and normalises the chip per country profile and the birth month
clubs:test: [BrandingProvider] Club Agility Cànic: primary and onPrimary contrast (3.32:1) is below WCAG AA.
clubs:test: 
clubs:test: stderr | src/today/TodayPage.test.tsx > T-06-29 screen 10 «Classes del dia» > R-06-14 in America/Bogota: requested date, header and chips name the club's calendar day
clubs:test: [BrandingProvider] Club Agility Cànic: primary and onPrimary contrast (3.32:1) is below WCAG AA.
clubs:test: 
clubs-admin:test: stderr | src/activities/ActivitiesPage.test.tsx > T-07-29 D7 activities (list, maintenance, publication, cancellation) > R-07-14 hides «Nivells» with levels.enabled=false and «Llista d'espera» without WAITLIST
clubs-admin:test: [BrandingProvider] Club Agility Cànic: primary and onPrimary contrast (3.32:1) is below WCAG AA.
clubs-admin:test: 
clubs:test: stderr | src/App.test.tsx > T-03-41 mobile own data > keeps identity read-only, resolves towns, maps READ_ONLY and gates billing
clubs:test: [BrandingProvider] Club Mínim: primary and onPrimary contrast (3.32:1) is below WCAG AA.
clubs:test: 
clubs:test: stderr | src/today/TodayPage.test.tsx > T-06-29 screen 10 «Classes del dia» > R-06-14 in America/Bogota: requested date, header and chips name the club's calendar day
clubs:test: [BrandingProvider] Club Agility Cànic: primary and onPrimary contrast (3.32:1) is below WCAG AA.
clubs:test: 
clubs:test:  ✓ src/App.test.tsx (18 tests) 2464ms
clubs-admin:test: stderr | src/audit/AuditPage.test.tsx > T-14-26 member audit and exports > shows the catalogued EXPORT_LIMIT explanation in the exports drawer
clubs-admin:test: [BrandingProvider] Club Agility Cànic: primary and onPrimary contrast (3.32:1) is below WCAG AA.
clubs-admin:test: 
clubs:test: stderr | src/SignupPage.test.tsx > T-04-30 signup dog, uploads, plans and module gates > validates and normalises the chip per country profile and the birth month
clubs:test: [BrandingProvider] Club Agility Cànic: primary and onPrimary contrast (3.32:1) is below WCAG AA.
clubs:test: 
clubs:test: stderr | src/today/TodayPage.test.tsx > T-06-29 screen 10 «Classes del dia» > shows the empty state (dayGridEmpty) and the error toast with retry
clubs:test: [BrandingProvider] Club Agility Cànic: primary and onPrimary contrast (3.32:1) is below WCAG AA.
clubs:test: 
clubs:test: stderr | src/today/TodayPage.test.tsx > T-06-29 screen 10 «Classes del dia» > shows the empty state (dayGridEmpty) and the error toast with retry
clubs:test: [BrandingProvider] Club Agility Cànic: primary and onPrimary contrast (3.32:1) is below WCAG AA.
clubs:test: 
clubs:test:  ✓ src/today/TodayPage.test.tsx (17 tests) 2757ms
clubs:test:    ✓ T-06-29 screen 10 «Classes del dia» (17)
clubs:test:      ✓ draws the mockup grid with identical ring columns, the date header and the week chips 468ms
clubs:test:      ✓ opens the risk balloon with the api riskText on tap and closes it on a second tap or elsewhere 310ms
clubs:test: stderr | src/SignupPage.test.tsx > T-04-30 signup dog, uploads, plans and module gates > keeps fields typed while an upload is in flight
clubs:test: [BrandingProvider] Club Agility Cànic: primary and onPrimary contrast (3.32:1) is below WCAG AA.
clubs:test: 
clubs-admin:test: stderr | src/activities/ActivitiesPage.test.tsx > T-07-29 D7 activities (list, maintenance, publication, cancellation) > R-07-14 hides «Nivells» with levels.enabled=false and «Llista d'espera» without WAITLIST
clubs-admin:test: [BrandingProvider] Club Agility Cànic: primary and onPrimary contrast (3.32:1) is below WCAG AA.
clubs-admin:test: 
clubs:test: stderr | src/SignupPage.test.tsx > T-04-31 signup family lookup > continues empty, resolves the fixture family and supports a pending lookup
clubs:test: [BrandingProvider] Club Agility Cànic: primary and onPrimary contrast (3.32:1) is below WCAG AA.
clubs:test: 
clubs-admin:build: vite v8.2.2 building client environment for production...
clubs-admin:build: transforming...
clubs:test: stderr | src/SignupPage.test.tsx > T-04-31 signup family lookup > continues empty, resolves the fixture family and supports a pending lookup
clubs:test: [BrandingProvider] Club Agility Cànic: primary and onPrimary contrast (3.32:1) is below WCAG AA.
clubs:test: 
clubs-admin:test: stderr | src/audit/AuditPage.test.tsx > T-14-26 member audit and exports > routes a queued members list export into the global drawer
clubs-admin:test: [BrandingProvider] Club Agility Cànic: primary and onPrimary contrast (3.32:1) is below WCAG AA.
clubs-admin:test: 
clubs:test: stderr | src/SignupPage.test.tsx > T-04-31 signup family lookup > continues empty, resolves the fixture family and supports a pending lookup
clubs:test: [BrandingProvider] Club Agility Cànic: primary and onPrimary contrast (3.32:1) is below WCAG AA.
clubs:test: 
clubs-admin:test: stderr | src/activities/ActivitiesPage.test.tsx > T-07-29 D7 activities (list, maintenance, publication, cancellation) > R-07-03 [DESA] sends only the allow-listed rich text of the editor, with the version
clubs-admin:test: [BrandingProvider] Club Agility Cànic: primary and onPrimary contrast (3.32:1) is below WCAG AA.
clubs-admin:test: 
clubs-admin:test: stderr | src/planning/CalendarPage.test.tsx > T-06-28 D4 / D4b / D4c class calendar (front half, MSW) > [ELIMINA] of an active class goes through the same D4c modal
clubs-admin:test: [BrandingProvider] Club Agility Cànic: primary and onPrimary contrast (3.32:1) is below WCAG AA.
clubs-admin:test: 
clubs:test: stderr | src/SignupPage.test.tsx > T-04-31 signup family lookup > keeps the dog draft when returning from the family step
clubs:test: [BrandingProvider] Club Agility Cànic: primary and onPrimary contrast (3.32:1) is below WCAG AA.
clubs:test: 
clubs-admin:build: ✓ 490 modules transformed.
clubs-admin:test: stderr | src/planning/TemplatesPage.test.tsx > T-06-26 D3 weekly templates > queues two quick changes of a full cell and sends each PATCH with the latest version
clubs-admin:test: [BrandingProvider] Club Agility Cànic: primary and onPrimary contrast (3.32:1) is below WCAG AA.
clubs-admin:test: 
clubs-admin:test: stderr | src/audit/AuditPage.test.tsx > T-14-26 member audit and exports > routes a queued dogs list export into the global drawer
clubs-admin:test: [BrandingProvider] Club Agility Cànic: primary and onPrimary contrast (3.32:1) is below WCAG AA.
clubs-admin:test: 
clubs:test: stderr | src/SignupPage.test.tsx > T-04-31 signup family lookup > prefills the account holder with the group holder when the group is found (R-04-10)
clubs:test: [BrandingProvider] Club Agility Cànic: primary and onPrimary contrast (3.32:1) is below WCAG AA.
clubs:test: 
clubs-admin:build: rendering chunks...
clubs:test: stderr | src/SignupPage.test.tsx > T-04-32 signup payment, checkout and add-dog mode > renders API totals and payment conditions and submits only after privacy consent
clubs:test: [BrandingProvider] Club Agility Cànic: primary and onPrimary contrast (3.32:1) is below WCAG AA.
clubs:test: 
clubs-admin:test: stderr | src/audit/AuditPage.test.tsx > T-14-26 member audit and exports > links LastChange to the entity-scoped audit trail
clubs-admin:test: [BrandingProvider] Club Agility Cànic: primary and onPrimary contrast (3.32:1) is below WCAG AA.
clubs-admin:test: 
clubs-admin:test:  ✓ src/audit/AuditPage.test.tsx (6 tests) 2993ms
clubs-admin:test:    ✓ T-14-26 member audit and exports (6)
clubs-admin:test:      ✓ filters by action and opens the masked before/after change drawer 936ms
clubs-admin:test:      ✓ opens the exports drawer for a queued job and exposes its READY download 1557ms
clubs-admin:build: computing gzip size...
clubs:test: stderr | src/SignupPage.test.tsx > T-04-32 signup payment, checkout and add-dog mode > shows each payment text only under its method (T-04-32, M7 web half)
clubs:test: [BrandingProvider] Club Agility Cànic: primary and onPrimary contrast (3.32:1) is below WCAG AA.
clubs:test: 
clubs-admin:build: dist/index.html                                           2.65 kB │ gzip:   0.91 kB
clubs-admin:build: dist/assets/sprite-BOr1Ydze.svg                           5.78 kB │ gzip:   1.52 kB
clubs-admin:build: dist/assets/montserrat-latin-600-normal-UVxSCcoG.woff2   18.68 kB
clubs-admin:build: dist/assets/montserrat-latin-500-normal-DRFEGfly.woff2   18.74 kB
clubs-admin:build: dist/assets/montserrat-latin-400-normal-BLhwKU8k.woff2   18.78 kB
clubs-admin:build: dist/assets/montserrat-latin-700-normal-BdjcYUrC.woff2   18.82 kB
clubs-admin:build: dist/assets/montserrat-latin-600-normal-CdhFl4lI.woff    20.54 kB
clubs-admin:build: dist/assets/montserrat-latin-500-normal-Dok2oTci.woff    20.60 kB
clubs-admin:build: dist/assets/montserrat-latin-400-normal-xItZbAXg.woff    20.64 kB
clubs-admin:build: dist/assets/montserrat-latin-700-normal-BWkrl476.woff    20.67 kB
clubs-admin:build: dist/assets/index-n7QiSyi-.css                           88.82 kB │ gzip:  14.33 kB
clubs-admin:build: dist/assets/home-BJG5H_Az.js                              0.49 kB │ gzip:   0.32 kB
clubs-admin:build: dist/assets/home-CzYjkoJZ.js                              0.53 kB │ gzip:   0.34 kB
clubs-admin:build: dist/assets/home-0ruFF7Cs.js                              0.53 kB │ gzip:   0.34 kB
clubs-admin:build: dist/assets/instructor-Dhedv5sg.js                        0.62 kB │ gzip:   0.35 kB
clubs-admin:build: dist/assets/instructor-CjYt75g5.js                        0.65 kB │ gzip:   0.38 kB
clubs-admin:build: dist/assets/instructor-DliXCRMK.js                        0.65 kB │ gzip:   0.38 kB
clubs-admin:build: dist/assets/admin-dashboard-CMKZRVii.js                   1.53 kB │ gzip:   0.80 kB
clubs-admin:build: dist/assets/admin-dashboard-Ap5_OABm.js                   1.61 kB │ gzip:   0.89 kB
clubs-admin:build: dist/assets/activities-Cqrv-UGl.js                        1.61 kB │ gzip:   0.75 kB
clubs-admin:build: dist/assets/admin-dashboard-CRFF2ut9.js                   1.66 kB │ gzip:   0.90 kB
clubs-admin:build: dist/assets/activities-ZukiIS3N.js                        1.70 kB │ gzip:   0.84 kB
clubs-admin:build: dist/assets/activities-D4sCSPEM.js                        1.71 kB │ gzip:   0.84 kB
clubs-admin:build: dist/assets/enums-Dkdwi_pB.js                             1.89 kB │ gzip:   0.95 kB
clubs-admin:build: dist/assets/enums-Cw_Eu72h.js                             1.94 kB │ gzip:   1.01 kB
clubs-admin:build: dist/assets/enums-2Phj8-Df.js                             1.94 kB │ gzip:   1.01 kB
clubs-admin:build: dist/assets/admin-audit-BZSQ9q1n.js                       2.88 kB │ gzip:   1.34 kB
clubs-admin:build: dist/assets/id-cJQwgM2i.js                                2.89 kB │ gzip:   1.28 kB
clubs-admin:build: dist/assets/id-Dio3OKNo.js                                3.04 kB │ gzip:   1.41 kB
clubs-admin:build: dist/assets/id-Rnv2hXs4.js                                3.10 kB │ gzip:   1.42 kB
clubs-admin:build: dist/assets/admin-audit-qNWjTa9T.js                       3.13 kB │ gzip:   1.49 kB
clubs-admin:build: dist/assets/admin-audit-B9HrUHsS.js                       3.21 kB │ gzip:   1.51 kB
clubs-admin:build: dist/assets/auth-B2g8lbGP.js                              4.30 kB │ gzip:   1.88 kB
clubs-admin:build: dist/assets/auth-CPbUJNgL.js                              4.74 kB │ gzip:   2.09 kB
clubs-admin:build: dist/assets/auth-DjeifVuz.js                              4.80 kB │ gzip:   2.09 kB
clubs-admin:build: dist/assets/signup-eMaPvNNk.js                            5.09 kB │ gzip:   2.35 kB
clubs-admin:build: dist/assets/admin-catalogs-DAQTDns9.js                    5.22 kB │ gzip:   1.95 kB
clubs-admin:build: dist/assets/signup-D8va-3gE.js                            5.31 kB │ gzip:   2.60 kB
clubs-admin:build: dist/assets/signup-hTFsmQy7.js                            5.41 kB │ gzip:   2.61 kB
clubs-admin:build: dist/assets/admin-catalogs-Coe9B6Bf.js                    5.48 kB │ gzip:   2.16 kB
clubs-admin:build: dist/assets/admin-catalogs-CvR4YWAF.js                    5.68 kB │ gzip:   2.19 kB
clubs-admin:build: dist/assets/admin-activities-Bgo202BR.js                  5.93 kB │ gzip:   2.39 kB
clubs-admin:build: dist/assets/census-2y4pkTWD.js                            5.96 kB │ gzip:   2.39 kB
clubs-admin:build: dist/assets/admin-activities-CtjgXV19.js                  6.09 kB │ gzip:   2.59 kB
clubs-admin:build: dist/assets/census-CfjHQ4Uz.js                            6.29 kB │ gzip:   2.64 kB
clubs-admin:build: dist/assets/admin-activities-6JcP_7op.js                  6.29 kB │ gzip:   2.64 kB
clubs-admin:build: dist/assets/census-C9vkPZEn.js                            6.47 kB │ gzip:   2.67 kB
clubs-admin:build: dist/assets/admin-scheduling-CzXsS4mt.js                  7.53 kB │ gzip:   2.83 kB
clubs-admin:build: dist/assets/admin-scheduling-DDQankpt.js                  7.89 kB │ gzip:   3.06 kB
clubs-admin:build: dist/assets/admin-scheduling-Rj6gg9sd.js                  7.89 kB │ gzip:   3.07 kB
clubs-admin:build: dist/assets/admin-census-B_rddRVa.js                      8.62 kB │ gzip:   3.40 kB
clubs-admin:build: dist/assets/admin-census-YEF2LUsD.js                      9.08 kB │ gzip:   3.66 kB
clubs-admin:build: dist/assets/admin-census-C4D2RM-O.js                      9.40 kB │ gzip:   3.74 kB
clubs-admin:build: dist/assets/admin-settings-ed4raEOS.js                   17.01 kB │ gzip:   6.05 kB
clubs-admin:build: dist/assets/admin-settings-DWM9_lDb.js                   18.15 kB │ gzip:   6.62 kB
clubs-admin:build: dist/assets/admin-settings-D3Fbd__C.js                   18.51 kB │ gzip:   6.62 kB
clubs-admin:build: dist/assets/errors-DTtOT7jL.js                           21.82 kB │ gzip:   7.10 kB
clubs-admin:build: dist/assets/errors-DqWbzYut.js                           23.16 kB │ gzip:   7.51 kB
clubs-admin:build: dist/assets/errors-DTSzpTgR.js                           23.16 kB │ gzip:   7.47 kB
clubs-admin:build: dist/assets/browser-5KaCrxMS.js                         617.11 kB │ gzip: 212.33 kB
clubs-admin:build: dist/assets/index-C4Oebyco.js                           895.11 kB │ gzip: 332.91 kB
clubs-admin:build: 
clubs-admin:build: [INEFFECTIVE_DYNAMIC_IMPORT] ../../packages/i18n/src/locales/ca/common.json is dynamically imported by ../../packages/i18n/src/resources.ts but also statically imported by ../../packages/i18n/src/catalog.ts, dynamic import will not move module into another chunk.
clubs-admin:build: 
clubs-admin:build: [plugin builtin:vite-reporter] 
clubs-admin:build: (!) Some chunks are larger than 500 kB after minification. Consider:
clubs-admin:build: - Using dynamic import() to code-split the application
clubs-admin:build: - Use build.rolldownOptions.output.codeSplitting to improve chunking: https://rolldown.rs/reference/OutputOptions.codeSplitting
clubs-admin:build: - Adjust chunk size limit for this warning via build.chunkSizeWarningLimit.
clubs-admin:build: [INEFFECTIVE_DYNAMIC_IMPORT] ../../packages/i18n/src/locales/ca/shell.json is dynamically imported by ../../packages/i18n/src/resources.ts but also statically imported by ../../packages/i18n/src/catalog.ts, dynamic import will not move module into another chunk.
clubs-admin:build: 
clubs-admin:build: [INEFFECTIVE_DYNAMIC_IMPORT] ../../packages/i18n/src/locales/en/common.json is dynamically imported by ../../packages/i18n/src/resources.ts but also statically imported by ../../packages/i18n/src/catalog.ts, dynamic import will not move module into another chunk.
clubs-admin:build: 
clubs-admin:build: [INEFFECTIVE_DYNAMIC_IMPORT] ../../packages/i18n/src/locales/en/shell.json is dynamically imported by ../../packages/i18n/src/resources.ts but also statically imported by ../../packages/i18n/src/catalog.ts, dynamic import will not move module into another chunk.
clubs-admin:build: 
clubs-admin:build: [INEFFECTIVE_DYNAMIC_IMPORT] ../../packages/i18n/src/locales/es/common.json is dynamically imported by ../../packages/i18n/src/resources.ts but also statically imported by ../../packages/i18n/src/catalog.ts, dynamic import will not move module into another chunk.
clubs-admin:build: 
clubs-admin:build: [INEFFECTIVE_DYNAMIC_IMPORT] ../../packages/i18n/src/locales/es/shell.json is dynamically imported by ../../packages/i18n/src/resources.ts but also statically imported by ../../packages/i18n/src/catalog.ts, dynamic import will not move module into another chunk.
clubs-admin:build: 
clubs-admin:build: ✓ built in 317ms
clubs-admin:test: stderr | src/activities/ActivitiesPage.test.tsx > T-07-29 D7 activities (list, maintenance, publication, cancellation) > R-07-05 [PUBLICA] with conflicts opens the dialog with the conflicts and the required notice text
clubs-admin:test: [BrandingProvider] Club Agility Cànic: primary and onPrimary contrast (3.32:1) is below WCAG AA.
clubs-admin:test: 
clubs:test: stderr | src/SignupPage.test.tsx > T-04-32 signup payment, checkout and add-dog mode > shows each payment text only under its method (T-04-32, M7 web half)
clubs:test: [BrandingProvider] Club Agility Cànic: primary and onPrimary contrast (3.32:1) is below WCAG AA.
clubs:test: 
clubs:test: stderr | src/SignupPage.test.tsx > T-04-32 signup payment, checkout and add-dog mode > redirects through checkout when Stripe is enabled
clubs:test: [BrandingProvider] Club Agility Cànic: primary and onPrimary contrast (3.32:1) is below WCAG AA.
clubs:test: 
clubs:test: stderr | src/SignupPage.test.tsx > T-04-32 signup payment, checkout and add-dog mode > uses the member plan and payment method and posts the add-dog flow
clubs:test: [BrandingProvider] Club Agility Cànic: primary and onPrimary contrast (3.32:1) is below WCAG AA.
clubs:test: 
clubs:test: stderr | src/SignupPage.test.tsx > T-04-32 signup payment, checkout and add-dog mode > the add-dog success page does not promise a welcome email
clubs:test: [BrandingProvider] Club Agility Cànic: primary and onPrimary contrast (3.32:1) is below WCAG AA.
clubs:test: 
clubs:test: stderr | src/SignupPage.test.tsx > T-04-32 signup payment, checkout and add-dog mode > sends notesToInstructors from 17 and holderTaxId from 19 (§2, §3)
clubs:test: [BrandingProvider] Club Agility Cànic: primary and onPrimary contrast (3.32:1) is below WCAG AA.
clubs:test: 
clubs-admin:test: stderr | src/planning/CalendarPage.test.tsx > T-06-28 D4 / D4b / D4c class calendar (front half, MSW) > R-06-09 saves the diff with the version; STALE_VERSION keeps its message after the refetch remounts the card
clubs-admin:test: [BrandingProvider] Club Agility Cànic: primary and onPrimary contrast (3.32:1) is below WCAG AA.
clubs-admin:test: 
clubs:test: stderr | src/SignupPage.test.tsx > T-04-32 signup payment, checkout and add-dog mode > drops the IBAN from the session draft when the method changes away from SEPA
clubs:test: [BrandingProvider] Club Agility Cànic: primary and onPrimary contrast (3.32:1) is below WCAG AA.
clubs:test: 
clubs-admin:test: stderr | src/planning/TemplatesPage.test.tsx > T-06-26 D3 weekly templates > reloads the template and remounts the card on STALE_VERSION
clubs-admin:test: [BrandingProvider] Club Agility Cànic: primary and onPrimary contrast (3.32:1) is below WCAG AA.
clubs-admin:test: 
clubs:test: stderr | src/SignupPage.test.tsx > T-04-32 signup payment, checkout and add-dog mode > checks the IBAN mod-97 before sending
clubs:test: [BrandingProvider] Club Agility Cànic: primary and onPrimary contrast (3.32:1) is below WCAG AA.
clubs:test: 
clubs-admin:test:  ✓ src/census/CensusListPage.test.tsx (3 tests) 3368ms
clubs-admin:test:    ✓ T-03-38 D5 universal member list (2)
clubs-admin:test:      ✓ renders applied filters and preserves selection when page size changes 1354ms
clubs-admin:test:      ✓ toggles visible columns and synchronizes the ordered fields to the URL 607ms
clubs-admin:test:    ✓ T-03-42 D15 translated dog list (1)
clubs-admin:test:      ✓ renders the approved columns and dog record links 1403ms
clubs-admin:test: stderr | src/activities/ActivitiesPage.test.tsx > T-07-29 D7 activities (list, maintenance, publication, cancellation) > R-07-04 a draft without the registration period answers ACTIVITY_INCOMPLETE on the fields
clubs-admin:test: [BrandingProvider] Club Agility Cànic: primary and onPrimary contrast (3.32:1) is below WCAG AA.
clubs-admin:test: 
clubs:test: stderr | src/SignupPage.test.tsx > T-04-32 signup payment, checkout and add-dog mode > omits planId and planIdRequested when the club has no signup plans (R-04-09)
clubs:test: [BrandingProvider] Club Agility Cànic: primary and onPrimary contrast (3.32:1) is below WCAG AA.
clubs:test: 
clubs:test: stderr | src/SignupPage.test.tsx > T-04-32 signup payment, checkout and add-dog mode > omits planId and planIdRequested when the club has no signup plans (R-04-09)
clubs:test: [BrandingProvider] Club Agility Cànic: primary and onPrimary contrast (3.32:1) is below WCAG AA.
clubs:test: 
clubs:test: stderr | src/SignupPage.test.tsx > T-04-32 signup payment, checkout and add-dog mode > hides the honeypot from assistive technology and the tab order
clubs:test: [BrandingProvider] Club Agility Cànic: primary and onPrimary contrast (3.32:1) is below WCAG AA.
clubs:test: 
clubs:test: stderr | src/SignupPage.test.tsx > T-04-32 signup payment, checkout and add-dog mode > reads the image-consent text from texts.imageConsent, then legal.imageConsentText
clubs:test: [BrandingProvider] Club Agility Cànic: primary and onPrimary contrast (3.32:1) is below WCAG AA.
clubs:test: 
clubs:test: stderr | src/SignupPage.test.tsx > T-04-32 signup payment, checkout and add-dog mode > reads the image-consent text from texts.imageConsent, then legal.imageConsentText
clubs:test: [BrandingProvider] Club Agility Cànic: primary and onPrimary contrast (3.32:1) is below WCAG AA.
clubs:test: 
clubs:test: stderr | src/SignupPage.test.tsx > B1 identity document at submission (R-04-01) > submits a DNI applicant with the identity-check document
clubs:test: [BrandingProvider] Club Agility Cànic: primary and onPrimary contrast (3.32:1) is below WCAG AA.
clubs:test: 
clubs:test: stderr | src/SignupPage.test.tsx > B1 identity document at submission (R-04-01) > submits a NIE applicant with the identity-check document
clubs:test: [BrandingProvider] Club Agility Cànic: primary and onPrimary contrast (3.32:1) is below WCAG AA.
clubs:test: 
clubs-admin:test: stderr | src/activities/ActivitiesPage.test.tsx > T-07-29 D7 activities (list, maintenance, publication, cancellation) > R-07-06 [CANCEL·LA L'ACTIVITAT] opens the modal with «CANCEL·LA I AVISA ELS 22 INSCRITS» disabled without text
clubs-admin:test: [BrandingProvider] Club Agility Cànic: primary and onPrimary contrast (3.32:1) is below WCAG AA.
clubs-admin:test: 
clubs:test: stderr | src/SignupPage.test.tsx > B1 identity document at submission (R-04-01) > submits a passport only applicant with the identity-check document
clubs:test: [BrandingProvider] Club Agility Cànic: primary and onPrimary contrast (3.32:1) is below WCAG AA.
clubs:test: 
clubs:test: stderr | src/SignupPage.test.tsx > M1 stable retries (CONVENCIONS_API §7, R-04-26/27) > retries a lost 201 with the same Idempotency-Key and gets the same 201
clubs:test: [BrandingProvider] Club Agility Cànic: primary and onPrimary contrast (3.32:1) is below WCAG AA.
clubs:test: 
clubs:test: stderr | src/SignupPage.test.tsx > M1 stable retries (CONVENCIONS_API §7, R-04-26/27) > changing a payload field after a failure uses a new key
clubs:test: [BrandingProvider] Club Agility Cànic: primary and onPrimary contrast (3.32:1) is below WCAG AA.
clubs:test: 
clubs-admin:test: stderr | src/planning/CalendarPage.test.tsx > T-06-28 D4 / D4b / D4c class calendar (front half, MSW) > R-06-09 keeps the INVALID_STATE message of the «Exempta…» toggle after the refetch
clubs-admin:test: [BrandingProvider] Club Agility Cànic: primary and onPrimary contrast (3.32:1) is below WCAG AA.
clubs-admin:test: 
clubs:test: stderr | src/SignupPage.test.tsx > M1 stable retries (CONVENCIONS_API §7, R-04-26/27) > add-dog: a lost 201 is replayed, never DOG_CHIP_ALREADY_REGISTERED for the member's own dog
clubs:test: [BrandingProvider] Club Agility Cànic: primary and onPrimary contrast (3.32:1) is below WCAG AA.
clubs:test: 
clubs-admin:test: stderr | src/planning/TemplatesPage.test.tsx > T-06-26 D3 weekly templates > puts the form back to the saved class when a PATCH fails
clubs-admin:test: [BrandingProvider] Club Agility Cànic: primary and onPrimary contrast (3.32:1) is below WCAG AA.
clubs-admin:test: 
clubs:test: stderr | src/SignupPage.test.tsx > M1 stable retries (CONVENCIONS_API §7, R-04-26/27) > a cancelled checkout returns to 19 with the data and retries only the checkout
clubs:test: [BrandingProvider] Club Agility Cànic: primary and onPrimary contrast (3.32:1) is below WCAG AA.
clubs:test: 
clubs-admin:test: stderr | src/activities/ActivitiesPage.test.tsx > T-07-29 D7 activities (list, maintenance, publication, cancellation) > INSTRUCTOR reads D7 without actions, export or internal notes
clubs-admin:test: [BrandingProvider] Club Agility Cànic: primary and onPrimary contrast (3.32:1) is below WCAG AA.
clubs-admin:test: 
clubs:test: stderr | src/SignupPage.test.tsx > M1 stable retries (CONVENCIONS_API §7, R-04-26/27) > a cancelled checkout returns to 19 with the data and retries only the checkout
clubs:test: [BrandingProvider] Club Agility Cànic: primary and onPrimary contrast (3.32:1) is below WCAG AA.
clubs:test: 
clubs:test: stderr | src/SignupPage.test.tsx > M2 api errors land on their field and step (§2, CATALEG_ERRORS) > INVALID_ID_DOCUMENT (400) → /apuntat-hi
clubs:test: [BrandingProvider] Club Agility Cànic: primary and onPrimary contrast (3.32:1) is below WCAG AA.
clubs:test: 
clubs-admin:test: stderr | src/planning/CalendarPage.test.tsx > T-06-28 D4 / D4b / D4c class calendar (front half, MSW) > R-06-05 moving a class onto training bookings asks first and resends with cancelBookings
clubs-admin:test: [BrandingProvider] Club Agility Cànic: primary and onPrimary contrast (3.32:1) is below WCAG AA.
clubs-admin:test: 
clubs:test: stderr | src/SignupPage.test.tsx > M2 api errors land on their field and step (§2, CATALEG_ERRORS) > ID_DOCUMENT_AMBIGUOUS (422) → /apuntat-hi
clubs:test: [BrandingProvider] Club Agility Cànic: primary and onPrimary contrast (3.32:1) is below WCAG AA.
clubs:test: 
clubs-admin:test: stderr | src/activities/ActivitiesPage.test.tsx > T-07-29 D7 activities (list, maintenance, publication, cancellation) > lists the registrants with the FIFO waitlist positions
clubs-admin:test: [BrandingProvider] Club Agility Cànic: primary and onPrimary contrast (3.32:1) is below WCAG AA.
clubs-admin:test: 
clubs:test: stderr | src/SignupPage.test.tsx > M2 api errors land on their field and step (§2, CATALEG_ERRORS) > INVALID_PHONE (400) → /apuntat-hi
clubs:test: [BrandingProvider] Club Agility Cànic: primary and onPrimary contrast (3.32:1) is below WCAG AA.
clubs:test: 
clubs-admin:test: stderr | src/activities/ActivitiesPage.test.tsx > T-07-29 D7 activities (list, maintenance, publication, cancellation) > R-07-04 after an upload [DESA] sends only the admin's own edits with the fresh version
clubs-admin:test: [BrandingProvider] Club Agility Cànic: primary and onPrimary contrast (3.32:1) is below WCAG AA.
clubs-admin:test: 
clubs:test: stderr | src/SignupPage.test.tsx > M2 api errors land on their field and step (§2, CATALEG_ERRORS) > INVALID_IBAN (400) → undefined
clubs:test: [BrandingProvider] Club Agility Cànic: primary and onPrimary contrast (3.32:1) is below WCAG AA.
clubs:test: 
clubs-admin:test: stderr | src/planning/TemplatesPage.test.tsx > T-06-26 D3 weekly templates > shows a failed load of the weeks and the coverage with [Torna-ho a provar] instead of a loading table
clubs-admin:test: [BrandingProvider] Club Agility Cànic: primary and onPrimary contrast (3.32:1) is below WCAG AA.
clubs-admin:test: 
clubs:test: stderr | src/SignupPage.test.tsx > M2 api errors land on their field and step (§2, CATALEG_ERRORS) > PLAN_NOT_AVAILABLE (422) → /apuntat-hi/gos
clubs:test: [BrandingProvider] Club Agility Cànic: primary and onPrimary contrast (3.32:1) is below WCAG AA.
clubs:test: 
clubs:test: stderr | src/SignupPage.test.tsx > M2 api errors land on their field and step (§2, CATALEG_ERRORS) > DOG_DOCUMENT_REQUIRED (422) → /apuntat-hi/gos
clubs:test: [BrandingProvider] Club Agility Cànic: primary and onPrimary contrast (3.32:1) is below WCAG AA.
clubs:test: 
clubs:test: stderr | src/SignupPage.test.tsx > M2 api errors land on their field and step (§2, CATALEG_ERRORS) > FILE_NOT_FOUND (400) → /apuntat-hi/gos
clubs:test: [BrandingProvider] Club Agility Cànic: primary and onPrimary contrast (3.32:1) is below WCAG AA.
clubs:test: 
clubs-admin:test: stderr | src/planning/CalendarPage.test.tsx > T-06-28 D4 / D4b / D4c class calendar (front half, MSW) > R-06-10 D4c with only a waitlist: no «0 alumnes», a waitlist intro and button
clubs-admin:test: [BrandingProvider] Club Agility Cànic: primary and onPrimary contrast (3.32:1) is below WCAG AA.
clubs-admin:test: 
clubs:test: stderr | src/SignupPage.test.tsx > M2 api errors land on their field and step (§2, CATALEG_ERRORS) > DOG_CHIP_ALREADY_REGISTERED (422) → /apuntat-hi/gos
clubs:test: [BrandingProvider] Club Agility Cànic: primary and onPrimary contrast (3.32:1) is below WCAG AA.
clubs:test: 
clubs:test: stderr | src/SignupPage.test.tsx > M2 api errors land on their field and step (§2, CATALEG_ERRORS) > FAMILY_HOLDER_NOT_FOUND (422) → /apuntat-hi/familia
clubs:test: [BrandingProvider] Club Agility Cànic: primary and onPrimary contrast (3.32:1) is below WCAG AA.
clubs:test: 
clubs-admin:test: stderr | src/planning/TemplatesPage.test.tsx > T-06-26 D3 weekly templates > shows each band error on the field that caused it
clubs-admin:test: [BrandingProvider] Club Agility Cànic: primary and onPrimary contrast (3.32:1) is below WCAG AA.
clubs-admin:test: 
clubs:test: stderr | src/SignupPage.test.tsx > M2 api errors land on their field and step (§2, CATALEG_ERRORS) > CONSENT_VERSION_OUTDATED (422) → undefined
clubs:test: [BrandingProvider] Club Agility Cànic: primary and onPrimary contrast (3.32:1) is below WCAG AA.
clubs:test: 
clubs-admin:test: stderr | src/activities/ActivitiesPage.test.tsx > T-07-29 D7 activities (list, maintenance, publication, cancellation) > R-07-05 a RING_BLOCK conflict is not forceable: no option for it and [PUBLICA I APLICA] disabled with the reason
clubs-admin:test: [BrandingProvider] Club Agility Cànic: primary and onPrimary contrast (3.32:1) is below WCAG AA.
clubs-admin:test: 
clubs:test: stderr | src/SignupPage.test.tsx > M2 api errors land on their field and step (§2, CATALEG_ERRORS) > MEMBER_ALREADY_EXISTS (409) → /apuntat-hi
clubs:test: [BrandingProvider] Club Agility Cànic: primary and onPrimary contrast (3.32:1) is below WCAG AA.
clubs:test: 
clubs-admin:test: stderr | src/planning/CalendarPage.test.tsx > T-06-28 D4 / D4b / D4c class calendar (front half, MSW) > R-06-11 the block drawer starts on the club-local today and a Saturday date offers Saturday's hours only
clubs-admin:test: [BrandingProvider] Club Agility Cànic: primary and onPrimary contrast (3.32:1) is below WCAG AA.
clubs-admin:test: 
clubs:test: stderr | src/SignupPage.test.tsx > M2 api errors land on their field and step (§2, CATALEG_ERRORS) > SIGNUP_ALREADY_PENDING (422) → /apuntat-hi
clubs:test: [BrandingProvider] Club Agility Cànic: primary and onPrimary contrast (3.32:1) is below WCAG AA.
clubs:test: 
clubs:test: stderr | src/SignupPage.test.tsx > M2 api errors land on their field and step (§2, CATALEG_ERRORS) > SIGNUP_CLOSED (422) → undefined
clubs:test: [BrandingProvider] Club Agility Cànic: primary and onPrimary contrast (3.32:1) is below WCAG AA.
clubs:test: 
clubs-admin:test: stderr | src/activities/ActivitiesPage.test.tsx > T-07-29 D7 activities (list, maintenance, publication, cancellation) > R-07-05 a RING_BLOCK conflict is not forceable: no option for it and [PUBLICA I APLICA] disabled with the reason
clubs-admin:test: [BrandingProvider] Club Agility Cànic: primary and onPrimary contrast (3.32:1) is below WCAG AA.
clubs-admin:test: 
clubs:test: stderr | src/SignupPage.test.tsx > M2 api errors land on their field and step (§2, CATALEG_ERRORS) > RATE_LIMITED (429) → undefined
clubs:test: [BrandingProvider] Club Agility Cànic: primary and onPrimary contrast (3.32:1) is below WCAG AA.
clubs:test: 
clubs-admin:test: stderr | src/planning/TemplatesPage.test.tsx > T-06-26 D3 weekly templates > marks the inconsistency on the cells and in the footer note and blocks the generation
clubs-admin:test: [BrandingProvider] Club Agility Cànic: primary and onPrimary contrast (3.32:1) is below WCAG AA.
clubs-admin:test: 
clubs-admin:test: stderr | src/planning/CalendarPage.test.tsx > T-06-28 D4 / D4b / D4c class calendar (front half, MSW) > R-06-09 [Crear classe] clamps its start and end times to a Saturday's hours
clubs-admin:test: [BrandingProvider] Club Agility Cànic: primary and onPrimary contrast (3.32:1) is below WCAG AA.
clubs-admin:test: 
clubs:test: stderr | src/SignupPage.test.tsx > M2 api errors land on their field and step (§2, CATALEG_ERRORS) > PAYMENT_METHOD_NOT_AVAILABLE (422) → undefined
clubs:test: [BrandingProvider] Club Agility Cànic: primary and onPrimary contrast (3.32:1) is below WCAG AA.
clubs:test: 
clubs:test: stderr | src/SignupPage.test.tsx > M2 api errors land on their field and step (§2, CATALEG_ERRORS) > SOMETHING_NEW (422) → undefined
clubs:test: [BrandingProvider] Club Agility Cànic: primary and onPrimary contrast (3.32:1) is below WCAG AA.
clubs:test: 
clubs:test: stderr | src/SignupPage.test.tsx > M2 api errors land on their field and step (§2, CATALEG_ERRORS) > VALIDATION_ERROR (400) → /apuntat-hi
clubs:test: [BrandingProvider] Club Agility Cànic: primary and onPrimary contrast (3.32:1) is below WCAG AA.
clubs:test: 
clubs-admin:test: stderr | src/activities/ActivitiesPage.test.tsx > T-07-29 D7 activities (list, maintenance, publication, cancellation) > R-07-05 the conflict dialog never hangs: a repeated 409 and other errors show inside it
clubs-admin:test: [BrandingProvider] Club Agility Cànic: primary and onPrimary contrast (3.32:1) is below WCAG AA.
clubs-admin:test: 
clubs:test: stderr | src/SignupPage.test.tsx > M2 api errors land on their field and step (§2, CATALEG_ERRORS) > VALIDATION_ERROR (400) → /apuntat-hi/gos
clubs:test: [BrandingProvider] Club Agility Cànic: primary and onPrimary contrast (3.32:1) is below WCAG AA.
clubs:test: 
clubs-admin:test: stderr | src/planning/CalendarPage.test.tsx > T-06-28 D4 / D4b / D4c class calendar (front half, MSW) > R-06-11 a new ring after RING_HAS_BOOKINGS drops the confirmation: no cancelBookings for a ring not shown
clubs-admin:test: [BrandingProvider] Club Agility Cànic: primary and onPrimary contrast (3.32:1) is below WCAG AA.
clubs-admin:test: 
clubs:test: stderr | src/SignupPage.test.tsx > M19 the consent version sent is the accepted one (R-04-17) > clears an acceptance of other legal texts and sends the version accepted again
clubs:test: [BrandingProvider] Club Agility Cànic: primary and onPrimary contrast (3.32:1) is below WCAG AA.
clubs:test: 
clubs:test: stderr | src/SignupPage.test.tsx > M19 the consent version sent is the accepted one (R-04-17) > a saved acceptance of an older version is not carried into the new texts
clubs:test: [BrandingProvider] Club Agility Cànic: primary and onPrimary contrast (3.32:1) is below WCAG AA.
clubs:test: 
clubs:test: stderr | src/SignupPage.test.tsx > E3-W06 round 2 > #1 an INVALID_IBAN from 19 stays on 19, on the IBAN field (production navigator)
clubs:test: [BrandingProvider] Club Agility Cànic: primary and onPrimary contrast (3.32:1) is below WCAG AA.
clubs:test: 
clubs-admin:test: stderr | src/activities/ActivitiesPage.test.tsx > T-07-29 D7 activities (list, maintenance, publication, cancellation) > R-07-04/05 save mode: a resync conflict opens «DESA I APLICA»; STALE_VERSION closes it, refetches and says so
clubs-admin:test: [BrandingProvider] Club Agility Cànic: primary and onPrimary contrast (3.32:1) is below WCAG AA.
clubs-admin:test: 
clubs-admin:test: stderr | src/planning/TemplatesPage.test.tsx > T-06-26 D3 weekly templates > confirms «Es generaran com a esborrany les classes de la setmana del …» and generates the proposed week
clubs-admin:test: [BrandingProvider] Club Agility Cànic: primary and onPrimary contrast (3.32:1) is below WCAG AA.
clubs-admin:test: 
clubs:test: stderr | src/SignupPage.test.tsx > E3-W06 round 2 > #1 an INVALID_ID_DOCUMENT routed to 16 survives the full page load and focuses the document
clubs:test: [BrandingProvider] Club Agility Cànic: primary and onPrimary contrast (3.32:1) is below WCAG AA.
clubs:test: 
clubs:test: stderr | src/SignupPage.test.tsx > E3-W06 round 2 > #1 an INVALID_ID_DOCUMENT routed to 16 survives the full page load and focuses the document
clubs:test: [BrandingProvider] Club Agility Cànic: primary and onPrimary contrast (3.32:1) is below WCAG AA.
clubs:test: 
clubs:test: stderr | src/SignupPage.test.tsx > E3-W06 round 2 > #2 after a cancelled checkout 19 is read-only and the retry charges the committed signup
clubs:test: [BrandingProvider] Club Agility Cànic: primary and onPrimary contrast (3.32:1) is below WCAG AA.
clubs:test: 
clubs:test: stderr | src/SignupPage.test.tsx > E3-W06 round 2 > #2 after a cancelled checkout 19 is read-only and the retry charges the committed signup
clubs:test: [BrandingProvider] Club Agility Cànic: primary and onPrimary contrast (3.32:1) is below WCAG AA.
clubs:test: 
clubs-admin:test: stderr | src/planning/CalendarPage.test.tsx > T-06-28 D4 / D4b / D4c class calendar (front half, MSW) > R-06-09 [Crear classe]: a new time or ring after RING_HAS_BOOKINGS drops the confirmation
clubs-admin:test: [BrandingProvider] Club Agility Cànic: primary and onPrimary contrast (3.32:1) is below WCAG AA.
clubs-admin:test: 
clubs:test: stderr | src/SignupPage.test.tsx > E3-W06 round 2 > #2 after a cancelled checkout 19 is read-only and the retry charges the committed signup
clubs:test: [BrandingProvider] Club Agility Cànic: primary and onPrimary contrast (3.32:1) is below WCAG AA.
clubs:test: 
clubs:test: stderr | src/SignupPage.test.tsx > E3-W06 round 2 > #3 the fingerprint is a SHA-256 digest and the IBAN leaves the draft after a failed submission
clubs:test: [BrandingProvider] Club Agility Cànic: primary and onPrimary contrast (3.32:1) is below WCAG AA.
clubs:test: 
clubs-admin:test: stderr | src/planning/TemplatesPage.test.tsx > T-06-26 D3 weekly templates > hides every action from INSTRUCTOR and keeps the cells inert (A22 c)
clubs-admin:test: [BrandingProvider] Club Agility Cànic: primary and onPrimary contrast (3.32:1) is below WCAG AA.
clubs-admin:test: 
clubs-admin:test: stderr | src/activities/ActivitiesPage.test.tsx > T-07-29 D7 activities (list, maintenance, publication, cancellation) > the plain publish confirm is pending once, keeps one key per payload and turns ADMIN_TEXT_REQUIRED into the text
clubs-admin:test: [BrandingProvider] Club Agility Cànic: primary and onPrimary contrast (3.32:1) is below WCAG AA.
clubs-admin:test: 
clubs:test: stderr | src/SignupPage.test.tsx > E3-W06 round 2 > #3 a config reload that drops SEPA removes the IBAN from the draft
clubs:test: [BrandingProvider] Club Agility Cànic: primary and onPrimary contrast (3.32:1) is below WCAG AA.
clubs:test: 
clubs:test: stderr | src/SignupPage.test.tsx > E3-W06 round 2 > #4 a cleared FOUND claim gives the account holder back to the applicant (R-04-10)
clubs:test: [BrandingProvider] Club Agility Cànic: primary and onPrimary contrast (3.32:1) is below WCAG AA.
clubs:test: 
clubs:test: stderr | src/SignupPage.test.tsx > E3-W06 round 2 > #4 a holder typed by the applicant is kept when the claim changes
clubs:test: [BrandingProvider] Club Agility Cànic: primary and onPrimary contrast (3.32:1) is below WCAG AA.
clubs:test: 
clubs-admin:test: stderr | src/planning/TemplatesPage.test.tsx > T-06-26 D3 weekly templates > shows the coverage table with the D3 vocabulary and one-decimal places
clubs-admin:test: [BrandingProvider] Club Agility Cànic: primary and onPrimary contrast (3.32:1) is below WCAG AA.
clubs-admin:test: 
clubs:test: stderr | src/SignupPage.test.tsx > E3-W06 round 2 > #5 the birth date is checked against the club's today, not the browser's
clubs:test: [BrandingProvider] Club Agility Cànic: primary and onPrimary contrast (3.32:1) is below WCAG AA.
clubs:test: 
clubs-admin:test: stderr | src/activities/ActivitiesPage.test.tsx > T-07-29 D7 activities (list, maintenance, publication, cancellation) > [DESPUBLICA] answers ACTIVITY_HAS_REGISTRATIONS with registrants and unpublishes without them
clubs-admin:test: [BrandingProvider] Club Agility Cànic: primary and onPrimary contrast (3.32:1) is below WCAG AA.
clubs-admin:test: 
clubs:test: stderr | src/SignupPage.test.tsx > E3-W06 round 2 > #5 the dog's birth month is checked against the club's month, not the browser's
clubs:test: [BrandingProvider] Club Agility Cànic: primary and onPrimary contrast (3.32:1) is below WCAG AA.
clubs:test: 
clubs-admin:test: stderr | src/planning/TemplatesPage.test.tsx > T-06-26 D3 weekly templates > R-06-15 offers instructor chips with maxInstructorsPerClass = 2
clubs-admin:test: [BrandingProvider] Club Agility Cànic: primary and onPrimary contrast (3.32:1) is below WCAG AA.
clubs-admin:test: 
clubs:test:  ✓ src/SignupPage.test.tsx (62 tests) 5590ms
clubs:test:    ✓ T-04-29 signup person and draft (7)
clubs:test:      ✓ persists a current draft, expires it after 24 hours and maps identity states 1161ms
clubs:test:      ✓ masks and validates the browser-independent birth date control 313ms
clubs:test: 
clubs:test:  Test Files  7 passed (7)
clubs:test:       Tests  125 passed (125)
clubs:test:    Start at  21:15:45
clubs:test:    Duration  9.78s (tests 36%, environment 32%, transform 16%, setup 9%, import 7%)
clubs:test: 
clubs-admin:test: stderr | src/planning/CalendarPage.test.tsx > T-06-28 D4 / D4b / D4c class calendar (front half, MSW) > R-06-09 [Crear classe]: a RING_HAS_BOOKINGS answer that arrives after a ring change is dropped
clubs-admin:test: [BrandingProvider] Club Agility Cànic: primary and onPrimary contrast (3.32:1) is below WCAG AA.
clubs-admin:test: 
clubs-admin:test: stderr | src/activities/ActivitiesPage.test.tsx > T-07-29 D7 activities (list, maintenance, publication, cancellation) > [DESPUBLICA] answers ACTIVITY_HAS_REGISTRATIONS with registrants and unpublishes without them
clubs-admin:test: [BrandingProvider] Club Agility Cànic: primary and onPrimary contrast (3.32:1) is below WCAG AA.
clubs-admin:test: 
clubs-admin:test: stderr | src/planning/TemplatesPage.test.tsx > T-06-26 D3 weekly templates > R-06-15 hides levels and coverage with levels.enabled = false and requires a manual description
clubs-admin:test: [BrandingProvider] Club Agility Cànic: primary and onPrimary contrast (3.32:1) is below WCAG AA.
clubs-admin:test: 
clubs-admin:test:  ✓ src/planning/TemplatesPage.test.tsx (13 tests) 5615ms
clubs-admin:test:    ✓ T-06-26 D3 weekly templates (13)
clubs-admin:test:      ✓ prefills band and day from an empty cell, fills the description by levels, keeps the manual text and asks for another class in the band 1877ms
clubs-admin:test:      ✓ saves every change of a full cell at once with the template version 968ms
clubs-admin:test:      ✓ queues two quick changes of a full cell and sends each PATCH with the latest version 438ms
clubs-admin:test:      ✓ reloads the template and remounts the card on STALE_VERSION 474ms
clubs-admin:test:      ✓ puts the form back to the saved class when a PATCH fails 312ms
clubs-admin:test:      ✓ marks the inconsistency on the cells and in the footer note and blocks the generation 311ms
clubs-admin:test: stderr | src/activities/ActivitiesPage.test.tsx > T-07-29 D7 activities (list, maintenance, publication, cancellation) > [ELIMINA] cancels the draft with reason DELETED and returns to the list
clubs-admin:test: [BrandingProvider] Club Agility Cànic: primary and onPrimary contrast (3.32:1) is below WCAG AA.
clubs-admin:test: 
clubs-admin:test: stderr | src/activities/ActivitiesPage.test.tsx > T-07-29 D7 activities (list, maintenance, publication, cancellation) > R-07-02 DUPLICATE_SLUG and SLUG_LOCKED land on the slug field
clubs-admin:test: [BrandingProvider] Club Agility Cànic: primary and onPrimary contrast (3.32:1) is below WCAG AA.
clubs-admin:test: 
clubs-admin:test: stderr | src/planning/CalendarPage.test.tsx > T-06-28 D4 / D4b / D4c class calendar (front half, MSW) > R-06-11 the block drawer locks ring, date and times until a delayed RING_HAS_BOOKINGS arrives
clubs-admin:test: [BrandingProvider] Club Agility Cànic: primary and onPrimary contrast (3.32:1) is below WCAG AA.
clubs-admin:test: 
clubs-admin:test: stderr | src/activities/ActivitiesPage.test.tsx > T-07-29 D7 activities (list, maintenance, publication, cancellation) > D7 list: a finished activity without maximum reads «—»; a filtered empty list keeps «Neteja»
clubs-admin:test: [BrandingProvider] Club Agility Cànic: primary and onPrimary contrast (3.32:1) is below WCAG AA.
clubs-admin:test: 
clubs-admin:test: stderr | src/activities/ActivitiesPage.test.tsx > T-07-29 D7 activities (list, maintenance, publication, cancellation) > D7 list: a finished activity without maximum reads «—»; a filtered empty list keeps «Neteja»
clubs-admin:test: [BrandingProvider] Club Agility Cànic: primary and onPrimary contrast (3.32:1) is below WCAG AA.
clubs-admin:test: 
clubs-admin:test: stderr | src/activities/ActivitiesPage.test.tsx > T-07-29 D7 activities (list, maintenance, publication, cancellation) > registrants: «cancel·lada pel club» after a cancellation; an INSTRUCTOR reads plain text
clubs-admin:test: [BrandingProvider] Club Agility Cànic: primary and onPrimary contrast (3.32:1) is below WCAG AA.
clubs-admin:test: 
clubs-admin:test: stderr | src/planning/CalendarPage.test.tsx > T-06-28 D4 / D4b / D4c class calendar (front half, MSW) > R-06-09 keeps every editor disabled from [ACCEPTA] until the saved version is shown
clubs-admin:test: [BrandingProvider] Club Agility Cànic: primary and onPrimary contrast (3.32:1) is below WCAG AA.
clubs-admin:test: 
clubs-admin:test: stderr | src/activities/ActivitiesPage.test.tsx > T-07-29 D7 activities (list, maintenance, publication, cancellation) > registrants: «cancel·lada pel club» after a cancellation; an INSTRUCTOR reads plain text
clubs-admin:test: [BrandingProvider] Club Agility Cànic: primary and onPrimary contrast (3.32:1) is below WCAG AA.
clubs-admin:test: 
clubs-admin:test:  ✓ src/activities/ActivitiesPage.test.tsx (21 tests) 5830ms
clubs-admin:test:    ✓ T-07-29 D7 activities (list, maintenance, publication, cancellation) (21)
clubs-admin:test:      ✓ draws the four mockup rows with the R-07-13 dates, rings, registrations and state chips 755ms
clubs-admin:test:      ✓ «Nova activitat» creates a draft with title and type and opens its maintenance 637ms
clubs-admin:test:      ✓ shows the mockup maintenance of «Torneig d'Estiu 2026» with the ring, level and waitlist chips 421ms
clubs-admin:test:      ✓ R-07-14 hides «Nivells» with levels.enabled=false and «Llista d'espera» without WAITLIST 317ms
clubs-admin:test:      ✓ R-07-05 [PUBLICA] with conflicts opens the dialog with the conflicts and the required notice text 301ms
clubs-admin:test:      ✓ R-07-04 after an upload [DESA] sends only the admin's own edits with the fresh version 323ms
clubs-admin:test:      ✓ R-07-04/05 save mode: a resync conflict opens «DESA I APLICA»; STALE_VERSION closes it, refetches and says so 302ms
clubs-admin:test: stderr | src/planning/CalendarPage.test.tsx > T-06-28 D4 / D4b / D4c class calendar (front half, MSW) > shows the value the class holds: inactive ring and instructor stay selected
clubs-admin:test: [BrandingProvider] Club Agility Cànic: primary and onPrimary contrast (3.32:1) is below WCAG AA.
clubs-admin:test: 
clubs-admin:test: stderr | src/planning/CalendarPage.test.tsx > T-06-28 D4 / D4b / D4c class calendar (front half, MSW) > shows a RESERVATION block as it is when FREE_TRAINING was turned off later
clubs-admin:test: [BrandingProvider] Club Agility Cànic: primary and onPrimary contrast (3.32:1) is below WCAG AA.
clubs-admin:test: 
clubs-admin:test: stderr | src/planning/CalendarPage.test.tsx > T-06-28 D4 / D4b / D4c class calendar (front half, MSW) > R-06-15 without WAITLIST there is no «+e» in the cell nor in the card
clubs-admin:test: [BrandingProvider] Club Agility Cànic: primary and onPrimary contrast (3.32:1) is below WCAG AA.
clubs-admin:test: 
clubs-admin:test: stderr | src/planning/CalendarPage.test.tsx > T-06-28 D4 / D4b / D4c class calendar (front half, MSW) > R-06-15 without FREE_TRAINING [Bloqueja pista] offers only «Bloqueig»
clubs-admin:test: [BrandingProvider] Club Agility Cànic: primary and onPrimary contrast (3.32:1) is below WCAG AA.
clubs-admin:test: 
clubs-admin:test: stderr | src/planning/CalendarPage.test.tsx > T-06-28 D4 / D4b / D4c class calendar (front half, MSW) > R-06-15 with levels.enabled=false the card has no «Nivells» chip
clubs-admin:test: [BrandingProvider] Club Agility Cànic: primary and onPrimary contrast (3.32:1) is below WCAG AA.
clubs-admin:test: 
clubs-admin:test: stderr | src/planning/CalendarPage.test.tsx > T-06-28 D4 / D4b / D4c class calendar (front half, MSW) > R-06-15 INSTRUCTOR (no /parameters) sees «Nivells» only on a class with levels
clubs-admin:test: [BrandingProvider] Club Agility Cànic: primary and onPrimary contrast (3.32:1) is below WCAG AA.
clubs-admin:test: 
clubs-admin:test: stderr | src/planning/CalendarPage.test.tsx > T-06-28 D4 / D4b / D4c class calendar (front half, MSW) > R-06-11 lists the RING_BLOCK_CONFLICT conflicts inside the block drawer
clubs-admin:test: [BrandingProvider] Club Agility Cànic: primary and onPrimary contrast (3.32:1) is below WCAG AA.
clubs-admin:test: 
clubs-admin:test: stderr | src/planning/CalendarPage.test.tsx > T-06-28 D4 / D4b / D4c class calendar (front half, MSW) > INSTRUCTOR reads the calendar without actions and with inert chips (A22 c)
clubs-admin:test: [BrandingProvider] Club Agility Cànic: primary and onPrimary contrast (3.32:1) is below WCAG AA.
clubs-admin:test: 
clubs-admin:test: stderr | src/planning/CalendarPage.test.tsx > T-06-28 D4 / D4b / D4c class calendar (front half, MSW) > shows the week warnings and selects the class of a warning; day headers open the day view
clubs-admin:test: [BrandingProvider] Club Agility Cànic: primary and onPrimary contrast (3.32:1) is below WCAG AA.
clubs-admin:test: 
clubs-admin:test:  ✓ src/planning/CalendarPage.test.tsx (24 tests) 7298ms
clubs-admin:test:    ✓ T-06-28 D4 / D4b / D4c class calendar (front half, MSW) (24)
clubs-admin:test:      ✓ opens «Esborrany» on the first week with drafts, with the validation card and its count 1362ms
clubs-admin:test:      ✓ [VALIDAR LA SETMANA] turns every draft of the week active at once 588ms
clubs-admin:test:      ✓ cancels an active class with registrants through D4c: four rows, text required, «ANUL·LA I AVISA ELS 4 ALUMNES» 520ms
clubs-admin:test:      ✓ [ELIMINA] of an active class goes through the same D4c modal 404ms
clubs-admin:test:      ✓ R-06-09 saves the diff with the version; STALE_VERSION keeps its message after the refetch remounts the card 526ms
clubs-admin:test:      ✓ R-06-05 moving a class onto training bookings asks first and resends with cancelBookings 328ms
clubs-admin:test:      ✓ R-06-11 a new ring after RING_HAS_BOOKINGS drops the confirmation: no cancelBookings for a ring not shown 317ms
clubs-admin:test:      ✓ R-06-09 [Crear classe]: a new time or ring after RING_HAS_BOOKINGS drops the confirmation 369ms
clubs-admin:test:      ✓ R-06-09 [Crear classe]: a RING_HAS_BOOKINGS answer that arrives after a ring change is dropped 343ms
clubs-admin:test:      ✓ R-06-11 the block drawer locks ring, date and times until a delayed RING_HAS_BOOKINGS arrives 315ms
clubs-admin:test: 
clubs-admin:test:  Test Files  18 passed (18)
clubs-admin:test:       Tests  134 passed (134)
clubs-admin:test:    Start at  21:15:45
clubs-admin:test:    Duration  11.93s (tests 34%, environment 33%, transform 17%, setup 8%, import 7%)
clubs-admin:test: 

 Tasks:    34 successful, 34 total
Cached:    0 cached, 34 total
  Time:    28.411s 

