• turbo 2.10.12

   • Packages in scope: @agilityhub/api-client, @agilityhub/auth, @agilityhub/config, @agilityhub/course-core, @agilityhub/i18n, @agilityhub/shared-types, @agilityhub/ui, clubs, clubs-admin, id
   • Running lint, typecheck, test, build in 10 packages
   • Remote caching disabled

@agilityhub/api-client:typecheck: cache miss, executing 8d6fbb366c7876bc
clubs:lint: cache miss, executing 069b93b4ede50fe8
@agilityhub/course-core:lint: cache hit, replaying logs ef70bf6c19ae37ee
@agilityhub/ui:typecheck: cache hit, replaying logs d642f9a8063f8488
@agilityhub/ui:lint: cache hit, replaying logs 2fd586d733e67fdc
@agilityhub/config:lint: cache hit, replaying logs 42ac5d636417f38d
@agilityhub/ui:test: cache hit, replaying logs 42353ca7b674ee12
clubs-admin:lint: cache hit, replaying logs 6380c68184ff9926
@agilityhub/config:typecheck: cache hit, replaying logs 6860c83ceac65ae7
@agilityhub/ui:typecheck: 
@agilityhub/ui:typecheck: > @agilityhub/ui@0.0.0 typecheck /Users/jordib/dev/agilityhub/agilityhub-core-web/packages/ui
@agilityhub/ui:typecheck: > tsc --noEmit
@agilityhub/ui:typecheck: 
@agilityhub/ui:lint: 
@agilityhub/ui:test: 
@agilityhub/ui:test: > @agilityhub/ui@0.0.0 test /Users/jordib/dev/agilityhub/agilityhub-core-web/packages/ui
@agilityhub/ui:test: > vitest run
@agilityhub/ui:test: 
@agilityhub/ui:test: 
@agilityhub/ui:test: [1m[30m[46m RUN [49m[39m[22m [36mv5.0.0 [39m[90m/Users/jordib/dev/agilityhub/agilityhub-core-web/packages/ui[39m
@agilityhub/ui:lint: > @agilityhub/ui@0.0.0 lint /Users/jordib/dev/agilityhub/agilityhub-core-web/packages/ui
@agilityhub/ui:lint: > eslint src --max-warnings 0 --config ../../eslint.config.mjs
@agilityhub/ui:lint: 
@agilityhub/config:typecheck: 
@agilityhub/config:typecheck: > @agilityhub/config@0.0.0 typecheck /Users/jordib/dev/agilityhub/agilityhub-core-web/packages/config
clubs-admin:lint: 
@agilityhub/config:lint: 
@agilityhub/config:lint: > @agilityhub/config@0.0.0 lint /Users/jordib/dev/agilityhub/agilityhub-core-web/packages/config
@agilityhub/config:lint: > eslint . --max-warnings 0 --config ../../eslint.config.mjs
@agilityhub/config:lint: 
@agilityhub/ui:test: 
@agilityhub/config:typecheck: > node --check eslint.config.mjs && node --check prettier.config.mjs && node --check scripts/prepare-husky.mjs
@agilityhub/config:typecheck: 
@agilityhub/ui:test:  [32m✓[39m src/universal-list.test.tsx [2m([22m[2m5 tests[22m[2m)[22m[32m 37[2mms[22m[39m
@agilityhub/ui:test:  [32m✓[39m src/branding.test.tsx [2m([22m[2m4 tests[22m[2m)[22m[32m 52[2mms[22m[39m
@agilityhub/ui:test:  [32m✓[39m src/icons/Icon.test.tsx [2m([22m[2m1 test[22m[2m)[22m[32m 220[2mms[22m[39m
@agilityhub/ui:test:  [32m✓[39m src/index.test.ts [2m([22m[2m2 tests[22m[2m)[22m[32m 4[2mms[22m[39m
@agilityhub/ui:test:  [32m✓[39m src/schedule-grid.test.tsx [2m([22m[2m2 tests[22m[2m)[22m[33m 467[2mms[22m[39m
@agilityhub/ui:test:    [32m✓[39m ScheduleGrid [2m(2)[22m
clubs-admin:lint: > clubs-admin@0.0.0 lint /Users/jordib/dev/agilityhub/agilityhub-core-web/apps/clubs-admin
@agilityhub/course-core:lint: 
@agilityhub/course-core:lint: > @agilityhub/course-core@0.0.1 lint /Users/jordib/dev/agilityhub/agilityhub-core-web/packages/course-core
@agilityhub/course-core:lint: > eslint src tests --max-warnings 0 --config ../../eslint.config.mjs
@agilityhub/course-core:lint: 
@agilityhub/ui:test:      [33m[2m✓[22m[39m stacks cells per slot, exposes day buttons and tints cells through --schedule-color[33m 444[2mms[22m[39m
@agilityhub/ui:test:  [32m✓[39m src/limited-markdown.test.tsx [2m([22m[2m1 test[22m[2m)[22m[32m 199[2mms[22m[39m
@agilityhub/ui:test:  [32m✓[39m src/day-grid.test.tsx [2m([22m[2m7 tests[22m[2m)[22m[33m 478[2mms[22m[39m
@agilityhub/ui:test:    [32m✓[39m DayGrid presenter (screens 10 / 23) [2m(7)[22m
@agilityhub/ui:test:      [33m[2m✓[22m[39m keeps identical ring columns and strips the leading zero of each start time[33m 314[2mms[22m[39m
@agilityhub/ui:test:  [32m✓[39m src/rich-text.test.tsx [2m([22m[2m12 tests[22m[2m)[22m[33m 641[2mms[22m[39m
@agilityhub/ui:test:  [32m✓[39m src/components.test.tsx [2m([22m[2m27 tests[22m[2m)[22m[33m 889[2mms[22m[39m
@agilityhub/ui:test:    [32m✓[39m base components [2m(27)[22m
@agilityhub/ui:test:      [33m[2m✓[22m[39m Button exposes a disabled loading state[33m 354[2mms[22m[39m
@agilityhub/ui:test: 
@agilityhub/ui:test: [2m Test Files [22m [1m[32m9 passed[39m[22m[90m (9)[39m
@agilityhub/ui:test: [2m      Tests [22m [1m[32m61 passed[39m[22m[90m (61)[39m
@agilityhub/ui:test: [2m   Start at [22m 18:45:33
@agilityhub/ui:test: [2m   Duration [22m 8.77s[2m (environment 67%, setup 16%, transform 11%, tests 5%, import 1%)[22m
@agilityhub/ui:test: 
clubs-admin:lint: > eslint . --max-warnings 0 --config ../../eslint.config.mjs
clubs-admin:lint: 
@agilityhub/i18n:lint: cache miss, executing db914504da29a48c
@agilityhub/course-core:build: cache hit, replaying logs 431d96cbc72fd83b
@agilityhub/api-client:lint: cache miss, executing b09b10c7130f9076
@agilityhub/course-core:test: cache hit, replaying logs 1c26edab867f42c5
@agilityhub/course-core:build: 
@agilityhub/shared-types:lint: cache hit, replaying logs d383151fe730994b
@agilityhub/course-core:typecheck: cache hit, replaying logs 671f426b6643ad21
@agilityhub/auth:lint: cache hit, replaying logs f4053950041e0287
@agilityhub/course-core:build: > @agilityhub/course-core@0.0.1 build /Users/jordib/dev/agilityhub/agilityhub-core-web/packages/course-core
@agilityhub/course-core:build: > tsc -p tsconfig.build.json
@agilityhub/course-core:build: 
id:lint: cache hit, replaying logs f7faf03e54849b61
@agilityhub/course-core:typecheck: 
@agilityhub/course-core:typecheck: > @agilityhub/course-core@0.0.1 typecheck /Users/jordib/dev/agilityhub/agilityhub-core-web/packages/course-core
@agilityhub/course-core:typecheck: > tsc --noEmit
@agilityhub/course-core:typecheck: 
@agilityhub/course-core:test: 
@agilityhub/course-core:test: > @agilityhub/course-core@0.0.1 test /Users/jordib/dev/agilityhub/agilityhub-core-web/packages/course-core
@agilityhub/course-core:test: > vitest run
@agilityhub/course-core:test: 
@agilityhub/course-core:test: 
@agilityhub/course-core:test: [1m[30m[46m RUN [49m[39m[22m [36mv5.0.0 [39m[90m/Users/jordib/dev/agilityhub/agilityhub-core-web/packages/course-core[39m
@agilityhub/course-core:test: 
@agilityhub/course-core:test:  [32m✓[39m tests/marker-id.test.ts [2m([22m[2m11 tests[22m[2m)[22m[32m 5[2mms[22m[39m
@agilityhub/course-core:test:  [32m✓[39m tests/wrapper.test.ts [2m([22m[2m5 tests[22m[2m)[22m[32m 3[2mms[22m[39m
@agilityhub/course-core:test:  [32m✓[39m tests/geometry-primitives.test.ts [2m([22m[2m15 tests[22m[2m)[22m[32m 5[2mms[22m[39m
@agilityhub/course-core:test:  [32m✓[39m tests/units.test.ts [2m([22m[2m5 tests[22m[2m)[22m[32m 3[2mms[22m[39m
@agilityhub/course-core:test:  [32m✓[39m tests/calibration.test.ts [2m([22m[2m9 tests[22m[2m)[22m[32m 7[2mms[22m[39m
@agilityhub/course-core:test:  [32m✓[39m tests/geometry-transform.test.ts [2m([22m[2m6 tests[22m[2m)[22m[32m 3[2mms[22m[39m
@agilityhub/course-core:test:  [32m✓[39m tests/marker-svg.test.ts [2m([22m[2m29 tests[22m[2m)[22m[32m 11[2mms[22m[39m
@agilityhub/course-core:test:  [32m✓[39m tests/apriltag-36h11.test.ts [2m([22m[2m31 tests[22m[2m)[22m[32m 26[2mms[22m[39m
@agilityhub/course-core:test:  [32m✓[39m tests/ring.test.ts [2m([22m[2m7 tests[22m[2m)[22m[32m 7[2mms[22m[39m
@agilityhub/course-core:test:  [32m✓[39m tests/parse-smarter-colors-txt.test.ts [2m([22m[2m6 tests[22m[2m)[22m[32m 5[2mms[22m[39m
@agilityhub/course-core:test:  [32m✓[39m tests/placement.test.ts [2m([22m[2m20 tests[22m[2m)[22m[32m 7[2mms[22m[39m
@agilityhub/course-core:test:  [32m✓[39m tests/summarize-course.test.ts [2m([22m[2m8 tests[22m[2m)[22m[32m 15[2mms[22m[39m
@agilityhub/course-core:test:  [32m✓[39m tests/parse-smarter-txt.test.ts [2m([22m[2m113 tests[22m[2m)[22m[32m 20[2mms[22m[39m
@agilityhub/course-core:test:  [32m✓[39m tests/coords.test.ts [2m([22m[2m5 tests[22m[2m)[22m[32m 3[2mms[22m[39m
@agilityhub/course-core:test:  [32m✓[39m tests/smarter-writer.test.ts [2m([22m[2m8 tests[22m[2m)[22m[32m 15[2mms[22m[39m
@agilityhub/course-core:test:  [32m✓[39m tests/warnings-engine.test.ts [2m([22m[2m13 tests[22m[2m)[22m[32m 7[2mms[22m[39m
@agilityhub/course-core:test:  [32m✓[39m tests/warnings-rules.test.ts [2m([22m[2m26 tests[22m[2m)[22m[32m 19[2mms[22m[39m
@agilityhub/course-core:test:  [32m✓[39m tests/smarter-fixtures.test.ts [2m([22m[2m25 tests[22m[2m)[22m[32m 12[2mms[22m[39m
@agilityhub/course-core:test: 
@agilityhub/course-core:test: [2m Test Files [22m [1m[32m18 passed[39m[22m[90m (18)[39m
@agilityhub/course-core:test: [2m      Tests [22m [1m[32m342 passed[39m[22m[90m (342)[39m
@agilityhub/course-core:test: [2m   Start at [22m 18:02:19
@agilityhub/course-core:test: [2m   Duration [22m 632ms[2m (transform 83%, import 12%, tests 4%, worker 2%)[22m
@agilityhub/course-core:test: 
@agilityhub/course-core:test: [2m  Transform [22m [33mtransforming modules took 3.89s[39m[2m · 83% of tracked time, re-done on every run[22m
@agilityhub/course-core:test: [2m            [22m [2mpersist transforms across runs with [22m[33mfsModuleCache: true[39m
@agilityhub/auth:lint: 
@agilityhub/auth:lint: > @agilityhub/auth@0.0.0 lint /Users/jordib/dev/agilityhub/agilityhub-core-web/packages/auth
@agilityhub/auth:lint: > eslint src --max-warnings 0 --config ../../eslint.config.mjs
@agilityhub/auth:lint: 
@agilityhub/shared-types:lint: 
@agilityhub/shared-types:lint: > @agilityhub/shared-types@0.0.1 lint /Users/jordib/dev/agilityhub/agilityhub-core-web/packages/shared-types
@agilityhub/course-core:test: [2m            [22m [2mlearn more: https://vitest.dev/guide/improving-performance#caching-between-reruns[22m
@agilityhub/course-core:test: 
@agilityhub/shared-types:lint: > eslint src tests --max-warnings 0 --config ../../eslint.config.mjs
@agilityhub/shared-types:lint: 
id:lint: 
id:lint: > id@0.0.0 lint /Users/jordib/dev/agilityhub/agilityhub-core-web/apps/id
id:lint: > eslint . --max-warnings 0 --config ../../eslint.config.mjs
id:lint: 
@agilityhub/api-client:test: cache miss, executing 8e32095f2f65ba89
@agilityhub/i18n:test: cache miss, executing f0dc98da27daf462
@agilityhub/i18n:typecheck: cache miss, executing 99fb933147670ec1
@agilityhub/shared-types:typecheck: cache hit, replaying logs c4a7a4d38f585971
@agilityhub/shared-types:test: cache hit, replaying logs 30c0e8b7888e66b3
@agilityhub/shared-types:typecheck: 
@agilityhub/shared-types:typecheck: > @agilityhub/shared-types@0.0.1 typecheck /Users/jordib/dev/agilityhub/agilityhub-core-web/packages/shared-types
@agilityhub/shared-types:typecheck: > tsc --noEmit
@agilityhub/shared-types:typecheck: 
@agilityhub/shared-types:test: 
@agilityhub/shared-types:test: > @agilityhub/shared-types@0.0.1 test /Users/jordib/dev/agilityhub/agilityhub-core-web/packages/shared-types
@agilityhub/shared-types:test: > vitest run
@agilityhub/shared-types:test: 
@agilityhub/shared-types:test: 
@agilityhub/shared-types:test: [1m[30m[46m RUN [49m[39m[22m [36mv5.0.0 [39m[90m/Users/jordib/dev/agilityhub/agilityhub-core-web/packages/shared-types[39m
@agilityhub/shared-types:test: 
@agilityhub/shared-types:test:  [32m✓[39m tests/build-session-export.test.ts [2m([22m[2m21 tests[22m[2m)[22m[32m 21[2mms[22m[39m
@agilityhub/shared-types:test: 
@agilityhub/shared-types:test: [2m Test Files [22m [1m[32m1 passed[39m[22m[90m (1)[39m
@agilityhub/shared-types:test: [2m      Tests [22m [1m[32m21 passed[39m[22m[90m (21)[39m
@agilityhub/shared-types:test: [2m   Start at [22m 18:02:20
@agilityhub/shared-types:test: [2m   Duration [22m 613ms[2m (transform 82%, import 13%, tests 4%)[22m
@agilityhub/shared-types:test: 
@agilityhub/shared-types:build: cache hit, replaying logs d3d69457da5c20b5
@agilityhub/shared-types:build: 
@agilityhub/shared-types:build: > @agilityhub/shared-types@0.0.1 build /Users/jordib/dev/agilityhub/agilityhub-core-web/packages/shared-types
@agilityhub/shared-types:build: > tsc -p tsconfig.build.json
@agilityhub/shared-types:build: 
id:build: cache miss, executing 1a236d9f79fc3f73
clubs-admin:build: cache miss, executing 84b5da5acbf949c6
clubs:build: cache miss, executing 04e29428bf96a400
@agilityhub/i18n:typecheck: 
@agilityhub/i18n:typecheck: > @agilityhub/i18n@0.0.0 typecheck /Users/jordib/dev/agilityhub/agilityhub-core-web/packages/i18n
@agilityhub/i18n:typecheck: > tsc --noEmit
@agilityhub/i18n:typecheck: 
@agilityhub/i18n:lint: 
@agilityhub/i18n:lint: > @agilityhub/i18n@0.0.0 lint /Users/jordib/dev/agilityhub/agilityhub-core-web/packages/i18n
@agilityhub/i18n:lint: > eslint src --max-warnings 0 --config ../../eslint.config.mjs
@agilityhub/i18n:lint: 
@agilityhub/api-client:test: 
@agilityhub/api-client:test: > @agilityhub/api-client@0.0.0 test /Users/jordib/dev/agilityhub/agilityhub-core-web/packages/api-client
@agilityhub/api-client:test: > vitest run
@agilityhub/api-client:test: 
clubs:build: 
clubs:build: > clubs@0.0.0 build /Users/jordib/dev/agilityhub/agilityhub-core-web/apps/clubs
clubs:build: > tsc --noEmit && vite build
clubs:build: 
@agilityhub/api-client:typecheck: 
@agilityhub/api-client:typecheck: > @agilityhub/api-client@0.0.0 typecheck /Users/jordib/dev/agilityhub/agilityhub-core-web/packages/api-client
@agilityhub/api-client:typecheck: > tsc --noEmit
@agilityhub/api-client:typecheck: 
clubs-admin:build: 
clubs-admin:build: > clubs-admin@0.0.0 build /Users/jordib/dev/agilityhub/agilityhub-core-web/apps/clubs-admin
clubs-admin:build: > tsc --noEmit && vite build
clubs-admin:build: 
@agilityhub/api-client:lint: 
@agilityhub/api-client:lint: > @agilityhub/api-client@0.0.0 lint /Users/jordib/dev/agilityhub/agilityhub-core-web/packages/api-client
@agilityhub/api-client:lint: > eslint src --ignore-pattern src/generated/** --max-warnings 0 --config ../../eslint.config.mjs
@agilityhub/api-client:lint: 
id:build: 
id:build: > id@0.0.0 build /Users/jordib/dev/agilityhub/agilityhub-core-web/apps/id
id:build: > tsc --noEmit && vite build
id:build: 
clubs:lint: 
clubs:lint: > clubs@0.0.0 lint /Users/jordib/dev/agilityhub/agilityhub-core-web/apps/clubs
clubs:lint: > eslint . --max-warnings 0 --config ../../eslint.config.mjs
clubs:lint: 
@agilityhub/i18n:test: 
@agilityhub/i18n:test: > @agilityhub/i18n@0.0.0 test /Users/jordib/dev/agilityhub/agilityhub-core-web/packages/i18n
@agilityhub/i18n:test: > vitest run
@agilityhub/i18n:test: 
@agilityhub/api-client:test: 
@agilityhub/api-client:test: [1m[30m[46m RUN [49m[39m[22m [36mv5.0.0 [39m[90m/Users/jordib/dev/agilityhub/agilityhub-core-web/packages/api-client[39m
@agilityhub/api-client:test: 
@agilityhub/i18n:test: 
@agilityhub/i18n:test: [1m[30m[46m RUN [49m[39m[22m [36mv5.0.0 [39m[90m/Users/jordib/dev/agilityhub/agilityhub-core-web/packages/i18n[39m
@agilityhub/i18n:test: 
@agilityhub/i18n:test:  [32m✓[39m src/masking.test.ts [2m([22m[2m9 tests[22m[2m)[22m[32m 5[2mms[22m[39m
@agilityhub/i18n:test:  [32m✓[39m src/locale.test.ts [2m([22m[2m3 tests[22m[2m)[22m[32m 3[2mms[22m[39m
@agilityhub/i18n:test:  [32m✓[39m src/activities.test.ts [2m([22m[2m5 tests[22m[2m)[22m[32m 27[2mms[22m[39m
@agilityhub/i18n:test:  [32m✓[39m src/format.test.ts [2m([22m[2m31 tests[22m[2m)[22m[32m 36[2mms[22m[39m
@agilityhub/i18n:test:  [32m✓[39m src/index.test.ts [2m([22m[2m3 tests[22m[2m)[22m[32m 43[2mms[22m[39m
@agilityhub/i18n:test: 
@agilityhub/i18n:test: [2m Test Files [22m [1m[32m5 passed[39m[22m[90m (5)[39m
@agilityhub/i18n:test: [2m      Tests [22m [1m[32m51 passed[39m[22m[90m (51)[39m
@agilityhub/i18n:test: [2m   Start at [22m 19:25:33
@agilityhub/i18n:test: [2m   Duration [22m 570ms[2m (transform 71%, import 17%, tests 10%, worker 2%)[22m
@agilityhub/i18n:test: 
@agilityhub/api-client:test:  [32m✓[39m src/club-pages.test.ts [2m([22m[2m1 test[22m[2m)[22m[32m 21[2mms[22m[39m
@agilityhub/api-client:test:  [32m✓[39m src/mocks/signup-handlers.test.ts [2m([22m[2m2 tests[22m[2m)[22m[32m 49[2mms[22m[39m
@agilityhub/api-client:test:  [32m✓[39m src/mocks/activity-handlers.test.ts [2m([22m[2m8 tests[22m[2m)[22m[33m 348[2mms[22m[39m
@agilityhub/api-client:test:  [32m✓[39m src/index.test.ts [2m([22m[2m12 tests[22m[2m)[22m[33m 477[2mms[22m[39m
@agilityhub/api-client:test:  [32m✓[39m src/mocks/calendar-handlers.test.ts [2m([22m[2m6 tests[22m[2m)[22m[33m 557[2mms[22m[39m
@agilityhub/api-client:test:  [32m✓[39m src/mocks/fixtures.contract.test.ts [2m([22m[2m38 tests[22m[2m)[22m[33m 628[2mms[22m[39m
@agilityhub/api-client:test:  [32m✓[39m src/mocks/day-grid-handlers.test.ts [2m([22m[2m11 tests[22m[2m)[22m[33m 773[2mms[22m[39m
@agilityhub/api-client:test: 
@agilityhub/api-client:test: [2m Test Files [22m [1m[32m7 passed[39m[22m[90m (7)[39m
@agilityhub/api-client:test: [2m      Tests [22m [1m[32m78 passed[39m[22m[90m (78)[39m
@agilityhub/api-client:test: [2m   Start at [22m 19:25:33
@agilityhub/api-client:test: [2m   Duration [22m 1.80s[2m (transform 37%, tests 33%, import 30%)[22m
@agilityhub/api-client:test: 
@agilityhub/api-client:test: [2m  Transform [22m [33mtransforming modules took 3.23s[39m[2m · 37% of tracked time, re-done on every run[22m
@agilityhub/api-client:test: [2m            [22m [2mpersist transforms across runs with [22m[33mfsModuleCache: true[39m
@agilityhub/api-client:test: [2m            [22m [2mlearn more: https://vitest.dev/guide/improving-performance#caching-between-reruns[22m
@agilityhub/api-client:test: 
@agilityhub/auth:test: cache miss, executing b80f3e05933595b4
@agilityhub/auth:typecheck: cache miss, executing 845a7065a470b529
@agilityhub/auth:test: 
@agilityhub/auth:test: > @agilityhub/auth@0.0.0 test /Users/jordib/dev/agilityhub/agilityhub-core-web/packages/auth
@agilityhub/auth:test: > vitest run
@agilityhub/auth:test: 
@agilityhub/auth:typecheck: 
@agilityhub/auth:typecheck: > @agilityhub/auth@0.0.0 typecheck /Users/jordib/dev/agilityhub/agilityhub-core-web/packages/auth
@agilityhub/auth:typecheck: > tsc --noEmit
@agilityhub/auth:typecheck: 
@agilityhub/auth:test: 
@agilityhub/auth:test: [1m[30m[46m RUN [49m[39m[22m [36mv5.0.0 [39m[90m/Users/jordib/dev/agilityhub/agilityhub-core-web/packages/auth[39m
@agilityhub/auth:test: 
id:build: vite v8.2.2 building client environment for production...
id:build: transforming...
id:build: ✓ 451 modules transformed.
id:build: rendering chunks...
id:build: computing gzip size...
id:build: dist/index.html                                           0.39 kB │ gzip:   0.26 kB
id:build: dist/assets/sprite-BOr1Ydze.svg                           5.78 kB │ gzip:   1.52 kB
id:build: dist/assets/montserrat-latin-600-normal-UVxSCcoG.woff2   18.68 kB
id:build: dist/assets/montserrat-latin-500-normal-DRFEGfly.woff2   18.74 kB
id:build: dist/assets/montserrat-latin-400-normal-BLhwKU8k.woff2   18.78 kB
id:build: dist/assets/montserrat-latin-700-normal-BdjcYUrC.woff2   18.82 kB
id:build: dist/assets/montserrat-latin-600-normal-CdhFl4lI.woff    20.54 kB
id:build: dist/assets/montserrat-latin-500-normal-Dok2oTci.woff    20.60 kB
id:build: dist/assets/montserrat-latin-400-normal-xItZbAXg.woff    20.64 kB
id:build: dist/assets/montserrat-latin-700-normal-BWkrl476.woff    20.67 kB
id:build: dist/assets/index-DuIGCCQP.css                           40.29 kB │ gzip:   7.82 kB
id:build: dist/assets/home-BJG5H_Az.js                              0.49 kB │ gzip:   0.32 kB
id:build: dist/assets/home-CzYjkoJZ.js                              0.53 kB │ gzip:   0.34 kB
id:build: dist/assets/home-0ruFF7Cs.js                              0.53 kB │ gzip:   0.34 kB
id:build: dist/assets/instructor-Dhedv5sg.js                        0.62 kB │ gzip:   0.35 kB
id:build: dist/assets/instructor-CjYt75g5.js                        0.65 kB │ gzip:   0.38 kB
id:build: dist/assets/instructor-DliXCRMK.js                        0.65 kB │ gzip:   0.38 kB
id:build: dist/assets/shell-5wrIZEiU.js                             1.34 kB │ gzip:   0.71 kB
id:build: dist/assets/shell-BPq7tYY0.js                             1.38 kB │ gzip:   0.79 kB
id:build: dist/assets/shell-Cc61Igy-.js                             1.41 kB │ gzip:   0.79 kB
id:build: dist/assets/activities-DR2QkLSJ.js                        1.49 kB │ gzip:   0.71 kB
id:build: dist/assets/admin-dashboard-CMKZRVii.js                   1.53 kB │ gzip:   0.80 kB
id:build: dist/assets/common-BPwvFsnQ.js                            1.55 kB │ gzip:   0.82 kB
id:build: dist/assets/activities-BJUaKFo2.js                        1.57 kB │ gzip:   0.80 kB
id:build: dist/assets/activities-BL6lWnbC.js                        1.58 kB │ gzip:   0.80 kB
id:build: dist/assets/admin-dashboard-Ap5_OABm.js                   1.61 kB │ gzip:   0.89 kB
id:build: dist/assets/common-DVY9MXrC.js                            1.64 kB │ gzip:   0.89 kB
id:build: dist/assets/admin-dashboard-CRFF2ut9.js                   1.66 kB │ gzip:   0.90 kB
id:build: dist/assets/common-Cbueg-A3.js                            1.68 kB │ gzip:   0.92 kB
id:build: dist/assets/enums-Dkdwi_pB.js                             1.89 kB │ gzip:   0.95 kB
id:build: dist/assets/enums-Cw_Eu72h.js                             1.94 kB │ gzip:   1.01 kB
id:build: dist/assets/enums-2Phj8-Df.js                             1.94 kB │ gzip:   1.01 kB
id:build: dist/assets/admin-audit-BZSQ9q1n.js                       2.88 kB │ gzip:   1.34 kB
id:build: dist/assets/id-cJQwgM2i.js                                2.89 kB │ gzip:   1.28 kB
id:build: dist/assets/id-Dio3OKNo.js                                3.04 kB │ gzip:   1.41 kB
id:build: dist/assets/id-Rnv2hXs4.js                                3.10 kB │ gzip:   1.42 kB
id:build: dist/assets/admin-audit-qNWjTa9T.js                       3.13 kB │ gzip:   1.49 kB
id:build: dist/assets/admin-audit-B9HrUHsS.js                       3.21 kB │ gzip:   1.51 kB
id:build: dist/assets/auth-B2g8lbGP.js                              4.30 kB │ gzip:   1.88 kB
id:build: dist/assets/auth-CPbUJNgL.js                              4.74 kB │ gzip:   2.09 kB
id:build: dist/assets/auth-DjeifVuz.js                              4.80 kB │ gzip:   2.09 kB
id:build: dist/assets/signup-eMaPvNNk.js                            5.09 kB │ gzip:   2.35 kB
id:build: dist/assets/admin-catalogs-DAQTDns9.js                    5.22 kB │ gzip:   1.95 kB
id:build: dist/assets/signup-D8va-3gE.js                            5.31 kB │ gzip:   2.60 kB
id:build: dist/assets/signup-hTFsmQy7.js                            5.41 kB │ gzip:   2.61 kB
id:build: dist/assets/admin-catalogs-Coe9B6Bf.js                    5.48 kB │ gzip:   2.16 kB
id:build: dist/assets/admin-activities-CvPvr0IQ.js                  5.56 kB │ gzip:   2.26 kB
id:build: dist/assets/admin-catalogs-CvR4YWAF.js                    5.68 kB │ gzip:   2.19 kB
id:build: dist/assets/admin-activities-Nh8JrplE.js                  5.69 kB │ gzip:   2.43 kB
id:build: dist/assets/admin-activities-yczMFJ76.js                  5.90 kB │ gzip:   2.49 kB
id:build: dist/assets/census-2y4pkTWD.js                            5.96 kB │ gzip:   2.39 kB
id:build: dist/assets/census-CfjHQ4Uz.js                            6.29 kB │ gzip:   2.64 kB
id:build: dist/assets/census-C9vkPZEn.js                            6.47 kB │ gzip:   2.67 kB
id:build: dist/assets/admin-scheduling-CzXsS4mt.js                  7.53 kB │ gzip:   2.83 kB
id:build: dist/assets/admin-scheduling-DDQankpt.js                  7.89 kB │ gzip:   3.06 kB
id:build: dist/assets/admin-scheduling-Rj6gg9sd.js                  7.89 kB │ gzip:   3.07 kB
id:build: dist/assets/admin-census-B_rddRVa.js                      8.62 kB │ gzip:   3.40 kB
id:build: dist/assets/admin-census-YEF2LUsD.js                      9.08 kB │ gzip:   3.66 kB
id:build: dist/assets/admin-census-C4D2RM-O.js                      9.40 kB │ gzip:   3.74 kB
id:build: dist/assets/admin-settings-ed4raEOS.js                   17.01 kB │ gzip:   6.05 kB
id:build: dist/assets/admin-settings-DWM9_lDb.js                   18.15 kB │ gzip:   6.62 kB
id:build: dist/assets/admin-settings-D3Fbd__C.js                   18.51 kB │ gzip:   6.62 kB
id:build: dist/assets/errors-DTtOT7jL.js                           21.82 kB │ gzip:   7.10 kB
id:build: dist/assets/errors-DqWbzYut.js                           23.16 kB │ gzip:   7.51 kB
id:build: dist/assets/errors-DTSzpTgR.js                           23.16 kB │ gzip:   7.47 kB
id:build: dist/assets/index-AGChi-IX.js                           321.28 kB │ gzip:  99.60 kB
id:build: dist/assets/browser-uqYyG9m3.js                         804.69 kB │ gzip: 355.49 kB
id:build: 
id:build: ✓ built in 322ms
id:build: [plugin builtin:vite-reporter] 
id:build: (!) Some chunks are larger than 500 kB after minification. Consider:
id:build: - Using dynamic import() to code-split the application
id:build: - Use build.rolldownOptions.output.codeSplitting to improve chunking: https://rolldown.rs/reference/OutputOptions.codeSplitting
id:build: - Adjust chunk size limit for this warning via build.chunkSizeWarningLimit.
@agilityhub/auth:test:  [32m✓[39m src/auth-client.test.ts [2m([22m[2m14 tests[22m[2m)[22m[32m 97[2mms[22m[39m
@agilityhub/auth:test:  [32m✓[39m src/session.test.tsx [2m([22m[2m3 tests[22m[2m)[22m[32m 170[2mms[22m[39m
@agilityhub/auth:test: 
@agilityhub/auth:test: [2m Test Files [22m [1m[32m2 passed[39m[22m[90m (2)[39m
@agilityhub/auth:test: [2m      Tests [22m [1m[32m17 passed[39m[22m[90m (17)[39m
@agilityhub/auth:test: [2m   Start at [22m 19:25:37
@agilityhub/auth:test: [2m   Duration [22m 1.55s[2m (environment 64%, import 14%, transform 11%, tests 11%)[22m
@agilityhub/auth:test: 
clubs:build: vite v8.2.2 building client environment for production...
clubs:build: transforming...
clubs:build: ✓ 466 modules transformed.
clubs-admin:typecheck: cache miss, executing 0b668d93794ad1e2
id:test: cache miss, executing 76a187834218d2c9
id:typecheck: cache miss, executing a12b33da31dd97d4
clubs:typecheck: cache miss, executing 879945b7b08ef4cf
clubs:test: cache miss, executing 3e89a9e4f11d2722
clubs-admin:test: cache miss, executing 70cf6cf07fd021f1
clubs:build: rendering chunks...
clubs:build: computing gzip size...
clubs:build: dist/registerSW.js                                        0.13 kB
clubs:build: dist/index.html                                           2.78 kB │ gzip:   0.97 kB
clubs:build: dist/assets/sprite-BOr1Ydze.svg                           5.78 kB │ gzip:   1.52 kB
clubs:build: dist/assets/montserrat-latin-600-normal-UVxSCcoG.woff2   18.68 kB
clubs:build: dist/assets/montserrat-latin-500-normal-DRFEGfly.woff2   18.74 kB
clubs:build: dist/assets/montserrat-latin-400-normal-BLhwKU8k.woff2   18.78 kB
clubs:build: dist/assets/montserrat-latin-700-normal-BdjcYUrC.woff2   18.82 kB
clubs:build: dist/assets/montserrat-latin-600-normal-CdhFl4lI.woff    20.54 kB
clubs:build: dist/assets/montserrat-latin-500-normal-Dok2oTci.woff    20.60 kB
clubs:build: dist/assets/montserrat-latin-400-normal-xItZbAXg.woff    20.64 kB
clubs:build: dist/assets/montserrat-latin-700-normal-BWkrl476.woff    20.67 kB
clubs:build: dist/assets/index-B595Yj6k.css                           73.87 kB │ gzip:  12.48 kB
clubs:build: dist/assets/home-BJG5H_Az.js                              0.49 kB │ gzip:   0.32 kB
clubs:build: dist/assets/home-CzYjkoJZ.js                              0.53 kB │ gzip:   0.34 kB
clubs:build: dist/assets/home-0ruFF7Cs.js                              0.53 kB │ gzip:   0.34 kB
clubs:build: dist/assets/instructor-Dhedv5sg.js                        0.62 kB │ gzip:   0.35 kB
clubs:build: dist/assets/instructor-CjYt75g5.js                        0.65 kB │ gzip:   0.38 kB
clubs:build: dist/assets/instructor-DliXCRMK.js                        0.65 kB │ gzip:   0.38 kB
clubs:build: dist/assets/activities-DR2QkLSJ.js                        1.49 kB │ gzip:   0.71 kB
clubs:build: dist/assets/admin-dashboard-CMKZRVii.js                   1.53 kB │ gzip:   0.80 kB
clubs:build: dist/assets/activities-BJUaKFo2.js                        1.57 kB │ gzip:   0.80 kB
clubs:build: dist/assets/activities-BL6lWnbC.js                        1.58 kB │ gzip:   0.80 kB
clubs:build: dist/assets/admin-dashboard-Ap5_OABm.js                   1.61 kB │ gzip:   0.89 kB
clubs:build: dist/assets/admin-dashboard-CRFF2ut9.js                   1.66 kB │ gzip:   0.90 kB
clubs:build: dist/assets/enums-Dkdwi_pB.js                             1.89 kB │ gzip:   0.95 kB
clubs:build: dist/assets/enums-Cw_Eu72h.js                             1.94 kB │ gzip:   1.01 kB
clubs:build: dist/assets/enums-2Phj8-Df.js                             1.94 kB │ gzip:   1.01 kB
clubs:build: dist/assets/admin-audit-BZSQ9q1n.js                       2.88 kB │ gzip:   1.34 kB
clubs:build: dist/assets/id-cJQwgM2i.js                                2.89 kB │ gzip:   1.28 kB
clubs:build: dist/assets/id-Dio3OKNo.js                                3.04 kB │ gzip:   1.41 kB
clubs:build: dist/assets/id-Rnv2hXs4.js                                3.10 kB │ gzip:   1.42 kB
clubs:build: dist/assets/admin-audit-qNWjTa9T.js                       3.13 kB │ gzip:   1.49 kB
clubs:build: dist/assets/admin-audit-B9HrUHsS.js                       3.21 kB │ gzip:   1.51 kB
clubs:build: dist/assets/auth-B2g8lbGP.js                              4.30 kB │ gzip:   1.88 kB
clubs:build: dist/assets/auth-CPbUJNgL.js                              4.74 kB │ gzip:   2.09 kB
clubs:build: dist/assets/auth-DjeifVuz.js                              4.80 kB │ gzip:   2.09 kB
clubs:build: dist/assets/signup-eMaPvNNk.js                            5.09 kB │ gzip:   2.35 kB
clubs:build: dist/assets/admin-catalogs-DAQTDns9.js                    5.22 kB │ gzip:   1.95 kB
clubs:build: dist/assets/signup-D8va-3gE.js                            5.31 kB │ gzip:   2.60 kB
clubs:build: dist/assets/signup-hTFsmQy7.js                            5.41 kB │ gzip:   2.61 kB
clubs:build: dist/assets/admin-catalogs-Coe9B6Bf.js                    5.48 kB │ gzip:   2.16 kB
clubs:build: dist/assets/admin-activities-CvPvr0IQ.js                  5.56 kB │ gzip:   2.26 kB
clubs:build: dist/assets/admin-catalogs-CvR4YWAF.js                    5.68 kB │ gzip:   2.19 kB
clubs:build: dist/assets/admin-activities-Nh8JrplE.js                  5.69 kB │ gzip:   2.43 kB
clubs:build: dist/assets/admin-activities-yczMFJ76.js                  5.90 kB │ gzip:   2.49 kB
clubs:build: dist/assets/census-2y4pkTWD.js                            5.96 kB │ gzip:   2.39 kB
clubs:build: dist/assets/census-CfjHQ4Uz.js                            6.29 kB │ gzip:   2.64 kB
clubs:build: dist/assets/census-C9vkPZEn.js                            6.47 kB │ gzip:   2.67 kB
clubs:build: dist/assets/admin-scheduling-CzXsS4mt.js                  7.53 kB │ gzip:   2.83 kB
clubs:build: dist/assets/admin-scheduling-DDQankpt.js                  7.89 kB │ gzip:   3.06 kB
clubs:build: dist/assets/admin-scheduling-Rj6gg9sd.js                  7.89 kB │ gzip:   3.07 kB
clubs:build: dist/assets/admin-census-B_rddRVa.js                      8.62 kB │ gzip:   3.40 kB
clubs:build: dist/assets/admin-census-YEF2LUsD.js                      9.08 kB │ gzip:   3.66 kB
clubs:build: dist/assets/admin-census-C4D2RM-O.js                      9.40 kB │ gzip:   3.74 kB
clubs:build: dist/assets/admin-settings-ed4raEOS.js                   17.01 kB │ gzip:   6.05 kB
clubs:build: dist/assets/admin-settings-DWM9_lDb.js                   18.15 kB │ gzip:   6.62 kB
clubs:build: dist/assets/admin-settings-D3Fbd__C.js                   18.51 kB │ gzip:   6.62 kB
clubs:build: dist/assets/errors-DTtOT7jL.js                           21.82 kB │ gzip:   7.10 kB
clubs:build: dist/assets/errors-DqWbzYut.js                           23.16 kB │ gzip:   7.51 kB
clubs:build: dist/assets/errors-DTSzpTgR.js                           23.16 kB │ gzip:   7.47 kB
clubs:build: dist/assets/index-1uxuc2_z.js                           460.52 kB │ gzip: 137.42 kB
clubs:build: dist/assets/browser-uqYyG9m3.js                         804.69 kB │ gzip: 355.49 kB
clubs:build: 
clubs:build: [33m[INEFFECTIVE_DYNAMIC_IMPORT] [0m../../packages/i18n/src/locales/ca/common.json is dynamically imported by ../../packages/i18n/src/resources.ts but also statically imported by ../../packages/i18n/src/catalog.ts, dynamic import will not move module into another chunk.
clubs:build: 
clubs:build: [plugin builtin:vite-reporter] 
clubs:build: (!) Some chunks are larger than 500 kB after minification. Consider:
clubs:build: - Using dynamic import() to code-split the application
clubs:build: - Use build.rolldownOptions.output.codeSplitting to improve chunking: https://rolldown.rs/reference/OutputOptions.codeSplitting
clubs:build: - Adjust chunk size limit for this warning via build.chunkSizeWarningLimit.
clubs:build: [33m[INEFFECTIVE_DYNAMIC_IMPORT] [0m../../packages/i18n/src/locales/ca/shell.json is dynamically imported by ../../packages/i18n/src/resources.ts but also statically imported by ../../packages/i18n/src/catalog.ts, dynamic import will not move module into another chunk.
clubs:build: 
clubs:build: [33m[INEFFECTIVE_DYNAMIC_IMPORT] [0m../../packages/i18n/src/locales/en/common.json is dynamically imported by ../../packages/i18n/src/resources.ts but also statically imported by ../../packages/i18n/src/catalog.ts, dynamic import will not move module into another chunk.
clubs:build: 
clubs:build: [33m[INEFFECTIVE_DYNAMIC_IMPORT] [0m../../packages/i18n/src/locales/en/shell.json is dynamically imported by ../../packages/i18n/src/resources.ts but also statically imported by ../../packages/i18n/src/catalog.ts, dynamic import will not move module into another chunk.
clubs:build: 
clubs:build: [33m[INEFFECTIVE_DYNAMIC_IMPORT] [0m../../packages/i18n/src/locales/es/common.json is dynamically imported by ../../packages/i18n/src/resources.ts but also statically imported by ../../packages/i18n/src/catalog.ts, dynamic import will not move module into another chunk.
clubs:build: 
clubs:build: [33m[INEFFECTIVE_DYNAMIC_IMPORT] [0m../../packages/i18n/src/locales/es/shell.json is dynamically imported by ../../packages/i18n/src/resources.ts but also statically imported by ../../packages/i18n/src/catalog.ts, dynamic import will not move module into another chunk.
clubs:build: 
clubs:build: ✓ built in 284ms
clubs:typecheck: 
clubs:typecheck: > clubs@0.0.0 typecheck /Users/jordib/dev/agilityhub/agilityhub-core-web/apps/clubs
clubs:typecheck: > tsc --noEmit
clubs:typecheck: 
clubs-admin:typecheck: 
clubs-admin:typecheck: > clubs-admin@0.0.0 typecheck /Users/jordib/dev/agilityhub/agilityhub-core-web/apps/clubs-admin
clubs-admin:typecheck: > tsc --noEmit
clubs-admin:typecheck: 
id:typecheck: 
id:typecheck: > id@0.0.0 typecheck /Users/jordib/dev/agilityhub/agilityhub-core-web/apps/id
id:typecheck: > tsc --noEmit
id:typecheck: 
clubs:test: 
clubs:test: > clubs@0.0.0 test /Users/jordib/dev/agilityhub/agilityhub-core-web/apps/clubs
clubs:test: > vitest run
clubs:test: 
id:test: 
id:test: > id@0.0.0 test /Users/jordib/dev/agilityhub/agilityhub-core-web/apps/id
id:test: > vitest run
id:test: 
clubs-admin:test: 
clubs-admin:test: > clubs-admin@0.0.0 test /Users/jordib/dev/agilityhub/agilityhub-core-web/apps/clubs-admin
clubs-admin:test: > vitest run
clubs-admin:test: 
clubs:test: 
clubs:test: [1m[30m[46m RUN [49m[39m[22m [36mv5.0.0 [39m[90m/Users/jordib/dev/agilityhub/agilityhub-core-web/apps/clubs[39m
clubs:test: 
id:test: 
id:test: [1m[30m[46m RUN [49m[39m[22m [36mv5.0.0 [39m[90m/Users/jordib/dev/agilityhub/agilityhub-core-web/apps/id[39m
id:test: 
clubs-admin:test: 
clubs-admin:test: [1m[30m[46m RUN [49m[39m[22m [36mv5.0.0 [39m[90m/Users/jordib/dev/agilityhub/agilityhub-core-web/apps/clubs-admin[39m
clubs-admin:test: 
clubs:build: 
clubs:build: PWA v1.3.0
clubs:build: mode      generateSW
clubs:build: precache  54 entries (1604.43 KiB)
clubs:build: files generated
clubs:build:   dist/sw.js
clubs:build:   dist/workbox-9c191d2f.js
clubs:test: [90mstderr[2m | src/InfoPage.test.tsx[2m > [22m[2mT-05-CP-07 screen 30 Info[2m > [22m[2mshows FAQ, rules and other active pages only
clubs:test: [22m[39m[BrandingProvider] Club Agility Cànic: primary and onPrimary contrast (3.32:1) is below WCAG AA.
clubs:test: 
clubs:test:  [32m✓[39m src/today/literals.test.ts [2m([22m[2m2 tests[22m[2m)[22m[32m 254[2mms[22m[39m
clubs-admin:test:  [32m✓[39m src/planning/calendar-shared.test.ts [2m([22m[2m4 tests[22m[2m)[22m[32m 19[2mms[22m[39m
clubs-admin:test:  [32m✓[39m src/planning/plain-dates.test.ts [2m([22m[2m9 tests[22m[2m)[22m[32m 23[2mms[22m[39m
clubs-admin:test:  [32m✓[39m src/planning/calendar-literals.test.ts [2m([22m[2m2 tests[22m[2m)[22m[32m 105[2mms[22m[39m
clubs:test: [90mstderr[2m | src/today/OverviewPage.test.tsx[2m > [22m[2mT-06-29 screen 23 «Visió global»[2m > [22m[2mshows n/n +e with the planned instructor, training names, the block and the cancelled class
clubs:test: [22m[39m[BrandingProvider] Club Agility Cànic: primary and onPrimary contrast (3.32:1) is below WCAG AA.
clubs:test: 
clubs:test: [90mstderr[2m | src/today/TodayPage.test.tsx[2m > [22m[2mT-06-29 screen 10 «Classes del dia»[2m > [22m[2mdraws the mockup grid with identical ring columns, the date header and the week chips
clubs:test: [22m[39m[BrandingProvider] Club Agility Cànic: primary and onPrimary contrast (3.32:1) is below WCAG AA.
clubs:test: 
clubs:test: [90mstderr[2m | src/SignupPage.test.tsx[2m > [22m[2mT-04-29 signup person and draft[2m > [22m[2mpersists a current draft, expires it after 24 hours and maps identity states
clubs:test: [22m[39m[BrandingProvider] Club Agility Cànic: primary and onPrimary contrast (3.32:1) is below WCAG AA.
clubs:test: 
clubs:test: [90mstderr[2m | src/activities/activities.test.tsx[2m > [22m[2mT-07-30 app: block «Activitats» of 04, detail, rows of 03 and 25[2m > [22m[2mdraws the 04 block with the exact badges; the full row with waitlist stays tappable
clubs:test: [22m[39m[BrandingProvider] Club Agility Cànic: primary and onPrimary contrast (3.32:1) is below WCAG AA.
clubs:test: 
clubs-admin:build: vite v8.2.2 building client environment for production...
clubs-admin:build: transforming...
clubs:test: [90mstderr[2m | src/App.test.tsx[2m > [22m[2mT-02-14 clubs shell[2m > [22m[2muses the compact mark with the runtime club name
clubs:test: [22m[39m[BrandingProvider] Club Agility Cànic: primary and onPrimary contrast (3.32:1) is below WCAG AA.
clubs:test: 
id:test:  [32m✓[39m src/App.test.tsx [2m([22m[2m9 tests[22m[2m)[22m[33m 973[2mms[22m[39m
id:test: 
id:test: [2m Test Files [22m [1m[32m1 passed[39m[22m[90m (1)[39m
id:test: [2m      Tests [22m [1m[32m9 passed[39m[22m[90m (9)[39m
id:test: [2m   Start at [22m 19:25:40
id:test: [2m   Duration [22m 4.75s[2m (environment 54%, tests 22%, transform 11%, setup 9%, import 2%, worker 1%)[22m
id:test: 
clubs:test: [90mstderr[2m | src/InfoPage.test.tsx[2m > [22m[2mT-05-CP-07 screen 30 Info[2m > [22m[2mkeeps Info available without the FAQ module and omits the FAQ tab
clubs:test: [22m[39m[BrandingProvider] Club Agility Cànic: primary and onPrimary contrast (3.32:1) is below WCAG AA.
clubs:test: 
clubs:test:  [32m✓[39m src/InfoPage.test.tsx [2m([22m[2m2 tests[22m[2m)[22m[33m 472[2mms[22m[39m
clubs:test:    [32m✓[39m T-05-CP-07 screen 30 Info [2m(2)[22m
clubs:test:      [33m[2m✓[22m[39m shows FAQ, rules and other active pages only[33m 429[2mms[22m[39m
clubs:test: [90mstderr[2m | src/activities/activities.test.tsx[2m > [22m[2mT-07-30 app: block «Activitats» of 04, detail, rows of 03 and 25[2m > [22m[2mR-07-14 without WAITLIST the full activity is «Completa» and inert; an open one without maximum is «Obertes»
clubs:test: [22m[39m[BrandingProvider] Club Agility Cànic: primary and onPrimary contrast (3.32:1) is below WCAG AA.
clubs:test: 
clubs:test: [90mstderr[2m | src/today/OverviewPage.test.tsx[2m > [22m[2mT-06-29 screen 23 «Visió global»[2m > [22m[2mdrops «+e» when the club has no WAITLIST module
clubs:test: [22m[39m[BrandingProvider] Club Agility Cànic: primary and onPrimary contrast (3.32:1) is below WCAG AA.
clubs:test: 
clubs:test: [90mstderr[2m | src/App.test.tsx[2m > [22m[2mT-02-14 clubs shell[2m > [22m[2mfilters the six-tab mockup navigation by modules and roles
clubs:test: [22m[39m[BrandingProvider] Club Agility Cànic: primary and onPrimary contrast (3.32:1) is below WCAG AA.
clubs:test: 
clubs:test: [90mstderr[2m | src/today/TodayPage.test.tsx[2m > [22m[2mT-06-29 screen 10 «Classes del dia»[2m > [22m[2mrenders «Ocupada» + generic reason in grey without background and never a count
clubs:test: [22m[39m[BrandingProvider] Club Agility Cànic: primary and onPrimary contrast (3.32:1) is below WCAG AA.
clubs:test: 
clubs-admin:test: [90mstderr[2m | src/dashboard/SignupReviewPage.test.tsx[2m > [22m[2mT-04-33 D2 signup validation[2m > [22m[2mshows masked data, signed documents, consent warning, level, invoice, and Stripe payment
clubs-admin:test: [22m[39m[BrandingProvider] Club Agility Cànic: primary and onPrimary contrast (3.32:1) is below WCAG AA.
clubs-admin:test: 
clubs-admin:test: [90mstderr[2m | src/dashboard/DashboardPage.test.tsx[2m > [22m[2mT-14-25 D1 dashboard[2m > [22m[2mrenders the server aggregate, all risk rows, pending signups, and accessible chart
clubs-admin:test: [22m[39m[BrandingProvider] Club Agility Cànic: primary and onPrimary contrast (3.32:1) is below WCAG AA.
clubs-admin:test: 
clubs-admin:test: [90mstderr[2m | src/census/CensusRecordPage.test.tsx[2m > [22m[2mT-03-39 D10 member record[2m > [22m[2mrenders the approved badges, masked account, consent warning, dog rights, and WhatsApp URL
clubs-admin:test: [22m[39m[BrandingProvider] Club Agility Cànic: primary and onPrimary contrast (3.32:1) is below WCAG AA.
clubs-admin:test: 
clubs-admin:test: [90mstderr[2m | src/planning/TemplateDayPage.test.tsx[2m > [22m[2mT-06-27 D3b day view per ring / per instructor[2m > [22m[2mshows only the rings used that day in catalog order, plus «Sense» when a class has no ring
clubs-admin:test: [22m[39m[BrandingProvider] Club Agility Cànic: primary and onPrimary contrast (3.32:1) is below WCAG AA.
clubs-admin:test: 
clubs-admin:build: ✓ 490 modules transformed.
clubs:test: [90mstderr[2m | src/activities/activities.test.tsx[2m > [22m[2mT-07-30 app: block «Activitats» of 04, detail, rows of 03 and 25[2m > [22m[2mR-07-14 without WAITLIST the full activity is «Completa» and inert; an open one without maximum is «Obertes»
clubs:test: [22m[39m[BrandingProvider] Club Agility Cànic: primary and onPrimary contrast (3.32:1) is below WCAG AA.
clubs:test: 
clubs:test: [90mstderr[2m | src/today/OverviewPage.test.tsx[2m > [22m[2mT-06-29 screen 23 «Visió global»[2m > [22m[2mopens the class drawer with the instructor projection of the tapped class
clubs:test: [22m[39m[BrandingProvider] Club Agility Cànic: primary and onPrimary contrast (3.32:1) is below WCAG AA.
clubs:test: 
clubs-admin:test:  [32m✓[39m src/planning/description.test.ts [2m([22m[2m7 tests[22m[2m)[22m[33m 505[2mms[22m[39m
clubs-admin:test: [90mstderr[2m | src/census/CensusListPage.test.tsx[2m > [22m[2mT-03-38 D5 universal member list[2m > [22m[2mrenders applied filters and preserves selection when page size changes
clubs-admin:test: [22m[39m[BrandingProvider] Club Agility Cànic: primary and onPrimary contrast (3.32:1) is below WCAG AA.
clubs-admin:test: 
clubs:test: [90mstderr[2m | src/App.test.tsx[2m > [22m[2mT-02-14 clubs shell[2m > [22m[2mE4-W03 turns the «Avui» slot into «Visió global» for the instructor profile
clubs:test: [22m[39m[BrandingProvider] Club Agility Cànic: primary and onPrimary contrast (3.32:1) is below WCAG AA.
clubs:test: 
clubs-admin:test: [90mstderr[2m | src/catalogs/ParameterSettings.test.tsx[2m > [22m[2mT-02-13 D11 parameter rows[2m > [22m[2mkeeps module-less parameters that the core sends with module null
clubs-admin:test: [22m[39m[BrandingProvider] Club Agility Cànic: primary and onPrimary contrast (3.32:1) is below WCAG AA.
clubs-admin:test: 
clubs-admin:test: [90mstderr[2m | src/audit/AuditPage.test.tsx[2m > [22m[2mT-14-26 member audit and exports[2m > [22m[2mfilters by action and opens the masked before/after change drawer
clubs-admin:test: [22m[39m[BrandingProvider] Club Agility Cànic: primary and onPrimary contrast (3.32:1) is below WCAG AA.
clubs-admin:test: 
clubs-admin:test: [90mstderr[2m | src/planning/CalendarDayPage.test.tsx[2m > [22m[2mT-06-28 D4 day view (/calendari/dia/:date, form D)[2m > [22m[2mtakes the api's «Sense» column as delivered and never adds its own
clubs-admin:test: [22m[39m[BrandingProvider] Club Agility Cànic: primary and onPrimary contrast (3.32:1) is below WCAG AA.
clubs-admin:test: 
clubs-admin:build: rendering chunks...
clubs:test: [90mstderr[2m | src/activities/activities.test.tsx[2m > [22m[2mT-07-30 app: block «Activitats» of 04, detail, rows of 03 and 25[2m > [22m[2mR-07-14 omits the block without ACTIVITIES
clubs:test: [22m[39m[BrandingProvider] Club Agility Cànic: primary and onPrimary contrast (3.32:1) is below WCAG AA.
clubs:test: 
clubs:test: [90mstderr[2m | src/activities/activities.test.tsx[2m > [22m[2mT-07-30 app: block «Activitats» of 04, detail, rows of 03 and 25[2m > [22m[2mOPEN: [INSCRIU-M'HI] registers and then offers [ANUL·LA LA INSCRIPCIÓ]
clubs:test: [22m[39m[BrandingProvider] Club Agility Cànic: primary and onPrimary contrast (3.32:1) is below WCAG AA.
clubs:test: 
clubs:test: [90mstderr[2m | src/App.test.tsx[2m > [22m[2mT-02-14 clubs shell[2m > [22m[2momits Entrenaments when FREE_TRAINING is disabled
clubs:test: [22m[39m[BrandingProvider] Club Agility Cànic: primary and onPrimary contrast (3.32:1) is below WCAG AA.
clubs:test: 
clubs-admin:test: [90mstderr[2m | src/catalogs/ClubPagesCard.test.tsx[2m > [22m[2mT-05-CP-07 club page editor[2m > [22m[2mwarns about provisional text and confirms the next consent version before publishing
clubs-admin:test: [22m[39m[BrandingProvider] Club Agility Cànic: primary and onPrimary contrast (3.32:1) is below WCAG AA.
clubs-admin:test: 
clubs:test: [90mstderr[2m | src/today/TodayPage.test.tsx[2m > [22m[2mT-06-29 screen 10 «Classes del dia»[2m > [22m[2mopens the risk balloon with the api riskText on tap and closes it on a second tap or elsewhere
clubs:test: [22m[39m[BrandingProvider] Club Agility Cànic: primary and onPrimary contrast (3.32:1) is below WCAG AA.
clubs:test: 
clubs:test: [90mstderr[2m | src/App.test.tsx[2m > [22m[2mT-01-18 access screen[2m > [22m[2muses the exact access actions, focuses an empty email and gates signup
clubs:test: [22m[39m[BrandingProvider] Club Agility Cànic: primary and onPrimary contrast (3.32:1) is below WCAG AA.
clubs:test: 
clubs-admin:build: computing gzip size...
clubs-admin:build: dist/index.html                                           2.65 kB │ gzip:   0.91 kB
clubs-admin:build: dist/assets/sprite-BOr1Ydze.svg                           5.78 kB │ gzip:   1.52 kB
clubs-admin:build: dist/assets/montserrat-latin-600-normal-UVxSCcoG.woff2   18.68 kB
clubs-admin:build: dist/assets/montserrat-latin-500-normal-DRFEGfly.woff2   18.74 kB
clubs-admin:build: dist/assets/montserrat-latin-400-normal-BLhwKU8k.woff2   18.78 kB
clubs-admin:build: dist/assets/montserrat-latin-700-normal-BdjcYUrC.woff2   18.82 kB
clubs-admin:build: dist/assets/montserrat-latin-600-normal-CdhFl4lI.woff    20.54 kB
clubs-admin:build: dist/assets/montserrat-latin-500-normal-Dok2oTci.woff    20.60 kB
clubs-admin:build: dist/assets/montserrat-latin-400-normal-xItZbAXg.woff    20.64 kB
clubs-admin:build: dist/assets/montserrat-latin-700-normal-BWkrl476.woff    20.67 kB
clubs-admin:build: dist/assets/index-DwvWVqsU.css                           88.74 kB │ gzip:  14.32 kB
clubs-admin:build: dist/assets/home-BJG5H_Az.js                              0.49 kB │ gzip:   0.32 kB
clubs-admin:build: dist/assets/home-CzYjkoJZ.js                              0.53 kB │ gzip:   0.34 kB
clubs-admin:build: dist/assets/home-0ruFF7Cs.js                              0.53 kB │ gzip:   0.34 kB
clubs-admin:build: dist/assets/instructor-Dhedv5sg.js                        0.62 kB │ gzip:   0.35 kB
clubs-admin:build: dist/assets/instructor-CjYt75g5.js                        0.65 kB │ gzip:   0.38 kB
clubs-admin:build: dist/assets/instructor-DliXCRMK.js                        0.65 kB │ gzip:   0.38 kB
clubs-admin:build: dist/assets/activities-DR2QkLSJ.js                        1.49 kB │ gzip:   0.71 kB
clubs-admin:build: dist/assets/admin-dashboard-CMKZRVii.js                   1.53 kB │ gzip:   0.80 kB
clubs-admin:build: dist/assets/activities-BJUaKFo2.js                        1.57 kB │ gzip:   0.80 kB
clubs-admin:build: dist/assets/activities-BL6lWnbC.js                        1.58 kB │ gzip:   0.80 kB
clubs-admin:build: dist/assets/admin-dashboard-Ap5_OABm.js                   1.61 kB │ gzip:   0.89 kB
clubs-admin:build: dist/assets/admin-dashboard-CRFF2ut9.js                   1.66 kB │ gzip:   0.90 kB
clubs-admin:build: dist/assets/enums-Dkdwi_pB.js                             1.89 kB │ gzip:   0.95 kB
clubs-admin:build: dist/assets/enums-Cw_Eu72h.js                             1.94 kB │ gzip:   1.01 kB
clubs-admin:build: dist/assets/enums-2Phj8-Df.js                             1.94 kB │ gzip:   1.01 kB
clubs-admin:build: dist/assets/admin-audit-BZSQ9q1n.js                       2.88 kB │ gzip:   1.34 kB
clubs-admin:build: dist/assets/id-cJQwgM2i.js                                2.89 kB │ gzip:   1.28 kB
clubs-admin:build: dist/assets/id-Dio3OKNo.js                                3.04 kB │ gzip:   1.41 kB
clubs-admin:build: dist/assets/id-Rnv2hXs4.js                                3.10 kB │ gzip:   1.42 kB
clubs-admin:build: dist/assets/admin-audit-qNWjTa9T.js                       3.13 kB │ gzip:   1.49 kB
clubs-admin:build: dist/assets/admin-audit-B9HrUHsS.js                       3.21 kB │ gzip:   1.51 kB
clubs-admin:build: dist/assets/auth-B2g8lbGP.js                              4.30 kB │ gzip:   1.88 kB
clubs-admin:build: dist/assets/auth-CPbUJNgL.js                              4.74 kB │ gzip:   2.09 kB
clubs-admin:build: dist/assets/auth-DjeifVuz.js                              4.80 kB │ gzip:   2.09 kB
clubs-admin:build: dist/assets/signup-eMaPvNNk.js                            5.09 kB │ gzip:   2.35 kB
clubs-admin:build: dist/assets/admin-catalogs-DAQTDns9.js                    5.22 kB │ gzip:   1.95 kB
clubs-admin:build: dist/assets/signup-D8va-3gE.js                            5.31 kB │ gzip:   2.60 kB
clubs-admin:build: dist/assets/signup-hTFsmQy7.js                            5.41 kB │ gzip:   2.61 kB
clubs-admin:build: dist/assets/admin-catalogs-Coe9B6Bf.js                    5.48 kB │ gzip:   2.16 kB
clubs-admin:build: dist/assets/admin-activities-CvPvr0IQ.js                  5.56 kB │ gzip:   2.26 kB
clubs-admin:build: dist/assets/admin-catalogs-CvR4YWAF.js                    5.68 kB │ gzip:   2.19 kB
clubs-admin:build: dist/assets/admin-activities-Nh8JrplE.js                  5.69 kB │ gzip:   2.43 kB
clubs-admin:build: dist/assets/admin-activities-yczMFJ76.js                  5.90 kB │ gzip:   2.49 kB
clubs-admin:build: dist/assets/census-2y4pkTWD.js                            5.96 kB │ gzip:   2.39 kB
clubs-admin:build: dist/assets/census-CfjHQ4Uz.js                            6.29 kB │ gzip:   2.64 kB
clubs-admin:build: dist/assets/census-C9vkPZEn.js                            6.47 kB │ gzip:   2.67 kB
clubs-admin:build: dist/assets/admin-scheduling-CzXsS4mt.js                  7.53 kB │ gzip:   2.83 kB
clubs-admin:build: dist/assets/admin-scheduling-DDQankpt.js                  7.89 kB │ gzip:   3.06 kB
clubs-admin:build: dist/assets/admin-scheduling-Rj6gg9sd.js                  7.89 kB │ gzip:   3.07 kB
clubs-admin:build: dist/assets/admin-census-B_rddRVa.js                      8.62 kB │ gzip:   3.40 kB
clubs-admin:build: dist/assets/admin-census-YEF2LUsD.js                      9.08 kB │ gzip:   3.66 kB
clubs-admin:build: dist/assets/admin-census-C4D2RM-O.js                      9.40 kB │ gzip:   3.74 kB
clubs-admin:build: dist/assets/admin-settings-ed4raEOS.js                   17.01 kB │ gzip:   6.05 kB
clubs-admin:build: dist/assets/admin-settings-DWM9_lDb.js                   18.15 kB │ gzip:   6.62 kB
clubs-admin:build: dist/assets/admin-settings-D3Fbd__C.js                   18.51 kB │ gzip:   6.62 kB
clubs-admin:build: dist/assets/errors-DTtOT7jL.js                           21.82 kB │ gzip:   7.10 kB
clubs-admin:build: dist/assets/errors-DqWbzYut.js                           23.16 kB │ gzip:   7.51 kB
clubs-admin:build: dist/assets/errors-DTSzpTgR.js                           23.16 kB │ gzip:   7.47 kB
clubs-admin:build: dist/assets/browser-DIFN85vM.js                         616.45 kB │ gzip: 212.12 kB
clubs-admin:build: dist/assets/index-D2rFFIdC.js                           892.11 kB │ gzip: 331.97 kB
clubs-admin:build: 
clubs-admin:build: [33m[INEFFECTIVE_DYNAMIC_IMPORT] [0m../../packages/i18n/src/locales/ca/common.json is dynamically imported by ../../packages/i18n/src/resources.ts but also statically imported by ../../packages/i18n/src/catalog.ts, dynamic import will not move module into another chunk.
clubs-admin:build: 
clubs-admin:build: [plugin builtin:vite-reporter] 
clubs-admin:build: (!) Some chunks are larger than 500 kB after minification. Consider:
clubs-admin:build: - Using dynamic import() to code-split the application
clubs-admin:build: - Use build.rolldownOptions.output.codeSplitting to improve chunking: https://rolldown.rs/reference/OutputOptions.codeSplitting
clubs-admin:build: - Adjust chunk size limit for this warning via build.chunkSizeWarningLimit.
clubs-admin:build: [33m[INEFFECTIVE_DYNAMIC_IMPORT] [0m../../packages/i18n/src/locales/ca/shell.json is dynamically imported by ../../packages/i18n/src/resources.ts but also statically imported by ../../packages/i18n/src/catalog.ts, dynamic import will not move module into another chunk.
clubs-admin:build: 
clubs-admin:build: [33m[INEFFECTIVE_DYNAMIC_IMPORT] [0m../../packages/i18n/src/locales/en/common.json is dynamically imported by ../../packages/i18n/src/resources.ts but also statically imported by ../../packages/i18n/src/catalog.ts, dynamic import will not move module into another chunk.
clubs-admin:build: 
clubs-admin:build: [33m[INEFFECTIVE_DYNAMIC_IMPORT] [0m../../packages/i18n/src/locales/en/shell.json is dynamically imported by ../../packages/i18n/src/resources.ts but also statically imported by ../../packages/i18n/src/catalog.ts, dynamic import will not move module into another chunk.
clubs-admin:build: 
clubs-admin:build: [33m[INEFFECTIVE_DYNAMIC_IMPORT] [0m../../packages/i18n/src/locales/es/common.json is dynamically imported by ../../packages/i18n/src/resources.ts but also statically imported by ../../packages/i18n/src/catalog.ts, dynamic import will not move module into another chunk.
clubs-admin:build: 
clubs-admin:build: [33m[INEFFECTIVE_DYNAMIC_IMPORT] [0m../../packages/i18n/src/locales/es/shell.json is dynamically imported by ../../packages/i18n/src/resources.ts but also statically imported by ../../packages/i18n/src/catalog.ts, dynamic import will not move module into another chunk.
clubs-admin:build: 
clubs-admin:build: ✓ built in 558ms
clubs-admin:test: [90mstderr[2m | src/planning/TemplatesPage.test.tsx[2m > [22m[2mT-06-26 D3 weekly templates[2m > [22m[2mprefills band and day from an empty cell, fills the description by levels, keeps the manual text and asks for another class in the band
clubs-admin:test: [22m[39m[BrandingProvider] Club Agility Cànic: primary and onPrimary contrast (3.32:1) is below WCAG AA.
clubs-admin:test: 
clubs-admin:test: [90mstderr[2m | src/planning/CalendarPage.test.tsx[2m > [22m[2mT-06-28 D4 / D4b / D4c class calendar (front half, MSW)[2m > [22m[2mopens «Esborrany» on the first week with drafts, with the validation card and its count
clubs-admin:test: [22m[39m[BrandingProvider] Club Agility Cànic: primary and onPrimary contrast (3.32:1) is below WCAG AA.
clubs-admin:test: 
clubs:test: [90mstderr[2m | src/SignupPage.test.tsx[2m > [22m[2mT-04-29 signup person and draft[2m > [22m[2mpersists a current draft, expires it after 24 hours and maps identity states
clubs:test: [22m[39m[BrandingProvider] Club Agility Cànic: primary and onPrimary contrast (3.32:1) is below WCAG AA.
clubs:test: 
clubs:test: [90mstderr[2m | src/activities/activities.test.tsx[2m > [22m[2mT-07-30 app: block «Activitats» of 04, detail, rows of 03 and 25[2m > [22m[2mFULL_WAITLIST: the waitlist dialog → toast «Ets a la llista d'espera» → [SURT DE LA LLISTA D'ESPERA]
clubs:test: [22m[39m[BrandingProvider] Club Agility Cànic: primary and onPrimary contrast (3.32:1) is below WCAG AA.
clubs:test: 
clubs:test: [90mstderr[2m | src/SignupPage.test.tsx[2m > [22m[2mT-04-29 signup person and draft[2m > [22m[2mpersists a current draft, expires it after 24 hours and maps identity states
clubs:test: [22m[39m[BrandingProvider] Club Agility Cànic: primary and onPrimary contrast (3.32:1) is below WCAG AA.
clubs:test: 
clubs:test: [90mstderr[2m | src/App.test.tsx[2m > [22m[2mT-01-18 access screen[2m > [22m[2muses the exact access actions, focuses an empty email and gates signup
clubs:test: [22m[39m[BrandingProvider] Club Mínim: primary and onPrimary contrast (3.32:1) is below WCAG AA.
clubs:test: 
clubs:test: [90mstderr[2m | src/today/OverviewPage.test.tsx[2m > [22m[2mT-06-29 screen 23 «Visió global»[2m > [22m[2mopens the block drawer and cancels the block (POST /ring-blocks/{id}/cancellation)
clubs:test: [22m[39m[BrandingProvider] Club Agility Cànic: primary and onPrimary contrast (3.32:1) is below WCAG AA.
clubs:test: 
clubs:test: [90mstderr[2m | src/App.test.tsx[2m > [22m[2mT-01-18 access screen[2m > [22m[2mshows the Retry-After countdown and disables requests
clubs:test: [22m[39m[BrandingProvider] Club Agility Cànic: primary and onPrimary contrast (3.32:1) is below WCAG AA.
clubs:test: 
clubs:test: [90mstderr[2m | src/SignupPage.test.tsx[2m > [22m[2mT-04-29 signup person and draft[2m > [22m[2mkeeps the draft and refetches localized configuration after a language change
clubs:test: [22m[39m[BrandingProvider] Club Agility Cànic: primary and onPrimary contrast (3.32:1) is below WCAG AA.
clubs:test: 
clubs:test: [90mstderr[2m | src/today/TodayPage.test.tsx[2m > [22m[2mT-06-29 screen 10 «Classes del dia»[2m > [22m[2muses the club's today (Europe/Madrid) whatever the device time zone
clubs:test: [22m[39m[BrandingProvider] Club Agility Cànic: primary and onPrimary contrast (3.32:1) is below WCAG AA.
clubs:test: 
clubs-admin:test: [90mstderr[2m | src/activities/ActivitiesPage.test.tsx[2m > [22m[2mT-07-29 D7 activities (list, maintenance, publication, cancellation)[2m > [22m[2mdraws the four mockup rows with the R-07-13 dates, rings, registrations and state chips
clubs-admin:test: [22m[39m[BrandingProvider] Club Agility Cànic: primary and onPrimary contrast (3.32:1) is below WCAG AA.
clubs-admin:test: 
clubs-admin:test: [90mstderr[2m | src/dashboard/DashboardPage.test.tsx[2m > [22m[2mT-14-25 D1 dashboard[2m > [22m[2mhides nullable module blocks and refetches when the window regains focus
clubs-admin:test: [22m[39m[BrandingProvider] Club Agility Cànic: primary and onPrimary contrast (3.32:1) is below WCAG AA.
clubs-admin:test: 
clubs-admin:test:  [32m✓[39m src/catalogs/ParameterSettings.test.tsx [2m([22m[2m1 test[22m[2m)[22m[33m 513[2mms[22m[39m
clubs-admin:test:    [32m✓[39m T-02-13 D11 parameter rows [2m(1)[22m
clubs-admin:test:      [33m[2m✓[22m[39m keeps module-less parameters that the core sends with module null[33m 510[2mms[22m[39m
clubs:test: [90mstderr[2m | src/App.test.tsx[2m > [22m[2mT-01-19 activation screen[2m > [22m[2mrenders gender-aware, reset and invalid-link variants
clubs:test: [22m[39m[BrandingProvider] Club Agility Cànic: primary and onPrimary contrast (3.32:1) is below WCAG AA.
clubs:test: 
clubs-admin:test: [90mstderr[2m | src/dashboard/SignupReviewPage.test.tsx[2m > [22m[2mT-04-33 D2 signup validation[2m > [22m[2mshows the required next-invoice date from the proposed MONTHLY plan when the pending member has no plan yet
clubs-admin:test: [22m[39m[BrandingProvider] Club Agility Cànic: primary and onPrimary contrast (3.32:1) is below WCAG AA.
clubs-admin:test: 
clubs-admin:test: [90mstderr[2m | src/planning/CalendarDayPage.test.tsx[2m > [22m[2mT-06-28 D4 day view (/calendari/dia/:date, form D)[2m > [22m[2mshows exactly one «Sense» column for a ringless class of the stateful mock
clubs-admin:test: [22m[39m[BrandingProvider] Club Agility Cànic: primary and onPrimary contrast (3.32:1) is below WCAG AA.
clubs-admin:test: 
clubs:test: [90mstderr[2m | src/activities/activities.test.tsx[2m > [22m[2mT-07-30 app: block «Activitats» of 04, detail, rows of 03 and 25[2m > [22m[2mR-07-08 an ACTIVITY_FULL answer with waitlistAvailable opens the waitlist dialog
clubs:test: [22m[39m[BrandingProvider] Club Agility Cànic: primary and onPrimary contrast (3.32:1) is below WCAG AA.
clubs:test: 
clubs-admin:test: [90mstderr[2m | src/planning/TemplateDayPage.test.tsx[2m > [22m[2mT-06-27 D3b day view per ring / per instructor[2m > [22m[2mdrops unused rings and the «Sense» column on a day without them
clubs-admin:test: [22m[39m[BrandingProvider] Club Agility Cànic: primary and onPrimary contrast (3.32:1) is below WCAG AA.
clubs-admin:test: 
clubs-admin:test: [90mstderr[2m | src/dashboard/DashboardPage.test.tsx[2m > [22m[2mT-14-25 D1 dashboard[2m > [22m[2muses the same ICU day plural as D2 in the pending signups card
clubs-admin:test: [22m[39m[BrandingProvider] Club Agility Cànic: primary and onPrimary contrast (3.32:1) is below WCAG AA.
clubs-admin:test: 
clubs:test: [90mstderr[2m | src/SignupPage.test.tsx[2m > [22m[2mT-04-29 signup person and draft[2m > [22m[2mmasks and validates the browser-independent birth date control
clubs:test: [22m[39m[BrandingProvider] Club Agility Cànic: primary and onPrimary contrast (3.32:1) is below WCAG AA.
clubs:test: 
clubs:test: [90mstderr[2m | src/today/TodayPage.test.tsx[2m > [22m[2mT-06-29 screen 10 «Classes del dia»[2m > [22m[2mnever shows a count in the member view even when a cell carries occupancy
clubs:test: [22m[39m[BrandingProvider] Club Agility Cànic: primary and onPrimary contrast (3.32:1) is below WCAG AA.
clubs:test: 
clubs:test: [90mstderr[2m | src/App.test.tsx[2m > [22m[2mT-01-19 activation screen[2m > [22m[2mrenders gender-aware, reset and invalid-link variants
clubs:test: [22m[39m[BrandingProvider] Club Agility Cànic: primary and onPrimary contrast (3.32:1) is below WCAG AA.
clubs:test: 
clubs-admin:test: [90mstderr[2m | src/dashboard/SignupReviewPage.test.tsx[2m > [22m[2mT-04-33 D2 signup validation[2m > [22m[2mshows the pending badge as an ICU plural for 0 days
clubs-admin:test: [22m[39m[BrandingProvider] Club Agility Cànic: primary and onPrimary contrast (3.32:1) is below WCAG AA.
clubs-admin:test: 
clubs-admin:test: [90mstderr[2m | src/catalogs/ClubPagesCard.test.tsx[2m > [22m[2mT-05-CP-07 club page editor[2m > [22m[2mmaps STALE_VERSION to the page-specific reload message
clubs-admin:test: [22m[39m[BrandingProvider] Club Agility Cànic: primary and onPrimary contrast (3.32:1) is below WCAG AA.
clubs-admin:test: 
clubs-admin:test:  [32m✓[39m src/dashboard/DashboardPage.test.tsx [2m([22m[2m3 tests[22m[2m)[22m[33m 888[2mms[22m[39m
clubs-admin:test:    [32m✓[39m T-14-25 D1 dashboard [2m(3)[22m
clubs-admin:test:      [33m[2m✓[22m[39m renders the server aggregate, all risk rows, pending signups, and accessible chart[33m 741[2mms[22m[39m
clubs:test: [90mstderr[2m | src/App.test.tsx[2m > [22m[2mT-01-19 activation screen[2m > [22m[2mrenders gender-aware, reset and invalid-link variants
clubs:test: [22m[39m[BrandingProvider] Club Agility Cànic: primary and onPrimary contrast (3.32:1) is below WCAG AA.
clubs:test: 
clubs-admin:test: [90mstderr[2m | src/App.test.tsx[2m > [22m[2mT-02-14 clubs-admin shell[2m > [22m[2muses the compact mark with the runtime club name
clubs-admin:test: [22m[39m[BrandingProvider] Club Agility Cànic: primary and onPrimary contrast (3.32:1) is below WCAG AA.
clubs-admin:test: 
clubs-admin:test: [90mstderr[2m | src/census/CensusRecordPage.test.tsx[2m > [22m[2mT-03-39 D10 member record[2m > [22m[2mblocks and unblocks new bookings with the required reason
clubs-admin:test: [22m[39m[BrandingProvider] Club Agility Cànic: primary and onPrimary contrast (3.32:1) is below WCAG AA.
clubs-admin:test: 
clubs:test: [90mstderr[2m | src/today/TodayPage.test.tsx[2m > [22m[2mT-06-29 screen 10 «Classes del dia»[2m > [22m[2mmoves by chips and arrows (Sunday only by the arrows) and keeps ?date in the address
clubs:test: [22m[39m[BrandingProvider] Club Agility Cànic: primary and onPrimary contrast (3.32:1) is below WCAG AA.
clubs:test: 
clubs:test: [90mstderr[2m | src/activities/activities.test.tsx[2m > [22m[2mT-07-30 app: block «Activitats» of 04, detail, rows of 03 and 25[2m > [22m[2mregistered: [ANUL·LA LA INSCRIPCIÓ] with confirmation; after the start, the contact text
clubs:test: [22m[39m[BrandingProvider] Club Agility Cànic: primary and onPrimary contrast (3.32:1) is below WCAG AA.
clubs:test: 
clubs:test: [90mstderr[2m | src/App.test.tsx[2m > [22m[2mT-01-19 activation screen[2m > [22m[2mrenders gender-aware, reset and invalid-link variants
clubs:test: [22m[39m[BrandingProvider] Club Agility Cànic: primary and onPrimary contrast (3.32:1) is below WCAG AA.
clubs:test: 
clubs-admin:test: [90mstderr[2m | src/dashboard/SignupReviewPage.test.tsx[2m > [22m[2mT-04-33 D2 signup validation[2m > [22m[2mshows the pending badge as an ICU plural for 1 days
clubs-admin:test: [22m[39m[BrandingProvider] Club Agility Cànic: primary and onPrimary contrast (3.32:1) is below WCAG AA.
clubs-admin:test: 
clubs:test: [90mstderr[2m | src/App.test.tsx[2m > [22m[2mT-01-19 activation screen[2m > [22m[2mrenders gender-aware, reset and invalid-link variants
clubs:test: [22m[39m[BrandingProvider] Club Agility Cànic: primary and onPrimary contrast (3.32:1) is below WCAG AA.
clubs:test: 
clubs-admin:test:  [32m✓[39m src/planning/CalendarDayPage.test.tsx [2m([22m[2m2 tests[22m[2m)[22m[33m 759[2mms[22m[39m
clubs-admin:test:    [32m✓[39m T-06-28 D4 day view (/calendari/dia/:date, form D) [2m(2)[22m
clubs-admin:test:      [33m[2m✓[22m[39m takes the api's «Sense» column as delivered and never adds its own[33m 475[2mms[22m[39m
clubs-admin:test: [90mstderr[2m | src/planning/TemplateDayPage.test.tsx[2m > [22m[2mT-06-27 D3b day view per ring / per instructor[2m > [22m[2mswitches to one column per instructor with a class that day
clubs-admin:test: [22m[39m[BrandingProvider] Club Agility Cànic: primary and onPrimary contrast (3.32:1) is below WCAG AA.
clubs-admin:test: 
clubs:test: [90mstderr[2m | src/today/OverviewPage.test.tsx[2m > [22m[2mT-06-29 screen 23 «Visió global»[2m > [22m[2mmaps 409 INVALID_STATE and 422 RING_BLOCK_MANAGED_BY_ACTIVITY on the block cancellation
clubs:test: [22m[39m[BrandingProvider] Club Agility Cànic: primary and onPrimary contrast (3.32:1) is below WCAG AA.
clubs:test: 
clubs:test: [90mstderr[2m | src/App.test.tsx[2m > [22m[2mT-01-20 profile choice[2m > [22m[2mshows cards for every available role and sends the remember choice
clubs:test: [22m[39m[BrandingProvider] Club Agility Cànic: primary and onPrimary contrast (3.32:1) is below WCAG AA.
clubs:test: 
clubs-admin:test: [90mstderr[2m | src/audit/AuditPage.test.tsx[2m > [22m[2mT-14-26 member audit and exports[2m > [22m[2mopens the exports drawer for a queued job and exposes its READY download
clubs-admin:test: [22m[39m[BrandingProvider] Club Agility Cànic: primary and onPrimary contrast (3.32:1) is below WCAG AA.
clubs-admin:test: 
clubs-admin:test: [90mstderr[2m | src/dashboard/SignupReviewPage.test.tsx[2m > [22m[2mT-04-33 D2 signup validation[2m > [22m[2mshows the pending badge as an ICU plural for 5 days
clubs-admin:test: [22m[39m[BrandingProvider] Club Agility Cànic: primary and onPrimary contrast (3.32:1) is below WCAG AA.
clubs-admin:test: 
clubs-admin:test:  [32m✓[39m src/catalogs/ClubPagesCard.test.tsx [2m([22m[2m2 tests[22m[2m)[22m[33m 892[2mms[22m[39m
clubs-admin:test:    [32m✓[39m T-05-CP-07 club page editor [2m(2)[22m
clubs-admin:test:      [33m[2m✓[22m[39m warns about provisional text and confirms the next consent version before publishing[33m 685[2mms[22m[39m
clubs:test: [90mstderr[2m | src/activities/activities.test.tsx[2m > [22m[2mT-07-30 app: block «Activitats» of 04, detail, rows of 03 and 25[2m > [22m[2mregistered: [ANUL·LA LA INSCRIPCIÓ] with confirmation; after the start, the contact text
clubs:test: [22m[39m[BrandingProvider] Club Agility Cànic: primary and onPrimary contrast (3.32:1) is below WCAG AA.
clubs:test: 
clubs-admin:test: [90mstderr[2m | src/App.test.tsx[2m > [22m[2mT-02-14 clubs-admin shell[2m > [22m[2mhides the Configuració group from instructors
clubs-admin:test: [22m[39m[BrandingProvider] Club Agility Cànic: primary and onPrimary contrast (3.32:1) is below WCAG AA.
clubs-admin:test: 
clubs-admin:test: [90mstderr[2m | src/dashboard/SignupReviewPage.test.tsx[2m > [22m[2mT-04-33 D2 signup validation[2m > [22m[2mtolerates null optional fields (INC-08) and never sends null back
clubs-admin:test: [22m[39m[BrandingProvider] Club Agility Cànic: primary and onPrimary contrast (3.32:1) is below WCAG AA.
clubs-admin:test: 
clubs:test: [90mstderr[2m | src/App.test.tsx[2m > [22m[2mT-01-21 profile access rows and impersonation[2m > [22m[2mrenders the mockup rows in order without account sessions or backoffice handoff
clubs:test: [22m[39m[BrandingProvider] Club Agility Cànic: primary and onPrimary contrast (3.32:1) is below WCAG AA.
clubs:test: 
clubs-admin:test: [90mstderr[2m | src/App.test.tsx[2m > [22m[2mT-02-14 clubs-admin shell[2m > [22m[2mT-06-26 shows «Plantilla setmanal» to instructors (read-only D3, S06 §13-10)
clubs-admin:test: [22m[39m[BrandingProvider] Club Agility Cànic: primary and onPrimary contrast (3.32:1) is below WCAG AA.
clubs-admin:test: 
clubs:test: [90mstderr[2m | src/activities/activities.test.tsx[2m > [22m[2mT-07-30 app: block «Activitats» of 04, detail, rows of 03 and 25[2m > [22m[2man activity that is not visible shows «No disponible»
clubs:test: [22m[39m[BrandingProvider] Club Agility Cànic: primary and onPrimary contrast (3.32:1) is below WCAG AA.
clubs:test: 
clubs:test: [90mstderr[2m | src/SignupPage.test.tsx[2m > [22m[2mT-04-29 signup person and draft[2m > [22m[2mM2 checks the ES postal code and a past birth date from 1900 before any request
clubs:test: [22m[39m[BrandingProvider] Club Agility Cànic: primary and onPrimary contrast (3.32:1) is below WCAG AA.
clubs:test: 
clubs:test: [90mstderr[2m | src/today/TodayPage.test.tsx[2m > [22m[2mT-06-29 screen 10 «Classes del dia»[2m > [22m[2mshows the api «Sense» column as delivered and the activity cell
clubs:test: [22m[39m[BrandingProvider] Club Agility Cànic: primary and onPrimary contrast (3.32:1) is below WCAG AA.
clubs:test: 
clubs:test: [90mstderr[2m | src/activities/activities.test.tsx[2m > [22m[2mT-07-30 app: block «Activitats» of 04, detail, rows of 03 and 25[2m > [22m[2m03: «Torneig d'Estiu 2026 · inscrita · Divendres 7 · 18:30–20:30 · totes les pistes», never a dog
clubs:test: [22m[39m[BrandingProvider] Club Agility Cànic: primary and onPrimary contrast (3.32:1) is below WCAG AA.
clubs:test: 
clubs-admin:test: [90mstderr[2m | src/App.test.tsx[2m > [22m[2mT-02-14 clubs-admin shell[2m > [22m[2mT-06-28 shows «Calendari de classes» to instructors (read-only D4, A22 c)
clubs-admin:test: [22m[39m[BrandingProvider] Club Agility Cànic: primary and onPrimary contrast (3.32:1) is below WCAG AA.
clubs-admin:test: 
clubs-admin:test: [90mstderr[2m | src/planning/TemplateDayPage.test.tsx[2m > [22m[2mT-06-27 D3b day view per ring / per instructor[2m > [22m[2mmoves between days and goes back to the weekly view of the same template
clubs-admin:test: [22m[39m[BrandingProvider] Club Agility Cànic: primary and onPrimary contrast (3.32:1) is below WCAG AA.
clubs-admin:test: 
clubs-admin:test: [90mstderr[2m | src/dashboard/SignupReviewPage.test.tsx[2m > [22m[2mT-04-33 D2 signup validation[2m > [22m[2mvalidates a signup with a null payment method, upfront and family claim without sending null
clubs-admin:test: [22m[39m[BrandingProvider] Club Agility Cànic: primary and onPrimary contrast (3.32:1) is below WCAG AA.
clubs-admin:test: 
clubs:test: [90mstderr[2m | src/activities/activities.test.tsx[2m > [22m[2mT-07-30 app: block «Activitats» of 04, detail, rows of 03 and 25[2m > [22m[2m03: a waitlisted registration shows «en llista d'espera»
clubs:test: [22m[39m[BrandingProvider] Club Agility Cànic: primary and onPrimary contrast (3.32:1) is below WCAG AA.
clubs:test: 
clubs-admin:test: [90mstderr[2m | src/App.test.tsx[2m > [22m[2mT-02-14 clubs-admin shell[2m > [22m[2mshows the fixed sidebar groups to administrators
clubs-admin:test: [22m[39m[BrandingProvider] Club Agility Cànic: primary and onPrimary contrast (3.32:1) is below WCAG AA.
clubs-admin:test: 
clubs:test: [90mstderr[2m | src/activities/activities.test.tsx[2m > [22m[2mT-07-30 app: block «Activitats» of 04, detail, rows of 03 and 25[2m > [22m[2m25: «ds 12/07 · Seminari d'obstacles · feta» and «cancel·lada pel club» with the quoted notice
clubs:test: [22m[39m[BrandingProvider] Club Agility Cànic: primary and onPrimary contrast (3.32:1) is below WCAG AA.
clubs:test: 
clubs-admin:test: [90mstderr[2m | src/activities/ActivitiesPage.test.tsx[2m > [22m[2mT-07-29 D7 activities (list, maintenance, publication, cancellation)[2m > [22m[2m«Nova activitat» creates a draft with title and type and opens its maintenance
clubs-admin:test: [22m[39m[BrandingProvider] Club Agility Cànic: primary and onPrimary contrast (3.32:1) is below WCAG AA.
clubs-admin:test: 
clubs:test:  [32m✓[39m src/activities/activities.test.tsx [2m([22m[2m11 tests[22m[2m)[22m[33m 1397[2mms[22m[39m
clubs:test:    [32m✓[39m T-07-30 app: block «Activitats» of 04, detail, rows of 03 and 25 [2m(11)[22m
clubs:test:      [33m[2m✓[22m[39m draws the 04 block with the exact badges; the full row with waitlist stays tappable[33m 313[2mms[22m[39m
clubs:test: [90mstderr[2m | src/today/OverviewPage.test.tsx[2m > [22m[2mT-06-29 screen 23 «Visió global»[2m > [22m[2manswers 403 to a member asking for the instructor view
clubs:test: [22m[39m[BrandingProvider] Club Agility Cànic: primary and onPrimary contrast (3.32:1) is below WCAG AA.
clubs:test: 
clubs-admin:test: [90mstderr[2m | src/census/CensusRecordPage.test.tsx[2m > [22m[2mT-03-39 D10 member record[2m > [22m[2mmaps STALE_VERSION when another administrator edited the member
clubs-admin:test: [22m[39m[BrandingProvider] Club Agility Cànic: primary and onPrimary contrast (3.32:1) is below WCAG AA.
clubs-admin:test: 
clubs:test:  [32m✓[39m src/today/OverviewPage.test.tsx [2m([22m[2m6 tests[22m[2m)[22m[33m 1559[2mms[22m[39m
clubs:test:    [32m✓[39m T-06-29 screen 23 «Visió global» [2m(6)[22m
clubs:test:      [33m[2m✓[22m[39m shows n/n +e with the planned instructor, training names, the block and the cancelled class[33m 438[2mms[22m[39m
clubs:test:      [33m[2m✓[22m[39m opens the class drawer with the instructor projection of the tapped class[33m 416[2mms[22m[39m
clubs:test:      [33m[2m✓[22m[39m opens the block drawer and cancels the block (POST /ring-blocks/{id}/cancellation)[33m 301[2mms[22m[39m
clubs:test: [90mstderr[2m | src/today/TodayPage.test.tsx[2m > [22m[2mT-06-29 screen 10 «Classes del dia»[2m > [22m[2mnever adds a «Sense» column of its own when the api does not send one
clubs:test: [22m[39m[BrandingProvider] Club Agility Cànic: primary and onPrimary contrast (3.32:1) is below WCAG AA.
clubs:test: 
clubs-admin:test: [90mstderr[2m | src/App.test.tsx[2m > [22m[2mT-01-18 clubs-admin access[2m > [22m[2moffers magic-link and password entry with the shared auth components
clubs-admin:test: [22m[39m[BrandingProvider] Club Agility Cànic: primary and onPrimary contrast (3.32:1) is below WCAG AA.
clubs-admin:test: 
clubs-admin:test:  [32m✓[39m src/catalogs/derived-settings.test.ts [2m([22m[2m2 tests[22m[2m)[22m[32m 5[2mms[22m[39m
clubs:test: [90mstderr[2m | src/App.test.tsx[2m > [22m[2mT-01-21 profile access rows and impersonation[2m > [22m[2mkeeps the impersonation banner visible from /me
clubs:test: [22m[39m[BrandingProvider] Club Agility Cànic: primary and onPrimary contrast (3.32:1) is below WCAG AA.
clubs:test: 
clubs-admin:test: [90mstderr[2m | src/planning/TemplateDayPage.test.tsx[2m > [22m[2mT-06-27 D3b day view per ring / per instructor[2m > [22m[2mrewrites an unsupported day in the URL to the template's first day
clubs-admin:test: [22m[39m[BrandingProvider] Club Agility Cànic: primary and onPrimary contrast (3.32:1) is below WCAG AA.
clubs-admin:test: 
clubs-admin:test: [90mstderr[2m | src/dashboard/SignupReviewPage.test.tsx[2m > [22m[2mT-04-33 D2 signup validation[2m > [22m[2mshows signup warnings as compact header badges
clubs-admin:test: [22m[39m[BrandingProvider] Club Agility Cànic: primary and onPrimary contrast (3.32:1) is below WCAG AA.
clubs-admin:test: 
clubs:test: [90mstderr[2m | src/today/TodayPage.test.tsx[2m > [22m[2mT-06-29 screen 10 «Classes del dia»[2m > [22m[2mfalls back to the club-local today and rewrites the address for ?date=2026-13-01
clubs:test: [22m[39m[BrandingProvider] Club Agility Cànic: primary and onPrimary contrast (3.32:1) is below WCAG AA.
clubs:test: 
clubs:test: [90mstderr[2m | src/App.test.tsx[2m > [22m[2mT-01-26 imported-account onboarding and policy re-consent[2m > [22m[2mrenders configured fields and sends consent, profile data and image choice
clubs:test: [22m[39m[BrandingProvider] Club Agility Cànic: primary and onPrimary contrast (3.32:1) is below WCAG AA.
clubs:test: 
clubs-admin:test: [90mstderr[2m | src/App.test.tsx[2m > [22m[2mT-01-20 clubs-admin handoff[2m > [22m[2mexchanges the one-time handoff code on the landing route
clubs-admin:test: [22m[39m[BrandingProvider] Club Agility Cànic: primary and onPrimary contrast (3.32:1) is below WCAG AA.
clubs-admin:test: 
clubs-admin:test: [90mstderr[2m | src/dashboard/SignupReviewPage.test.tsx[2m > [22m[2mT-04-33 D2 signup validation[2m > [22m[2medits pending data, requires a rejection reason, and validates through the server
clubs-admin:test: [22m[39m[BrandingProvider] Club Agility Cànic: primary and onPrimary contrast (3.32:1) is below WCAG AA.
clubs-admin:test: 
clubs-admin:test: [90mstderr[2m | src/App.test.tsx[2m > [22m[2mT-01-26 clubs-admin onboarding[2m > [22m[2mshows profile completion as a non-dismissible backoffice modal
clubs-admin:test: [22m[39m[BrandingProvider] Club Agility Cànic: primary and onPrimary contrast (3.32:1) is below WCAG AA.
clubs-admin:test: 
clubs-admin:test: [90mstderr[2m | src/census/CensusListPage.test.tsx[2m > [22m[2mT-03-38 D5 universal member list[2m > [22m[2mtoggles visible columns and synchronizes the ordered fields to the URL
clubs-admin:test: [22m[39m[BrandingProvider] Club Agility Cànic: primary and onPrimary contrast (3.32:1) is below WCAG AA.
clubs-admin:test: 
clubs-admin:test: [90mstderr[2m | src/planning/TemplateDayPage.test.tsx[2m > [22m[2mT-06-27 D3b day view per ring / per instructor[2m > [22m[2mrewrites an unknown day in the URL to the template's first day
clubs-admin:test: [22m[39m[BrandingProvider] Club Agility Cànic: primary and onPrimary contrast (3.32:1) is below WCAG AA.
clubs-admin:test: 
clubs:test: [90mstderr[2m | src/SignupPage.test.tsx[2m > [22m[2mT-04-29 signup person and draft[2m > [22m[2mfocuses the first error after it renders and links each field to its message
clubs:test: [22m[39m[BrandingProvider] Club Agility Cànic: primary and onPrimary contrast (3.32:1) is below WCAG AA.
clubs:test: 
clubs:test: [90mstderr[2m | src/today/TodayPage.test.tsx[2m > [22m[2mT-06-29 screen 10 «Classes del dia»[2m > [22m[2mfalls back to the club-local today and rewrites the address for ?date=2026-08-32
clubs:test: [22m[39m[BrandingProvider] Club Agility Cànic: primary and onPrimary contrast (3.32:1) is below WCAG AA.
clubs:test: 
clubs-admin:test: [90mstderr[2m | src/activities/ActivitiesPage.test.tsx[2m > [22m[2mT-07-29 D7 activities (list, maintenance, publication, cancellation)[2m > [22m[2m«Nova activitat» creates a draft with title and type and opens its maintenance
clubs-admin:test: [22m[39m[BrandingProvider] Club Agility Cànic: primary and onPrimary contrast (3.32:1) is below WCAG AA.
clubs-admin:test: 
clubs:test: [90mstderr[2m | src/App.test.tsx[2m > [22m[2mT-01-26 imported-account onboarding and policy re-consent[2m > [22m[2mredirects blocking onboarding and permits a policy postponement
clubs:test: [22m[39m[BrandingProvider] Club Agility Cànic: primary and onPrimary contrast (3.32:1) is below WCAG AA.
clubs:test: 
clubs:test: [90mstderr[2m | src/SignupPage.test.tsx[2m > [22m[2mT-04-29 signup person and draft[2m > [22m[2mkeeps fields typed while the town lookup is in flight
clubs:test: [22m[39m[BrandingProvider] Club Agility Cànic: primary and onPrimary contrast (3.32:1) is below WCAG AA.
clubs:test: 
clubs-admin:test: [90mstderr[2m | src/census/CensusRecordPage.test.tsx[2m > [22m[2mT-03-38 dog record[2m > [22m[2mshows the complete dog record and changes level without a booking warning
clubs-admin:test: [22m[39m[BrandingProvider] Club Agility Cànic: primary and onPrimary contrast (3.32:1) is below WCAG AA.
clubs-admin:test: 
clubs-admin:test: [90mstderr[2m | src/planning/TemplateDayPage.test.tsx[2m > [22m[2mT-06-27 D3b day view per ring / per instructor[2m > [22m[2mshows the Saturday template with its single day
clubs-admin:test: [22m[39m[BrandingProvider] Club Agility Cànic: primary and onPrimary contrast (3.32:1) is below WCAG AA.
clubs-admin:test: 
clubs:test: [90mstderr[2m | src/App.test.tsx[2m > [22m[2mT-01-26 imported-account onboarding and policy re-consent[2m > [22m[2mredirects blocking onboarding and permits a policy postponement
clubs:test: [22m[39m[BrandingProvider] Club Agility Cànic: primary and onPrimary contrast (3.32:1) is below WCAG AA.
clubs:test: 
clubs-admin:test: [90mstderr[2m | src/App.test.tsx[2m > [22m[2mT-01-26 clubs-admin onboarding[2m > [22m[2mremoves the postpone action when the policy limit is exhausted
clubs-admin:test: [22m[39m[BrandingProvider] Club Agility Cànic: primary and onPrimary contrast (3.32:1) is below WCAG AA.
clubs-admin:test: 
clubs:test: [90mstderr[2m | src/today/TodayPage.test.tsx[2m > [22m[2mT-06-29 screen 10 «Classes del dia»[2m > [22m[2mfalls back to the club-local today and rewrites the address for ?date=2026-02-30
clubs:test: [22m[39m[BrandingProvider] Club Agility Cànic: primary and onPrimary contrast (3.32:1) is below WCAG AA.
clubs:test: 
clubs-admin:test:  [32m✓[39m src/App.test.tsx [2m([22m[2m10 tests[22m[2m)[22m[33m 854[2mms[22m[39m
clubs-admin:test:    [32m✓[39m T-02-14 clubs-admin shell [2m(6)[22m
clubs-admin:test:      [33m[2m✓[22m[39m uses the compact mark with the runtime club name[33m 316[2mms[22m[39m
clubs:test: [90mstderr[2m | src/App.test.tsx[2m > [22m[2mT-01-26 imported-account onboarding and policy re-consent[2m > [22m[2mreloads an outdated policy version before accepting it
clubs:test: [22m[39m[BrandingProvider] Club Agility Cànic: primary and onPrimary contrast (3.32:1) is below WCAG AA.
clubs:test: 
clubs-admin:test:  [32m✓[39m src/planning/TemplateDayPage.test.tsx [2m([22m[2m7 tests[22m[2m)[22m[33m 1439[2mms[22m[39m
clubs-admin:test:    [32m✓[39m T-06-27 D3b day view per ring / per instructor [2m(7)[22m
clubs-admin:test:      [33m[2m✓[22m[39m shows only the rings used that day in catalog order, plus «Sense» when a class has no ring[33m 624[2mms[22m[39m
clubs:test: [90mstderr[2m | src/SignupPage.test.tsx[2m > [22m[2mT-04-29 signup person and draft[2m > [22m[2mGENERIC profile: the first document type of the profile and an editable prefix
clubs:test: [22m[39m[BrandingProvider] Club Agility Cànic: primary and onPrimary contrast (3.32:1) is below WCAG AA.
clubs:test: 
clubs:test: [90mstderr[2m | src/today/TodayPage.test.tsx[2m > [22m[2mT-06-29 screen 10 «Classes del dia»[2m > [22m[2mfalls back to the club-local today and rewrites the address for ?date=hola
clubs:test: [22m[39m[BrandingProvider] Club Agility Cànic: primary and onPrimary contrast (3.32:1) is below WCAG AA.
clubs:test: 
clubs-admin:test: [90mstderr[2m | src/planning/CalendarPage.test.tsx[2m > [22m[2mT-06-28 D4 / D4b / D4c class calendar (front half, MSW)[2m > [22m[2m[VALIDAR LA SETMANA] turns every draft of the week active at once
clubs-admin:test: [22m[39m[BrandingProvider] Club Agility Cànic: primary and onPrimary contrast (3.32:1) is below WCAG AA.
clubs-admin:test: 
clubs-admin:test: [90mstderr[2m | src/dashboard/SignupReviewPage.test.tsx[2m > [22m[2mT-04-33 D2 signup validation[2m > [22m[2mmaps validation errors to the level and next-invoice fields
clubs-admin:test: [22m[39m[BrandingProvider] Club Agility Cànic: primary and onPrimary contrast (3.32:1) is below WCAG AA.
clubs-admin:test: 
clubs:test: [90mstderr[2m | src/App.test.tsx[2m > [22m[2mT-01-26 imported-account onboarding and policy re-consent[2m > [22m[2mrenders the screen and pop-up in Catalan, Spanish and English
clubs:test: [22m[39m[BrandingProvider] Club Mínim: primary and onPrimary contrast (3.32:1) is below WCAG AA.
clubs:test: 
clubs:test: [90mstderr[2m | src/today/TodayPage.test.tsx[2m > [22m[2mT-06-29 screen 10 «Classes del dia»[2m > [22m[2mR-06-14 in Pacific/Auckland: requested date, header and chips name the club's calendar day
clubs:test: [22m[39m[BrandingProvider] Club Agility Cànic: primary and onPrimary contrast (3.32:1) is below WCAG AA.
clubs:test: 
clubs:test: [90mstderr[2m | src/App.test.tsx[2m > [22m[2mT-01-26 imported-account onboarding and policy re-consent[2m > [22m[2mrenders the screen and pop-up in Catalan, Spanish and English
clubs:test: [22m[39m[BrandingProvider] Club Mínim: primary and onPrimary contrast (3.32:1) is below WCAG AA.
clubs:test: 
clubs-admin:test: [90mstderr[2m | src/census/CensusRecordPage.test.tsx[2m > [22m[2mT-03-38 dog record[2m > [22m[2mdeactivates and reactivates a dog without deleting its record
clubs-admin:test: [22m[39m[BrandingProvider] Club Agility Cànic: primary and onPrimary contrast (3.32:1) is below WCAG AA.
clubs-admin:test: 
clubs-admin:test: [90mstderr[2m | src/activities/ActivitiesPage.test.tsx[2m > [22m[2mT-07-29 D7 activities (list, maintenance, publication, cancellation)[2m > [22m[2mshows the mockup maintenance of «Torneig d'Estiu 2026» with the ring, level and waitlist chips
clubs-admin:test: [22m[39m[BrandingProvider] Club Agility Cànic: primary and onPrimary contrast (3.32:1) is below WCAG AA.
clubs-admin:test: 
clubs:test: [90mstderr[2m | src/App.test.tsx[2m > [22m[2mT-01-26 imported-account onboarding and policy re-consent[2m > [22m[2mrenders the screen and pop-up in Catalan, Spanish and English
clubs:test: [22m[39m[BrandingProvider] Club Mínim: primary and onPrimary contrast (3.32:1) is below WCAG AA.
clubs:test: 
clubs:test: [90mstderr[2m | src/today/TodayPage.test.tsx[2m > [22m[2mT-06-29 screen 10 «Classes del dia»[2m > [22m[2mR-06-14 in Pacific/Auckland: requested date, header and chips name the club's calendar day
clubs:test: [22m[39m[BrandingProvider] Club Agility Cànic: primary and onPrimary contrast (3.32:1) is below WCAG AA.
clubs:test: 
clubs:test: [90mstderr[2m | src/SignupPage.test.tsx[2m > [22m[2mT-04-30 signup dog, uploads, plans and module gates[2m > [22m[2muploads sequentially named vaccination pages and renders API plans
clubs:test: [22m[39m[BrandingProvider] Club Agility Cànic: primary and onPrimary contrast (3.32:1) is below WCAG AA.
clubs:test: 
clubs:test: [90mstderr[2m | src/App.test.tsx[2m > [22m[2mT-01-26 imported-account onboarding and policy re-consent[2m > [22m[2mrenders the screen and pop-up in Catalan, Spanish and English
clubs:test: [22m[39m[BrandingProvider] Club Mínim: primary and onPrimary contrast (3.32:1) is below WCAG AA.
clubs:test: 
clubs-admin:test: [90mstderr[2m | src/dashboard/SignupReviewPage.test.tsx[2m > [22m[2mT-04-33 D2 signup validation[2m > [22m[2mrequires explicit confirmation when a manual upfront payment is zero
clubs-admin:test: [22m[39m[BrandingProvider] Club Agility Cànic: primary and onPrimary contrast (3.32:1) is below WCAG AA.
clubs-admin:test: 
clubs:test: [90mstderr[2m | src/App.test.tsx[2m > [22m[2mT-01-26 imported-account onboarding and policy re-consent[2m > [22m[2mrenders the screen and pop-up in Catalan, Spanish and English
clubs:test: [22m[39m[BrandingProvider] Club Mínim: primary and onPrimary contrast (3.32:1) is below WCAG AA.
clubs:test: 
clubs:test: [90mstderr[2m | src/today/TodayPage.test.tsx[2m > [22m[2mT-06-29 screen 10 «Classes del dia»[2m > [22m[2mR-06-14 in Pacific/Kiritimati: requested date, header and chips name the club's calendar day
clubs:test: [22m[39m[BrandingProvider] Club Agility Cànic: primary and onPrimary contrast (3.32:1) is below WCAG AA.
clubs:test: 
clubs:test: [90mstderr[2m | src/App.test.tsx[2m > [22m[2mT-01-26 imported-account onboarding and policy re-consent[2m > [22m[2mrenders the screen and pop-up in Catalan, Spanish and English
clubs:test: [22m[39m[BrandingProvider] Club Mínim: primary and onPrimary contrast (3.32:1) is below WCAG AA.
clubs:test: 
clubs:test: [90mstderr[2m | src/App.test.tsx[2m > [22m[2mT-03-40 mobile own dogs[2m > [22m[2mrenders own dogs, saves the note, shows task totals and gates TASKS
clubs:test: [22m[39m[BrandingProvider] Club Agility Cànic: primary and onPrimary contrast (3.32:1) is below WCAG AA.
clubs:test: 
clubs-admin:test: [90mstderr[2m | src/planning/TemplatesPage.test.tsx[2m > [22m[2mT-06-26 D3 weekly templates[2m > [22m[2msaves every change of a full cell at once with the template version
clubs-admin:test: [22m[39m[BrandingProvider] Club Agility Cànic: primary and onPrimary contrast (3.32:1) is below WCAG AA.
clubs-admin:test: 
clubs:test: [90mstderr[2m | src/today/TodayPage.test.tsx[2m > [22m[2mT-06-29 screen 10 «Classes del dia»[2m > [22m[2mR-06-14 in Pacific/Kiritimati: requested date, header and chips name the club's calendar day
clubs:test: [22m[39m[BrandingProvider] Club Agility Cànic: primary and onPrimary contrast (3.32:1) is below WCAG AA.
clubs:test: 
clubs-admin:test: [90mstderr[2m | src/dashboard/SignupReviewPage.test.tsx[2m > [22m[2mT-04-33 D2 signup validation[2m > [22m[2mrejects a pending signup only after receiving a valid reason
clubs-admin:test: [22m[39m[BrandingProvider] Club Agility Cànic: primary and onPrimary contrast (3.32:1) is below WCAG AA.
clubs-admin:test: 
clubs:test: [90mstderr[2m | src/SignupPage.test.tsx[2m > [22m[2mT-04-30 signup dog, uploads, plans and module gates[2m > [22m[2mremoves amounts without BILLING and the family offer and step without FAMILY_GROUP
clubs:test: [22m[39m[BrandingProvider] Club Agility Cànic: primary and onPrimary contrast (3.32:1) is below WCAG AA.
clubs:test: 
clubs:test: [90mstderr[2m | src/today/TodayPage.test.tsx[2m > [22m[2mT-06-29 screen 10 «Classes del dia»[2m > [22m[2mR-06-14 in Europe/Madrid: requested date, header and chips name the club's calendar day
clubs:test: [22m[39m[BrandingProvider] Club Agility Cànic: primary and onPrimary contrast (3.32:1) is below WCAG AA.
clubs:test: 
clubs-admin:test: [90mstderr[2m | src/census/CensusListPage.test.tsx[2m > [22m[2mT-03-42 D15 translated dog list[2m > [22m[2mrenders the approved columns and dog record links
clubs-admin:test: [22m[39m[BrandingProvider] Club Agility Cànic: primary and onPrimary contrast (3.32:1) is below WCAG AA.
clubs-admin:test: 
clubs:test: [90mstderr[2m | src/SignupPage.test.tsx[2m > [22m[2mT-04-30 signup dog, uploads, plans and module gates[2m > [22m[2mremoves amounts without BILLING and the family offer and step without FAMILY_GROUP
clubs:test: [22m[39m[BrandingProvider] Club Agility Cànic: primary and onPrimary contrast (3.32:1) is below WCAG AA.
clubs:test: 
clubs:test: [90mstderr[2m | src/today/TodayPage.test.tsx[2m > [22m[2mT-06-29 screen 10 «Classes del dia»[2m > [22m[2mR-06-14 in Europe/Madrid: requested date, header and chips name the club's calendar day
clubs:test: [22m[39m[BrandingProvider] Club Agility Cànic: primary and onPrimary contrast (3.32:1) is below WCAG AA.
clubs:test: 
clubs:test: [90mstderr[2m | src/App.test.tsx[2m > [22m[2mT-03-40 mobile own dogs[2m > [22m[2mrenders own dogs, saves the note, shows task totals and gates TASKS
clubs:test: [22m[39m[BrandingProvider] Club Mínim: primary and onPrimary contrast (3.32:1) is below WCAG AA.
clubs:test: 
clubs-admin:test:  [32m✓[39m src/census/CensusRecordPage.test.tsx [2m([22m[2m5 tests[22m[2m)[22m[33m 1863[2mms[22m[39m
clubs-admin:test:    [32m✓[39m T-03-39 D10 member record [2m(3)[22m
clubs-admin:test:      [33m[2m✓[22m[39m renders the approved badges, masked account, consent warning, dog rights, and WhatsApp URL[33m 699[2mms[22m[39m
clubs-admin:test:      [33m[2m✓[22m[39m blocks and unblocks new bookings with the required reason[33m 363[2mms[22m[39m
clubs:test: [90mstderr[2m | src/SignupPage.test.tsx[2m > [22m[2mT-04-30 signup dog, uploads, plans and module gates[2m > [22m[2mgates offerLabel by FAMILY_GROUP even when the configuration sends it
clubs:test: [22m[39m[BrandingProvider] Club Agility Cànic: primary and onPrimary contrast (3.32:1) is below WCAG AA.
clubs:test: 
clubs:test: [90mstderr[2m | src/App.test.tsx[2m > [22m[2mT-03-41 mobile own data[2m > [22m[2mkeeps identity read-only, resolves towns, maps READ_ONLY and gates billing
clubs:test: [22m[39m[BrandingProvider] Club Agility Cànic: primary and onPrimary contrast (3.32:1) is below WCAG AA.
clubs:test: 
clubs-admin:test:  [32m✓[39m src/dashboard/SignupReviewPage.test.tsx [2m([22m[2m12 tests[22m[2m)[22m[33m 2162[2mms[22m[39m
clubs-admin:test:    [32m✓[39m T-04-33 D2 signup validation [2m(12)[22m
clubs-admin:test:      [33m[2m✓[22m[39m shows masked data, signed documents, consent warning, level, invoice, and Stripe payment[33m 832[2mms[22m[39m
clubs-admin:test:      [33m[2m✓[22m[39m edits pending data, requires a rejection reason, and validates through the server[33m 302[2mms[22m[39m
clubs:test: [90mstderr[2m | src/today/TodayPage.test.tsx[2m > [22m[2mT-06-29 screen 10 «Classes del dia»[2m > [22m[2mR-06-14 in America/Bogota: requested date, header and chips name the club's calendar day
clubs:test: [22m[39m[BrandingProvider] Club Agility Cànic: primary and onPrimary contrast (3.32:1) is below WCAG AA.
clubs:test: 
clubs:test: [90mstderr[2m | src/SignupPage.test.tsx[2m > [22m[2mT-04-30 signup dog, uploads, plans and module gates[2m > [22m[2mvalidates and normalises the chip per country profile and the birth month
clubs:test: [22m[39m[BrandingProvider] Club Agility Cànic: primary and onPrimary contrast (3.32:1) is below WCAG AA.
clubs:test: 
clubs-admin:test: [90mstderr[2m | src/activities/ActivitiesPage.test.tsx[2m > [22m[2mT-07-29 D7 activities (list, maintenance, publication, cancellation)[2m > [22m[2mdisables the ring chips of an activity outside the club («— (fora del club)»)
clubs-admin:test: [22m[39m[BrandingProvider] Club Agility Cànic: primary and onPrimary contrast (3.32:1) is below WCAG AA.
clubs-admin:test: 
clubs:test: [90mstderr[2m | src/today/TodayPage.test.tsx[2m > [22m[2mT-06-29 screen 10 «Classes del dia»[2m > [22m[2mR-06-14 in America/Bogota: requested date, header and chips name the club's calendar day
clubs:test: [22m[39m[BrandingProvider] Club Agility Cànic: primary and onPrimary contrast (3.32:1) is below WCAG AA.
clubs:test: 
clubs-admin:test: [90mstderr[2m | src/planning/CalendarPage.test.tsx[2m > [22m[2mT-06-28 D4 / D4b / D4c class calendar (front half, MSW)[2m > [22m[2mcancels an active class with registrants through D4c: four rows, text required, «ANUL·LA I AVISA ELS 4 ALUMNES»
clubs-admin:test: [22m[39m[BrandingProvider] Club Agility Cànic: primary and onPrimary contrast (3.32:1) is below WCAG AA.
clubs-admin:test: 
clubs:test: [90mstderr[2m | src/SignupPage.test.tsx[2m > [22m[2mT-04-30 signup dog, uploads, plans and module gates[2m > [22m[2mvalidates and normalises the chip per country profile and the birth month
clubs:test: [22m[39m[BrandingProvider] Club Agility Cànic: primary and onPrimary contrast (3.32:1) is below WCAG AA.
clubs:test: 
clubs:test: [90mstderr[2m | src/App.test.tsx[2m > [22m[2mT-03-41 mobile own data[2m > [22m[2mkeeps identity read-only, resolves towns, maps READ_ONLY and gates billing
clubs:test: [22m[39m[BrandingProvider] Club Mínim: primary and onPrimary contrast (3.32:1) is below WCAG AA.
clubs:test: 
clubs:test: [90mstderr[2m | src/today/TodayPage.test.tsx[2m > [22m[2mT-06-29 screen 10 «Classes del dia»[2m > [22m[2mshows the empty state (dayGridEmpty) and the error toast with retry
clubs:test: [22m[39m[BrandingProvider] Club Agility Cànic: primary and onPrimary contrast (3.32:1) is below WCAG AA.
clubs:test: 
clubs:test:  [32m✓[39m src/App.test.tsx [2m([22m[2m18 tests[22m[2m)[22m[33m 2325[2mms[22m[39m
clubs:test: [90mstderr[2m | src/today/TodayPage.test.tsx[2m > [22m[2mT-06-29 screen 10 «Classes del dia»[2m > [22m[2mshows the empty state (dayGridEmpty) and the error toast with retry
clubs:test: [22m[39m[BrandingProvider] Club Agility Cànic: primary and onPrimary contrast (3.32:1) is below WCAG AA.
clubs:test: 
clubs:test: [90mstderr[2m | src/SignupPage.test.tsx[2m > [22m[2mT-04-30 signup dog, uploads, plans and module gates[2m > [22m[2mkeeps fields typed while an upload is in flight
clubs:test: [22m[39m[BrandingProvider] Club Agility Cànic: primary and onPrimary contrast (3.32:1) is below WCAG AA.
clubs:test: 
clubs:test:  [32m✓[39m src/today/TodayPage.test.tsx [2m([22m[2m17 tests[22m[2m)[22m[33m 2594[2mms[22m[39m
clubs:test:    [32m✓[39m T-06-29 screen 10 «Classes del dia» [2m(17)[22m
clubs:test:      [33m[2m✓[22m[39m draws the mockup grid with identical ring columns, the date header and the week chips[33m 426[2mms[22m[39m
clubs:test:      [33m[2m✓[22m[39m opens the risk balloon with the api riskText on tap and closes it on a second tap or elsewhere[33m 321[2mms[22m[39m
clubs-admin:test: [90mstderr[2m | src/activities/ActivitiesPage.test.tsx[2m > [22m[2mT-07-29 D7 activities (list, maintenance, publication, cancellation)[2m > [22m[2mR-07-14 hides «Nivells» with levels.enabled=false and «Llista d'espera» without WAITLIST
clubs-admin:test: [22m[39m[BrandingProvider] Club Agility Cànic: primary and onPrimary contrast (3.32:1) is below WCAG AA.
clubs-admin:test: 
clubs:test: [90mstderr[2m | src/SignupPage.test.tsx[2m > [22m[2mT-04-31 signup family lookup[2m > [22m[2mcontinues empty, resolves the fixture family and supports a pending lookup
clubs:test: [22m[39m[BrandingProvider] Club Agility Cànic: primary and onPrimary contrast (3.32:1) is below WCAG AA.
clubs:test: 
clubs:test: [90mstderr[2m | src/SignupPage.test.tsx[2m > [22m[2mT-04-31 signup family lookup[2m > [22m[2mcontinues empty, resolves the fixture family and supports a pending lookup
clubs:test: [22m[39m[BrandingProvider] Club Agility Cànic: primary and onPrimary contrast (3.32:1) is below WCAG AA.
clubs:test: 
clubs:test: [90mstderr[2m | src/SignupPage.test.tsx[2m > [22m[2mT-04-31 signup family lookup[2m > [22m[2mcontinues empty, resolves the fixture family and supports a pending lookup
clubs:test: [22m[39m[BrandingProvider] Club Agility Cànic: primary and onPrimary contrast (3.32:1) is below WCAG AA.
clubs:test: 
clubs-admin:test: [90mstderr[2m | src/activities/ActivitiesPage.test.tsx[2m > [22m[2mT-07-29 D7 activities (list, maintenance, publication, cancellation)[2m > [22m[2mR-07-14 hides «Nivells» with levels.enabled=false and «Llista d'espera» without WAITLIST
clubs-admin:test: [22m[39m[BrandingProvider] Club Agility Cànic: primary and onPrimary contrast (3.32:1) is below WCAG AA.
clubs-admin:test: 
clubs:test: [90mstderr[2m | src/SignupPage.test.tsx[2m > [22m[2mT-04-31 signup family lookup[2m > [22m[2mkeeps the dog draft when returning from the family step
clubs:test: [22m[39m[BrandingProvider] Club Agility Cànic: primary and onPrimary contrast (3.32:1) is below WCAG AA.
clubs:test: 
clubs-admin:test: [90mstderr[2m | src/audit/AuditPage.test.tsx[2m > [22m[2mT-14-26 member audit and exports[2m > [22m[2mshows the catalogued EXPORT_LIMIT explanation in the exports drawer
clubs-admin:test: [22m[39m[BrandingProvider] Club Agility Cànic: primary and onPrimary contrast (3.32:1) is below WCAG AA.
clubs-admin:test: 
clubs:test: [90mstderr[2m | src/SignupPage.test.tsx[2m > [22m[2mT-04-31 signup family lookup[2m > [22m[2mprefills the account holder with the group holder when the group is found (R-04-10)
clubs:test: [22m[39m[BrandingProvider] Club Agility Cànic: primary and onPrimary contrast (3.32:1) is below WCAG AA.
clubs:test: 
clubs-admin:test: [90mstderr[2m | src/activities/ActivitiesPage.test.tsx[2m > [22m[2mT-07-29 D7 activities (list, maintenance, publication, cancellation)[2m > [22m[2mR-07-03 [DESA] sends only the allow-listed rich text of the editor, with the version
clubs-admin:test: [22m[39m[BrandingProvider] Club Agility Cànic: primary and onPrimary contrast (3.32:1) is below WCAG AA.
clubs-admin:test: 
clubs:test: [90mstderr[2m | src/SignupPage.test.tsx[2m > [22m[2mT-04-32 signup payment, checkout and add-dog mode[2m > [22m[2mrenders API totals and payment conditions and submits only after privacy consent
clubs:test: [22m[39m[BrandingProvider] Club Agility Cànic: primary and onPrimary contrast (3.32:1) is below WCAG AA.
clubs:test: 
clubs-admin:test: [90mstderr[2m | src/planning/CalendarPage.test.tsx[2m > [22m[2mT-06-28 D4 / D4b / D4c class calendar (front half, MSW)[2m > [22m[2m[ELIMINA] of an active class goes through the same D4c modal
clubs-admin:test: [22m[39m[BrandingProvider] Club Agility Cànic: primary and onPrimary contrast (3.32:1) is below WCAG AA.
clubs-admin:test: 
clubs:test: [90mstderr[2m | src/SignupPage.test.tsx[2m > [22m[2mT-04-32 signup payment, checkout and add-dog mode[2m > [22m[2mshows each payment text only under its method (T-04-32, M7 web half)
clubs:test: [22m[39m[BrandingProvider] Club Agility Cànic: primary and onPrimary contrast (3.32:1) is below WCAG AA.
clubs:test: 
clubs-admin:test: [90mstderr[2m | src/planning/TemplatesPage.test.tsx[2m > [22m[2mT-06-26 D3 weekly templates[2m > [22m[2mqueues two quick changes of a full cell and sends each PATCH with the latest version
clubs-admin:test: [22m[39m[BrandingProvider] Club Agility Cànic: primary and onPrimary contrast (3.32:1) is below WCAG AA.
clubs-admin:test: 
clubs-admin:test: [90mstderr[2m | src/audit/AuditPage.test.tsx[2m > [22m[2mT-14-26 member audit and exports[2m > [22m[2mroutes a queued members list export into the global drawer
clubs-admin:test: [22m[39m[BrandingProvider] Club Agility Cànic: primary and onPrimary contrast (3.32:1) is below WCAG AA.
clubs-admin:test: 
clubs:test: [90mstderr[2m | src/SignupPage.test.tsx[2m > [22m[2mT-04-32 signup payment, checkout and add-dog mode[2m > [22m[2mshows each payment text only under its method (T-04-32, M7 web half)
clubs:test: [22m[39m[BrandingProvider] Club Agility Cànic: primary and onPrimary contrast (3.32:1) is below WCAG AA.
clubs:test: 
clubs:test: [90mstderr[2m | src/SignupPage.test.tsx[2m > [22m[2mT-04-32 signup payment, checkout and add-dog mode[2m > [22m[2mredirects through checkout when Stripe is enabled
clubs:test: [22m[39m[BrandingProvider] Club Agility Cànic: primary and onPrimary contrast (3.32:1) is below WCAG AA.
clubs:test: 
clubs:test: [90mstderr[2m | src/SignupPage.test.tsx[2m > [22m[2mT-04-32 signup payment, checkout and add-dog mode[2m > [22m[2muses the member plan and payment method and posts the add-dog flow
clubs:test: [22m[39m[BrandingProvider] Club Agility Cànic: primary and onPrimary contrast (3.32:1) is below WCAG AA.
clubs:test: 
clubs-admin:test: [90mstderr[2m | src/activities/ActivitiesPage.test.tsx[2m > [22m[2mT-07-29 D7 activities (list, maintenance, publication, cancellation)[2m > [22m[2mR-07-05 [PUBLICA] with conflicts opens the dialog with the conflicts and the required notice text
clubs-admin:test: [22m[39m[BrandingProvider] Club Agility Cànic: primary and onPrimary contrast (3.32:1) is below WCAG AA.
clubs-admin:test: 
clubs-admin:test: [90mstderr[2m | src/audit/AuditPage.test.tsx[2m > [22m[2mT-14-26 member audit and exports[2m > [22m[2mroutes a queued dogs list export into the global drawer
clubs-admin:test: [22m[39m[BrandingProvider] Club Agility Cànic: primary and onPrimary contrast (3.32:1) is below WCAG AA.
clubs-admin:test: 
clubs:test: [90mstderr[2m | src/SignupPage.test.tsx[2m > [22m[2mT-04-32 signup payment, checkout and add-dog mode[2m > [22m[2mthe add-dog success page does not promise a welcome email
clubs:test: [22m[39m[BrandingProvider] Club Agility Cànic: primary and onPrimary contrast (3.32:1) is below WCAG AA.
clubs:test: 
clubs:test: [90mstderr[2m | src/SignupPage.test.tsx[2m > [22m[2mT-04-32 signup payment, checkout and add-dog mode[2m > [22m[2msends notesToInstructors from 17 and holderTaxId from 19 (§2, §3)
clubs:test: [22m[39m[BrandingProvider] Club Agility Cànic: primary and onPrimary contrast (3.32:1) is below WCAG AA.
clubs:test: 
clubs-admin:test: [90mstderr[2m | src/audit/AuditPage.test.tsx[2m > [22m[2mT-14-26 member audit and exports[2m > [22m[2mlinks LastChange to the entity-scoped audit trail
clubs-admin:test: [22m[39m[BrandingProvider] Club Agility Cànic: primary and onPrimary contrast (3.32:1) is below WCAG AA.
clubs-admin:test: 
clubs:test: [90mstderr[2m | src/SignupPage.test.tsx[2m > [22m[2mT-04-32 signup payment, checkout and add-dog mode[2m > [22m[2mdrops the IBAN from the session draft when the method changes away from SEPA
clubs:test: [22m[39m[BrandingProvider] Club Agility Cànic: primary and onPrimary contrast (3.32:1) is below WCAG AA.
clubs:test: 
clubs-admin:test:  [32m✓[39m src/audit/AuditPage.test.tsx [2m([22m[2m6 tests[22m[2m)[22m[33m 2800[2mms[22m[39m
clubs-admin:test:    [32m✓[39m T-14-26 member audit and exports [2m(6)[22m
clubs-admin:test:      [33m[2m✓[22m[39m filters by action and opens the masked before/after change drawer[33m 839[2mms[22m[39m
clubs-admin:test:      [33m[2m✓[22m[39m opens the exports drawer for a queued job and exposes its READY download[33m 1473[2mms[22m[39m
clubs:test: [90mstderr[2m | src/SignupPage.test.tsx[2m > [22m[2mT-04-32 signup payment, checkout and add-dog mode[2m > [22m[2mchecks the IBAN mod-97 before sending
clubs:test: [22m[39m[BrandingProvider] Club Agility Cànic: primary and onPrimary contrast (3.32:1) is below WCAG AA.
clubs:test: 
clubs:test: [90mstderr[2m | src/SignupPage.test.tsx[2m > [22m[2mT-04-32 signup payment, checkout and add-dog mode[2m > [22m[2momits planId and planIdRequested when the club has no signup plans (R-04-09)
clubs:test: [22m[39m[BrandingProvider] Club Agility Cànic: primary and onPrimary contrast (3.32:1) is below WCAG AA.
clubs:test: 
clubs-admin:test: [90mstderr[2m | src/planning/CalendarPage.test.tsx[2m > [22m[2mT-06-28 D4 / D4b / D4c class calendar (front half, MSW)[2m > [22m[2mR-06-09 saves the diff with the version; STALE_VERSION keeps its message after the refetch remounts the card
clubs-admin:test: [22m[39m[BrandingProvider] Club Agility Cànic: primary and onPrimary contrast (3.32:1) is below WCAG AA.
clubs-admin:test: 
clubs:test: [90mstderr[2m | src/SignupPage.test.tsx[2m > [22m[2mT-04-32 signup payment, checkout and add-dog mode[2m > [22m[2momits planId and planIdRequested when the club has no signup plans (R-04-09)
clubs:test: [22m[39m[BrandingProvider] Club Agility Cànic: primary and onPrimary contrast (3.32:1) is below WCAG AA.
clubs:test: 
clubs:test: [90mstderr[2m | src/SignupPage.test.tsx[2m > [22m[2mT-04-32 signup payment, checkout and add-dog mode[2m > [22m[2mhides the honeypot from assistive technology and the tab order
clubs:test: [22m[39m[BrandingProvider] Club Agility Cànic: primary and onPrimary contrast (3.32:1) is below WCAG AA.
clubs:test: 
clubs:test: [90mstderr[2m | src/SignupPage.test.tsx[2m > [22m[2mT-04-32 signup payment, checkout and add-dog mode[2m > [22m[2mreads the image-consent text from texts.imageConsent, then legal.imageConsentText
clubs:test: [22m[39m[BrandingProvider] Club Agility Cànic: primary and onPrimary contrast (3.32:1) is below WCAG AA.
clubs:test: 
clubs:test: [90mstderr[2m | src/SignupPage.test.tsx[2m > [22m[2mT-04-32 signup payment, checkout and add-dog mode[2m > [22m[2mreads the image-consent text from texts.imageConsent, then legal.imageConsentText
clubs:test: [22m[39m[BrandingProvider] Club Agility Cànic: primary and onPrimary contrast (3.32:1) is below WCAG AA.
clubs:test: 
clubs-admin:test: [90mstderr[2m | src/activities/ActivitiesPage.test.tsx[2m > [22m[2mT-07-29 D7 activities (list, maintenance, publication, cancellation)[2m > [22m[2mR-07-04 a draft without the registration period answers ACTIVITY_INCOMPLETE on the fields
clubs-admin:test: [22m[39m[BrandingProvider] Club Agility Cànic: primary and onPrimary contrast (3.32:1) is below WCAG AA.
clubs-admin:test: 
clubs-admin:test: [90mstderr[2m | src/planning/TemplatesPage.test.tsx[2m > [22m[2mT-06-26 D3 weekly templates[2m > [22m[2mreloads the template and remounts the card on STALE_VERSION
clubs-admin:test: [22m[39m[BrandingProvider] Club Agility Cànic: primary and onPrimary contrast (3.32:1) is below WCAG AA.
clubs-admin:test: 
clubs:test: [90mstderr[2m | src/SignupPage.test.tsx[2m > [22m[2mB1 identity document at submission (R-04-01)[2m > [22m[2msubmits a DNI applicant with the identity-check document
clubs:test: [22m[39m[BrandingProvider] Club Agility Cànic: primary and onPrimary contrast (3.32:1) is below WCAG AA.
clubs:test: 
clubs-admin:test:  [32m✓[39m src/census/CensusListPage.test.tsx [2m([22m[2m3 tests[22m[2m)[22m[33m 3075[2mms[22m[39m
clubs-admin:test:    [32m✓[39m T-03-38 D5 universal member list [2m(2)[22m
clubs-admin:test:      [33m[2m✓[22m[39m renders applied filters and preserves selection when page size changes[33m 1211[2mms[22m[39m
clubs-admin:test:      [33m[2m✓[22m[39m toggles visible columns and synchronizes the ordered fields to the URL[33m 588[2mms[22m[39m
clubs-admin:test:    [32m✓[39m T-03-42 D15 translated dog list [2m(1)[22m
clubs-admin:test:      [33m[2m✓[22m[39m renders the approved columns and dog record links[33m 1272[2mms[22m[39m
clubs:test: [90mstderr[2m | src/SignupPage.test.tsx[2m > [22m[2mB1 identity document at submission (R-04-01)[2m > [22m[2msubmits a NIE applicant with the identity-check document
clubs:test: [22m[39m[BrandingProvider] Club Agility Cànic: primary and onPrimary contrast (3.32:1) is below WCAG AA.
clubs:test: 
clubs:test: [90mstderr[2m | src/SignupPage.test.tsx[2m > [22m[2mB1 identity document at submission (R-04-01)[2m > [22m[2msubmits a passport only applicant with the identity-check document
clubs:test: [22m[39m[BrandingProvider] Club Agility Cànic: primary and onPrimary contrast (3.32:1) is below WCAG AA.
clubs:test: 
clubs:test: [90mstderr[2m | src/SignupPage.test.tsx[2m > [22m[2mM1 stable retries (CONVENCIONS_API §7, R-04-26/27)[2m > [22m[2mretries a lost 201 with the same Idempotency-Key and gets the same 201
clubs:test: [22m[39m[BrandingProvider] Club Agility Cànic: primary and onPrimary contrast (3.32:1) is below WCAG AA.
clubs:test: 
clubs:test: [90mstderr[2m | src/SignupPage.test.tsx[2m > [22m[2mM1 stable retries (CONVENCIONS_API §7, R-04-26/27)[2m > [22m[2mchanging a payload field after a failure uses a new key
clubs:test: [22m[39m[BrandingProvider] Club Agility Cànic: primary and onPrimary contrast (3.32:1) is below WCAG AA.
clubs:test: 
clubs-admin:test: [90mstderr[2m | src/activities/ActivitiesPage.test.tsx[2m > [22m[2mT-07-29 D7 activities (list, maintenance, publication, cancellation)[2m > [22m[2mR-07-06 [CANCEL·LA L'ACTIVITAT] opens the modal with «CANCEL·LA I AVISA ELS 22 INSCRITS» disabled without text
clubs-admin:test: [22m[39m[BrandingProvider] Club Agility Cànic: primary and onPrimary contrast (3.32:1) is below WCAG AA.
clubs-admin:test: 
clubs:test: [90mstderr[2m | src/SignupPage.test.tsx[2m > [22m[2mM1 stable retries (CONVENCIONS_API §7, R-04-26/27)[2m > [22m[2madd-dog: a lost 201 is replayed, never DOG_CHIP_ALREADY_REGISTERED for the member's own dog
clubs:test: [22m[39m[BrandingProvider] Club Agility Cànic: primary and onPrimary contrast (3.32:1) is below WCAG AA.
clubs:test: 
clubs:test: [90mstderr[2m | src/SignupPage.test.tsx[2m > [22m[2mM1 stable retries (CONVENCIONS_API §7, R-04-26/27)[2m > [22m[2ma cancelled checkout returns to 19 with the data and retries only the checkout
clubs:test: [22m[39m[BrandingProvider] Club Agility Cànic: primary and onPrimary contrast (3.32:1) is below WCAG AA.
clubs:test: 
clubs:test: [90mstderr[2m | src/SignupPage.test.tsx[2m > [22m[2mM1 stable retries (CONVENCIONS_API §7, R-04-26/27)[2m > [22m[2ma cancelled checkout returns to 19 with the data and retries only the checkout
clubs:test: [22m[39m[BrandingProvider] Club Agility Cànic: primary and onPrimary contrast (3.32:1) is below WCAG AA.
clubs:test: 
clubs-admin:test: [90mstderr[2m | src/planning/CalendarPage.test.tsx[2m > [22m[2mT-06-28 D4 / D4b / D4c class calendar (front half, MSW)[2m > [22m[2mR-06-09 keeps the INVALID_STATE message of the «Exempta…» toggle after the refetch
clubs-admin:test: [22m[39m[BrandingProvider] Club Agility Cànic: primary and onPrimary contrast (3.32:1) is below WCAG AA.
clubs-admin:test: 
clubs:test: [90mstderr[2m | src/SignupPage.test.tsx[2m > [22m[2mM2 api errors land on their field and step (§2, CATALEG_ERRORS)[2m > [22m[2mINVALID_ID_DOCUMENT (400) → /apuntat-hi
clubs:test: [22m[39m[BrandingProvider] Club Agility Cànic: primary and onPrimary contrast (3.32:1) is below WCAG AA.
clubs:test: 
clubs:test: [90mstderr[2m | src/SignupPage.test.tsx[2m > [22m[2mM2 api errors land on their field and step (§2, CATALEG_ERRORS)[2m > [22m[2mID_DOCUMENT_AMBIGUOUS (422) → /apuntat-hi
clubs:test: [22m[39m[BrandingProvider] Club Agility Cànic: primary and onPrimary contrast (3.32:1) is below WCAG AA.
clubs:test: 
clubs-admin:test: [90mstderr[2m | src/planning/TemplatesPage.test.tsx[2m > [22m[2mT-06-26 D3 weekly templates[2m > [22m[2mputs the form back to the saved class when a PATCH fails
clubs-admin:test: [22m[39m[BrandingProvider] Club Agility Cànic: primary and onPrimary contrast (3.32:1) is below WCAG AA.
clubs-admin:test: 
clubs-admin:test: [90mstderr[2m | src/activities/ActivitiesPage.test.tsx[2m > [22m[2mT-07-29 D7 activities (list, maintenance, publication, cancellation)[2m > [22m[2mINSTRUCTOR reads D7 without actions, export or internal notes
clubs-admin:test: [22m[39m[BrandingProvider] Club Agility Cànic: primary and onPrimary contrast (3.32:1) is below WCAG AA.
clubs-admin:test: 
clubs:test: [90mstderr[2m | src/SignupPage.test.tsx[2m > [22m[2mM2 api errors land on their field and step (§2, CATALEG_ERRORS)[2m > [22m[2mINVALID_PHONE (400) → /apuntat-hi
clubs:test: [22m[39m[BrandingProvider] Club Agility Cànic: primary and onPrimary contrast (3.32:1) is below WCAG AA.
clubs:test: 
clubs:test: [90mstderr[2m | src/SignupPage.test.tsx[2m > [22m[2mM2 api errors land on their field and step (§2, CATALEG_ERRORS)[2m > [22m[2mINVALID_IBAN (400) → undefined
clubs:test: [22m[39m[BrandingProvider] Club Agility Cànic: primary and onPrimary contrast (3.32:1) is below WCAG AA.
clubs:test: 
clubs-admin:test: [90mstderr[2m | src/planning/CalendarPage.test.tsx[2m > [22m[2mT-06-28 D4 / D4b / D4c class calendar (front half, MSW)[2m > [22m[2mR-06-05 moving a class onto training bookings asks first and resends with cancelBookings
clubs-admin:test: [22m[39m[BrandingProvider] Club Agility Cànic: primary and onPrimary contrast (3.32:1) is below WCAG AA.
clubs-admin:test: 
clubs-admin:test: [90mstderr[2m | src/activities/ActivitiesPage.test.tsx[2m > [22m[2mT-07-29 D7 activities (list, maintenance, publication, cancellation)[2m > [22m[2mlists the registrants with the FIFO waitlist positions
clubs-admin:test: [22m[39m[BrandingProvider] Club Agility Cànic: primary and onPrimary contrast (3.32:1) is below WCAG AA.
clubs-admin:test: 
clubs:test: [90mstderr[2m | src/SignupPage.test.tsx[2m > [22m[2mM2 api errors land on their field and step (§2, CATALEG_ERRORS)[2m > [22m[2mPLAN_NOT_AVAILABLE (422) → /apuntat-hi/gos
clubs:test: [22m[39m[BrandingProvider] Club Agility Cànic: primary and onPrimary contrast (3.32:1) is below WCAG AA.
clubs:test: 
clubs-admin:test:  [32m✓[39m src/activities/ActivitiesPage.test.tsx [2m([22m[2m11 tests[22m[2m)[22m[33m 3343[2mms[22m[39m
clubs-admin:test:    [32m✓[39m T-07-29 D7 activities (list, maintenance, publication, cancellation) [2m(11)[22m
clubs-admin:test:      [33m[2m✓[22m[39m draws the four mockup rows with the R-07-13 dates, rings, registrations and state chips[33m 663[2mms[22m[39m
clubs-admin:test:      [33m[2m✓[22m[39m «Nova activitat» creates a draft with title and type and opens its maintenance[33m 559[2mms[22m[39m
clubs-admin:test:      [33m[2m✓[22m[39m shows the mockup maintenance of «Torneig d'Estiu 2026» with the ring, level and waitlist chips[33m 358[2mms[22m[39m
clubs-admin:test:      [33m[2m✓[22m[39m R-07-05 [PUBLICA] with conflicts opens the dialog with the conflicts and the required notice text[33m 335[2mms[22m[39m
clubs:test: [90mstderr[2m | src/SignupPage.test.tsx[2m > [22m[2mM2 api errors land on their field and step (§2, CATALEG_ERRORS)[2m > [22m[2mDOG_DOCUMENT_REQUIRED (422) → /apuntat-hi/gos
clubs:test: [22m[39m[BrandingProvider] Club Agility Cànic: primary and onPrimary contrast (3.32:1) is below WCAG AA.
clubs:test: 
clubs:test: [90mstderr[2m | src/SignupPage.test.tsx[2m > [22m[2mM2 api errors land on their field and step (§2, CATALEG_ERRORS)[2m > [22m[2mFILE_NOT_FOUND (400) → /apuntat-hi/gos
clubs:test: [22m[39m[BrandingProvider] Club Agility Cànic: primary and onPrimary contrast (3.32:1) is below WCAG AA.
clubs:test: 
clubs-admin:test: [90mstderr[2m | src/planning/TemplatesPage.test.tsx[2m > [22m[2mT-06-26 D3 weekly templates[2m > [22m[2mshows a failed load of the weeks and the coverage with [Torna-ho a provar] instead of a loading table
clubs-admin:test: [22m[39m[BrandingProvider] Club Agility Cànic: primary and onPrimary contrast (3.32:1) is below WCAG AA.
clubs-admin:test: 
clubs:test: [90mstderr[2m | src/SignupPage.test.tsx[2m > [22m[2mM2 api errors land on their field and step (§2, CATALEG_ERRORS)[2m > [22m[2mDOG_CHIP_ALREADY_REGISTERED (422) → /apuntat-hi/gos
clubs:test: [22m[39m[BrandingProvider] Club Agility Cànic: primary and onPrimary contrast (3.32:1) is below WCAG AA.
clubs:test: 
clubs:test: [90mstderr[2m | src/SignupPage.test.tsx[2m > [22m[2mM2 api errors land on their field and step (§2, CATALEG_ERRORS)[2m > [22m[2mFAMILY_HOLDER_NOT_FOUND (422) → /apuntat-hi/familia
clubs:test: [22m[39m[BrandingProvider] Club Agility Cànic: primary and onPrimary contrast (3.32:1) is below WCAG AA.
clubs:test: 
clubs-admin:test: [90mstderr[2m | src/planning/CalendarPage.test.tsx[2m > [22m[2mT-06-28 D4 / D4b / D4c class calendar (front half, MSW)[2m > [22m[2mR-06-10 D4c with only a waitlist: no «0 alumnes», a waitlist intro and button
clubs-admin:test: [22m[39m[BrandingProvider] Club Agility Cànic: primary and onPrimary contrast (3.32:1) is below WCAG AA.
clubs-admin:test: 
clubs:test: [90mstderr[2m | src/SignupPage.test.tsx[2m > [22m[2mM2 api errors land on their field and step (§2, CATALEG_ERRORS)[2m > [22m[2mCONSENT_VERSION_OUTDATED (422) → undefined
clubs:test: [22m[39m[BrandingProvider] Club Agility Cànic: primary and onPrimary contrast (3.32:1) is below WCAG AA.
clubs:test: 
clubs:test: [90mstderr[2m | src/SignupPage.test.tsx[2m > [22m[2mM2 api errors land on their field and step (§2, CATALEG_ERRORS)[2m > [22m[2mMEMBER_ALREADY_EXISTS (409) → /apuntat-hi
clubs:test: [22m[39m[BrandingProvider] Club Agility Cànic: primary and onPrimary contrast (3.32:1) is below WCAG AA.
clubs:test: 
clubs:test: [90mstderr[2m | src/SignupPage.test.tsx[2m > [22m[2mM2 api errors land on their field and step (§2, CATALEG_ERRORS)[2m > [22m[2mSIGNUP_ALREADY_PENDING (422) → /apuntat-hi
clubs:test: [22m[39m[BrandingProvider] Club Agility Cànic: primary and onPrimary contrast (3.32:1) is below WCAG AA.
clubs:test: 
clubs-admin:test: [90mstderr[2m | src/planning/TemplatesPage.test.tsx[2m > [22m[2mT-06-26 D3 weekly templates[2m > [22m[2mshows each band error on the field that caused it
clubs-admin:test: [22m[39m[BrandingProvider] Club Agility Cànic: primary and onPrimary contrast (3.32:1) is below WCAG AA.
clubs-admin:test: 
clubs:test: [90mstderr[2m | src/SignupPage.test.tsx[2m > [22m[2mM2 api errors land on their field and step (§2, CATALEG_ERRORS)[2m > [22m[2mSIGNUP_CLOSED (422) → undefined
clubs:test: [22m[39m[BrandingProvider] Club Agility Cànic: primary and onPrimary contrast (3.32:1) is below WCAG AA.
clubs:test: 
clubs-admin:test: [90mstderr[2m | src/planning/CalendarPage.test.tsx[2m > [22m[2mT-06-28 D4 / D4b / D4c class calendar (front half, MSW)[2m > [22m[2mR-06-11 the block drawer starts on the club-local today and a Saturday date offers Saturday's hours only
clubs-admin:test: [22m[39m[BrandingProvider] Club Agility Cànic: primary and onPrimary contrast (3.32:1) is below WCAG AA.
clubs-admin:test: 
clubs:test: [90mstderr[2m | src/SignupPage.test.tsx[2m > [22m[2mM2 api errors land on their field and step (§2, CATALEG_ERRORS)[2m > [22m[2mRATE_LIMITED (429) → undefined
clubs:test: [22m[39m[BrandingProvider] Club Agility Cànic: primary and onPrimary contrast (3.32:1) is below WCAG AA.
clubs:test: 
clubs:test: [90mstderr[2m | src/SignupPage.test.tsx[2m > [22m[2mM2 api errors land on their field and step (§2, CATALEG_ERRORS)[2m > [22m[2mPAYMENT_METHOD_NOT_AVAILABLE (422) → undefined
clubs:test: [22m[39m[BrandingProvider] Club Agility Cànic: primary and onPrimary contrast (3.32:1) is below WCAG AA.
clubs:test: 
clubs:test: [90mstderr[2m | src/SignupPage.test.tsx[2m > [22m[2mM2 api errors land on their field and step (§2, CATALEG_ERRORS)[2m > [22m[2mSOMETHING_NEW (422) → undefined
clubs:test: [22m[39m[BrandingProvider] Club Agility Cànic: primary and onPrimary contrast (3.32:1) is below WCAG AA.
clubs:test: 
clubs-admin:test: [90mstderr[2m | src/planning/CalendarPage.test.tsx[2m > [22m[2mT-06-28 D4 / D4b / D4c class calendar (front half, MSW)[2m > [22m[2mR-06-09 [Crear classe] clamps its start and end times to a Saturday's hours
clubs-admin:test: [22m[39m[BrandingProvider] Club Agility Cànic: primary and onPrimary contrast (3.32:1) is below WCAG AA.
clubs-admin:test: 
clubs:test: [90mstderr[2m | src/SignupPage.test.tsx[2m > [22m[2mM2 api errors land on their field and step (§2, CATALEG_ERRORS)[2m > [22m[2mVALIDATION_ERROR (400) → /apuntat-hi
clubs:test: [22m[39m[BrandingProvider] Club Agility Cànic: primary and onPrimary contrast (3.32:1) is below WCAG AA.
clubs:test: 
clubs-admin:test: [90mstderr[2m | src/planning/TemplatesPage.test.tsx[2m > [22m[2mT-06-26 D3 weekly templates[2m > [22m[2mmarks the inconsistency on the cells and in the footer note and blocks the generation
clubs-admin:test: [22m[39m[BrandingProvider] Club Agility Cànic: primary and onPrimary contrast (3.32:1) is below WCAG AA.
clubs-admin:test: 
clubs:test: [90mstderr[2m | src/SignupPage.test.tsx[2m > [22m[2mM2 api errors land on their field and step (§2, CATALEG_ERRORS)[2m > [22m[2mVALIDATION_ERROR (400) → /apuntat-hi/gos
clubs:test: [22m[39m[BrandingProvider] Club Agility Cànic: primary and onPrimary contrast (3.32:1) is below WCAG AA.
clubs:test: 
clubs:test: [90mstderr[2m | src/SignupPage.test.tsx[2m > [22m[2mM19 the consent version sent is the accepted one (R-04-17)[2m > [22m[2mclears an acceptance of other legal texts and sends the version accepted again
clubs:test: [22m[39m[BrandingProvider] Club Agility Cànic: primary and onPrimary contrast (3.32:1) is below WCAG AA.
clubs:test: 
clubs-admin:test: [90mstderr[2m | src/planning/CalendarPage.test.tsx[2m > [22m[2mT-06-28 D4 / D4b / D4c class calendar (front half, MSW)[2m > [22m[2mR-06-11 a new ring after RING_HAS_BOOKINGS drops the confirmation: no cancelBookings for a ring not shown
clubs-admin:test: [22m[39m[BrandingProvider] Club Agility Cànic: primary and onPrimary contrast (3.32:1) is below WCAG AA.
clubs-admin:test: 
clubs:test: [90mstderr[2m | src/SignupPage.test.tsx[2m > [22m[2mM19 the consent version sent is the accepted one (R-04-17)[2m > [22m[2ma saved acceptance of an older version is not carried into the new texts
clubs:test: [22m[39m[BrandingProvider] Club Agility Cànic: primary and onPrimary contrast (3.32:1) is below WCAG AA.
clubs:test: 
clubs:test: [90mstderr[2m | src/SignupPage.test.tsx[2m > [22m[2mE3-W06 round 2[2m > [22m[2m#1 an INVALID_IBAN from 19 stays on 19, on the IBAN field (production navigator)
clubs:test: [22m[39m[BrandingProvider] Club Agility Cànic: primary and onPrimary contrast (3.32:1) is below WCAG AA.
clubs:test: 
clubs:test: [90mstderr[2m | src/SignupPage.test.tsx[2m > [22m[2mE3-W06 round 2[2m > [22m[2m#1 an INVALID_ID_DOCUMENT routed to 16 survives the full page load and focuses the document
clubs:test: [22m[39m[BrandingProvider] Club Agility Cànic: primary and onPrimary contrast (3.32:1) is below WCAG AA.
clubs:test: 
clubs:test: [90mstderr[2m | src/SignupPage.test.tsx[2m > [22m[2mE3-W06 round 2[2m > [22m[2m#1 an INVALID_ID_DOCUMENT routed to 16 survives the full page load and focuses the document
clubs:test: [22m[39m[BrandingProvider] Club Agility Cànic: primary and onPrimary contrast (3.32:1) is below WCAG AA.
clubs:test: 
clubs-admin:test: [90mstderr[2m | src/planning/TemplatesPage.test.tsx[2m > [22m[2mT-06-26 D3 weekly templates[2m > [22m[2mconfirms «Es generaran com a esborrany les classes de la setmana del …» and generates the proposed week
clubs-admin:test: [22m[39m[BrandingProvider] Club Agility Cànic: primary and onPrimary contrast (3.32:1) is below WCAG AA.
clubs-admin:test: 
clubs-admin:test: [90mstderr[2m | src/planning/CalendarPage.test.tsx[2m > [22m[2mT-06-28 D4 / D4b / D4c class calendar (front half, MSW)[2m > [22m[2mR-06-09 [Crear classe]: a new time or ring after RING_HAS_BOOKINGS drops the confirmation
clubs-admin:test: [22m[39m[BrandingProvider] Club Agility Cànic: primary and onPrimary contrast (3.32:1) is below WCAG AA.
clubs-admin:test: 
clubs:test: [90mstderr[2m | src/SignupPage.test.tsx[2m > [22m[2mE3-W06 round 2[2m > [22m[2m#2 after a cancelled checkout 19 is read-only and the retry charges the committed signup
clubs:test: [22m[39m[BrandingProvider] Club Agility Cànic: primary and onPrimary contrast (3.32:1) is below WCAG AA.
clubs:test: 
clubs:test: [90mstderr[2m | src/SignupPage.test.tsx[2m > [22m[2mE3-W06 round 2[2m > [22m[2m#2 after a cancelled checkout 19 is read-only and the retry charges the committed signup
clubs:test: [22m[39m[BrandingProvider] Club Agility Cànic: primary and onPrimary contrast (3.32:1) is below WCAG AA.
clubs:test: 
clubs:test: [90mstderr[2m | src/SignupPage.test.tsx[2m > [22m[2mE3-W06 round 2[2m > [22m[2m#2 after a cancelled checkout 19 is read-only and the retry charges the committed signup
clubs:test: [22m[39m[BrandingProvider] Club Agility Cànic: primary and onPrimary contrast (3.32:1) is below WCAG AA.
clubs:test: 
clubs:test: [90mstderr[2m | src/SignupPage.test.tsx[2m > [22m[2mE3-W06 round 2[2m > [22m[2m#3 the fingerprint is a SHA-256 digest and the IBAN leaves the draft after a failed submission
clubs:test: [22m[39m[BrandingProvider] Club Agility Cànic: primary and onPrimary contrast (3.32:1) is below WCAG AA.
clubs:test: 
clubs:test: [90mstderr[2m | src/SignupPage.test.tsx[2m > [22m[2mE3-W06 round 2[2m > [22m[2m#3 a config reload that drops SEPA removes the IBAN from the draft
clubs:test: [22m[39m[BrandingProvider] Club Agility Cànic: primary and onPrimary contrast (3.32:1) is below WCAG AA.
clubs:test: 
clubs:test: [90mstderr[2m | src/SignupPage.test.tsx[2m > [22m[2mE3-W06 round 2[2m > [22m[2m#4 a cleared FOUND claim gives the account holder back to the applicant (R-04-10)
clubs:test: [22m[39m[BrandingProvider] Club Agility Cànic: primary and onPrimary contrast (3.32:1) is below WCAG AA.
clubs:test: 
clubs-admin:test: [90mstderr[2m | src/planning/TemplatesPage.test.tsx[2m > [22m[2mT-06-26 D3 weekly templates[2m > [22m[2mhides every action from INSTRUCTOR and keeps the cells inert (A22 c)
clubs-admin:test: [22m[39m[BrandingProvider] Club Agility Cànic: primary and onPrimary contrast (3.32:1) is below WCAG AA.
clubs-admin:test: 
clubs:test: [90mstderr[2m | src/SignupPage.test.tsx[2m > [22m[2mE3-W06 round 2[2m > [22m[2m#4 a holder typed by the applicant is kept when the claim changes
clubs:test: [22m[39m[BrandingProvider] Club Agility Cànic: primary and onPrimary contrast (3.32:1) is below WCAG AA.
clubs:test: 
clubs:test: [90mstderr[2m | src/SignupPage.test.tsx[2m > [22m[2mE3-W06 round 2[2m > [22m[2m#5 the birth date is checked against the club's today, not the browser's
clubs:test: [22m[39m[BrandingProvider] Club Agility Cànic: primary and onPrimary contrast (3.32:1) is below WCAG AA.
clubs:test: 
clubs-admin:test: [90mstderr[2m | src/planning/TemplatesPage.test.tsx[2m > [22m[2mT-06-26 D3 weekly templates[2m > [22m[2mshows the coverage table with the D3 vocabulary and one-decimal places
clubs-admin:test: [22m[39m[BrandingProvider] Club Agility Cànic: primary and onPrimary contrast (3.32:1) is below WCAG AA.
clubs-admin:test: 
clubs:test: [90mstderr[2m | src/SignupPage.test.tsx[2m > [22m[2mE3-W06 round 2[2m > [22m[2m#5 the dog's birth month is checked against the club's month, not the browser's
clubs:test: [22m[39m[BrandingProvider] Club Agility Cànic: primary and onPrimary contrast (3.32:1) is below WCAG AA.
clubs:test: 
clubs:test:  [32m✓[39m src/SignupPage.test.tsx [2m([22m[2m62 tests[22m[2m)[22m[33m 5253[2mms[22m[39m
clubs:test:    [32m✓[39m T-04-29 signup person and draft [2m(7)[22m
clubs:test:      [33m[2m✓[22m[39m persists a current draft, expires it after 24 hours and maps identity states[33m 987[2mms[22m[39m
clubs:test:      [33m[2m✓[22m[39m masks and validates the browser-independent birth date control[33m 314[2mms[22m[39m
clubs:test: 
clubs:test: [2m Test Files [22m [1m[32m7 passed[39m[22m[90m (7)[39m
clubs:test: [2m      Tests [22m [1m[32m118 passed[39m[22m[90m (118)[39m
clubs:test: [2m   Start at [22m 19:25:40
clubs:test: [2m   Duration [22m 9.62s[2m (environment 41%, tests 33%, transform 12%, import 7%, setup 7%)[22m
clubs:test: 
clubs-admin:test: [90mstderr[2m | src/planning/CalendarPage.test.tsx[2m > [22m[2mT-06-28 D4 / D4b / D4c class calendar (front half, MSW)[2m > [22m[2mR-06-09 keeps every editor disabled from [ACCEPTA] until the saved version is shown
clubs-admin:test: [22m[39m[BrandingProvider] Club Agility Cànic: primary and onPrimary contrast (3.32:1) is below WCAG AA.
clubs-admin:test: 
clubs-admin:test: [90mstderr[2m | src/planning/TemplatesPage.test.tsx[2m > [22m[2mT-06-26 D3 weekly templates[2m > [22m[2mR-06-15 offers instructor chips with maxInstructorsPerClass = 2
clubs-admin:test: [22m[39m[BrandingProvider] Club Agility Cànic: primary and onPrimary contrast (3.32:1) is below WCAG AA.
clubs-admin:test: 
clubs-admin:test: [90mstderr[2m | src/planning/TemplatesPage.test.tsx[2m > [22m[2mT-06-26 D3 weekly templates[2m > [22m[2mR-06-15 hides levels and coverage with levels.enabled = false and requires a manual description
clubs-admin:test: [22m[39m[BrandingProvider] Club Agility Cànic: primary and onPrimary contrast (3.32:1) is below WCAG AA.
clubs-admin:test: 
clubs-admin:test:  [32m✓[39m src/planning/TemplatesPage.test.tsx [2m([22m[2m13 tests[22m[2m)[22m[33m 4883[2mms[22m[39m
clubs-admin:test:    [32m✓[39m T-06-26 D3 weekly templates [2m(13)[22m
clubs-admin:test:      [33m[2m✓[22m[39m prefills band and day from an empty cell, fills the description by levels, keeps the manual text and asks for another class in the band[33m 1632[2mms[22m[39m
clubs-admin:test:      [33m[2m✓[22m[39m saves every change of a full cell at once with the template version[33m 829[2mms[22m[39m
clubs-admin:test:      [33m[2m✓[22m[39m queues two quick changes of a full cell and sends each PATCH with the latest version[33m 462[2mms[22m[39m
clubs-admin:test:      [33m[2m✓[22m[39m reloads the template and remounts the card on STALE_VERSION[33m 458[2mms[22m[39m
clubs-admin:test: [90mstderr[2m | src/planning/CalendarPage.test.tsx[2m > [22m[2mT-06-28 D4 / D4b / D4c class calendar (front half, MSW)[2m > [22m[2mshows the value the class holds: inactive ring and instructor stay selected
clubs-admin:test: [22m[39m[BrandingProvider] Club Agility Cànic: primary and onPrimary contrast (3.32:1) is below WCAG AA.
clubs-admin:test: 
clubs-admin:test: [90mstderr[2m | src/planning/CalendarPage.test.tsx[2m > [22m[2mT-06-28 D4 / D4b / D4c class calendar (front half, MSW)[2m > [22m[2mshows a RESERVATION block as it is when FREE_TRAINING was turned off later
clubs-admin:test: [22m[39m[BrandingProvider] Club Agility Cànic: primary and onPrimary contrast (3.32:1) is below WCAG AA.
clubs-admin:test: 
clubs-admin:test: [90mstderr[2m | src/planning/CalendarPage.test.tsx[2m > [22m[2mT-06-28 D4 / D4b / D4c class calendar (front half, MSW)[2m > [22m[2mR-06-15 without WAITLIST there is no «+e» in the cell nor in the card
clubs-admin:test: [22m[39m[BrandingProvider] Club Agility Cànic: primary and onPrimary contrast (3.32:1) is below WCAG AA.
clubs-admin:test: 
clubs-admin:test: [90mstderr[2m | src/planning/CalendarPage.test.tsx[2m > [22m[2mT-06-28 D4 / D4b / D4c class calendar (front half, MSW)[2m > [22m[2mR-06-15 without FREE_TRAINING [Bloqueja pista] offers only «Bloqueig»
clubs-admin:test: [22m[39m[BrandingProvider] Club Agility Cànic: primary and onPrimary contrast (3.32:1) is below WCAG AA.
clubs-admin:test: 
clubs-admin:test: [90mstderr[2m | src/planning/CalendarPage.test.tsx[2m > [22m[2mT-06-28 D4 / D4b / D4c class calendar (front half, MSW)[2m > [22m[2mR-06-15 with levels.enabled=false the card has no «Nivells» chip
clubs-admin:test: [22m[39m[BrandingProvider] Club Agility Cànic: primary and onPrimary contrast (3.32:1) is below WCAG AA.
clubs-admin:test: 
clubs-admin:test: [90mstderr[2m | src/planning/CalendarPage.test.tsx[2m > [22m[2mT-06-28 D4 / D4b / D4c class calendar (front half, MSW)[2m > [22m[2mR-06-15 INSTRUCTOR (no /parameters) sees «Nivells» only on a class with levels
clubs-admin:test: [22m[39m[BrandingProvider] Club Agility Cànic: primary and onPrimary contrast (3.32:1) is below WCAG AA.
clubs-admin:test: 
clubs-admin:test: [90mstderr[2m | src/planning/CalendarPage.test.tsx[2m > [22m[2mT-06-28 D4 / D4b / D4c class calendar (front half, MSW)[2m > [22m[2mR-06-11 lists the RING_BLOCK_CONFLICT conflicts inside the block drawer
clubs-admin:test: [22m[39m[BrandingProvider] Club Agility Cànic: primary and onPrimary contrast (3.32:1) is below WCAG AA.
clubs-admin:test: 
clubs-admin:test: [90mstderr[2m | src/planning/CalendarPage.test.tsx[2m > [22m[2mT-06-28 D4 / D4b / D4c class calendar (front half, MSW)[2m > [22m[2mINSTRUCTOR reads the calendar without actions and with inert chips (A22 c)
clubs-admin:test: [22m[39m[BrandingProvider] Club Agility Cànic: primary and onPrimary contrast (3.32:1) is below WCAG AA.
clubs-admin:test: 
clubs-admin:test: [90mstderr[2m | src/planning/CalendarPage.test.tsx[2m > [22m[2mT-06-28 D4 / D4b / D4c class calendar (front half, MSW)[2m > [22m[2mshows the week warnings and selects the class of a warning; day headers open the day view
clubs-admin:test: [22m[39m[BrandingProvider] Club Agility Cànic: primary and onPrimary contrast (3.32:1) is below WCAG AA.
clubs-admin:test: 
clubs-admin:test:  [32m✓[39m src/planning/CalendarPage.test.tsx [2m([22m[2m22 tests[22m[2m)[22m[33m 5651[2mms[22m[39m
clubs-admin:test:    [32m✓[39m T-06-28 D4 / D4b / D4c class calendar (front half, MSW) [2m(22)[22m
clubs-admin:test:      [33m[2m✓[22m[39m opens «Esborrany» on the first week with drafts, with the validation card and its count[33m 1206[2mms[22m[39m
clubs-admin:test:      [33m[2m✓[22m[39m [VALIDAR LA SETMANA] turns every draft of the week active at once[33m 546[2mms[22m[39m
clubs-admin:test:      [33m[2m✓[22m[39m cancels an active class with registrants through D4c: four rows, text required, «ANUL·LA I AVISA ELS 4 ALUMNES»[33m 510[2mms[22m[39m
clubs-admin:test:      [33m[2m✓[22m[39m [ELIMINA] of an active class goes through the same D4c modal[33m 392[2mms[22m[39m
clubs-admin:test:      [33m[2m✓[22m[39m R-06-09 saves the diff with the version; STALE_VERSION keeps its message after the refetch remounts the card[33m 507[2mms[22m[39m
clubs-admin:test:      [33m[2m✓[22m[39m R-06-09 [Crear classe]: a new time or ring after RING_HAS_BOOKINGS drops the confirmation[33m 315[2mms[22m[39m
clubs-admin:test: 
clubs-admin:test: [2m Test Files [22m [1m[32m18 passed[39m[22m[90m (18)[39m
clubs-admin:test: [2m      Tests [22m [1m[32m121 passed[39m[22m[90m (121)[39m
clubs-admin:test: [2m   Start at [22m 19:25:40
clubs-admin:test: [2m   Duration [22m 10.66s[2m (environment 41%, tests 29%, transform 16%, setup 8%, import 6%)[22m
clubs-admin:test: 

 Tasks:    34 successful, 34 total
Cached:    16 cached, 34 total
  Time:    17.92s 

