• turbo 2.10.12

   • Packages in scope: @agilityhub/api-client, @agilityhub/auth, @agilityhub/config, @agilityhub/course-core, @agilityhub/i18n, @agilityhub/shared-types, @agilityhub/ui, clubs, clubs-admin, id
   • Running lint, typecheck, test, build in 10 packages
   • Remote caching disabled

@agilityhub/ui:typecheck: cache bypass, force executing 810744c409a99351
@agilityhub/shared-types:lint: cache bypass, force executing d383151fe730994b
clubs-admin:lint: cache bypass, force executing 6ea200b77a526f9f
@agilityhub/course-core:test: cache bypass, force executing 1c26edab867f42c5
@agilityhub/course-core:typecheck: cache bypass, force executing 671f426b6643ad21
clubs:lint: cache bypass, force executing 1b5659f03b83ae9d
@agilityhub/config:typecheck: cache bypass, force executing 6860c83ceac65ae7
@agilityhub/api-client:test: cache bypass, force executing 34783006333105f3
@agilityhub/config:lint: cache bypass, force executing 42ac5d636417f38d
@agilityhub/course-core:build: cache bypass, force executing 431d96cbc72fd83b
clubs-admin:lint: 
clubs-admin:lint: > clubs-admin@0.0.0 lint /Users/jordib/dev/agilityhub/agilityhub-core-web/apps/clubs-admin
clubs-admin:lint: > eslint . --max-warnings 0 --config ../../eslint.config.mjs
clubs-admin:lint: 
@agilityhub/shared-types:lint: 
@agilityhub/shared-types:lint: > @agilityhub/shared-types@0.0.1 lint /Users/jordib/dev/agilityhub/agilityhub-core-web/packages/shared-types
@agilityhub/shared-types:lint: > eslint src tests --max-warnings 0 --config ../../eslint.config.mjs
@agilityhub/shared-types:lint: 
@agilityhub/config:typecheck: 
@agilityhub/config:typecheck: > @agilityhub/config@0.0.0 typecheck /Users/jordib/dev/agilityhub/agilityhub-core-web/packages/config
@agilityhub/config:typecheck: > node --check eslint.config.mjs && node --check prettier.config.mjs && node --check scripts/prepare-husky.mjs
@agilityhub/config:typecheck: 
@agilityhub/config:lint: 
@agilityhub/config:lint: > @agilityhub/config@0.0.0 lint /Users/jordib/dev/agilityhub/agilityhub-core-web/packages/config
@agilityhub/config:lint: > eslint . --max-warnings 0 --config ../../eslint.config.mjs
@agilityhub/config:lint: 
@agilityhub/ui:typecheck: 
@agilityhub/ui:typecheck: > @agilityhub/ui@0.0.0 typecheck /Users/jordib/dev/agilityhub/agilityhub-core-web/packages/ui
@agilityhub/ui:typecheck: > tsc --noEmit
@agilityhub/ui:typecheck: 
@agilityhub/course-core:build: 
@agilityhub/course-core:build: > @agilityhub/course-core@0.0.1 build /Users/jordib/dev/agilityhub/agilityhub-core-web/packages/course-core
@agilityhub/course-core:build: > tsc -p tsconfig.build.json
@agilityhub/course-core:build: 
@agilityhub/course-core:test: 
@agilityhub/course-core:test: > @agilityhub/course-core@0.0.1 test /Users/jordib/dev/agilityhub/agilityhub-core-web/packages/course-core
@agilityhub/course-core:test: > vitest run
@agilityhub/course-core:test: 
@agilityhub/course-core:typecheck: 
@agilityhub/course-core:typecheck: > @agilityhub/course-core@0.0.1 typecheck /Users/jordib/dev/agilityhub/agilityhub-core-web/packages/course-core
@agilityhub/course-core:typecheck: > tsc --noEmit
@agilityhub/course-core:typecheck: 
@agilityhub/api-client:test: 
@agilityhub/api-client:test: > @agilityhub/api-client@0.0.0 test /Users/jordib/dev/agilityhub/agilityhub-core-web/packages/api-client
@agilityhub/api-client:test: > vitest run
@agilityhub/api-client:test: 
clubs:lint: 
clubs:lint: > clubs@0.0.0 lint /Users/jordib/dev/agilityhub/agilityhub-core-web/apps/clubs
clubs:lint: > eslint . --max-warnings 0 --config ../../eslint.config.mjs
clubs:lint: 
id:lint: cache bypass, force executing 22651cf71461790e
@agilityhub/api-client:test: 
@agilityhub/api-client:test: [1m[30m[46m RUN [49m[39m[22m [36mv5.0.0 [39m[90m/Users/jordib/dev/agilityhub/agilityhub-core-web/packages/api-client[39m
@agilityhub/api-client:test: 
id:lint: 
id:lint: > id@0.0.0 lint /Users/jordib/dev/agilityhub/agilityhub-core-web/apps/id
id:lint: > eslint . --max-warnings 0 --config ../../eslint.config.mjs
id:lint: 
@agilityhub/course-core:test: 
@agilityhub/course-core:test: [1m[30m[46m RUN [49m[39m[22m [36mv5.0.0 [39m[90m/Users/jordib/dev/agilityhub/agilityhub-core-web/packages/course-core[39m
@agilityhub/course-core:test: 
@agilityhub/course-core:test:  [32m✓[39m tests/apriltag-36h11.test.ts [2m([22m[2m31 tests[22m[2m)[22m[32m 48[2mms[22m[39m
@agilityhub/course-core:test:  [32m✓[39m tests/geometry-primitives.test.ts [2m([22m[2m15 tests[22m[2m)[22m[32m 7[2mms[22m[39m
@agilityhub/course-core:test:  [32m✓[39m tests/units.test.ts [2m([22m[2m5 tests[22m[2m)[22m[32m 3[2mms[22m[39m
@agilityhub/course-core:test:  [32m✓[39m tests/coords.test.ts [2m([22m[2m5 tests[22m[2m)[22m[32m 4[2mms[22m[39m
@agilityhub/course-core:test:  [32m✓[39m tests/wrapper.test.ts [2m([22m[2m5 tests[22m[2m)[22m[32m 4[2mms[22m[39m
@agilityhub/course-core:test:  [32m✓[39m tests/marker-svg.test.ts [2m([22m[2m29 tests[22m[2m)[22m[32m 13[2mms[22m[39m
@agilityhub/course-core:test:  [32m✓[39m tests/geometry-transform.test.ts [2m([22m[2m6 tests[22m[2m)[22m[32m 4[2mms[22m[39m
@agilityhub/course-core:test:  [32m✓[39m tests/calibration.test.ts [2m([22m[2m9 tests[22m[2m)[22m[32m 6[2mms[22m[39m
@agilityhub/course-core:test:  [32m✓[39m tests/marker-id.test.ts [2m([22m[2m11 tests[22m[2m)[22m[32m 9[2mms[22m[39m
@agilityhub/course-core:test:  [32m✓[39m tests/ring.test.ts [2m([22m[2m7 tests[22m[2m)[22m[32m 6[2mms[22m[39m
@agilityhub/course-core:test:  [32m✓[39m tests/placement.test.ts [2m([22m[2m20 tests[22m[2m)[22m[32m 9[2mms[22m[39m
@agilityhub/api-client:test:  [32m✓[39m src/uploads.test.ts [2m([22m[2m4 tests[22m[2m)[22m[32m 154[2mms[22m[39m
@agilityhub/course-core:test:  [32m✓[39m tests/summarize-course.test.ts [2m([22m[2m8 tests[22m[2m)[22m[32m 37[2mms[22m[39m
@agilityhub/course-core:test:  [32m✓[39m tests/parse-smarter-txt.test.ts [2m([22m[2m113 tests[22m[2m)[22m[32m 47[2mms[22m[39m
@agilityhub/course-core:test:  [32m✓[39m tests/parse-smarter-colors-txt.test.ts [2m([22m[2m6 tests[22m[2m)[22m[32m 3[2mms[22m[39m
@agilityhub/course-core:test:  [32m✓[39m tests/smarter-writer.test.ts [2m([22m[2m8 tests[22m[2m)[22m[32m 17[2mms[22m[39m
@agilityhub/course-core:test:  [32m✓[39m tests/warnings-engine.test.ts [2m([22m[2m13 tests[22m[2m)[22m[32m 8[2mms[22m[39m
@agilityhub/course-core:test:  [32m✓[39m tests/warnings-rules.test.ts [2m([22m[2m26 tests[22m[2m)[22m[32m 29[2mms[22m[39m
@agilityhub/course-core:test:  [32m✓[39m tests/smarter-fixtures.test.ts [2m([22m[2m25 tests[22m[2m)[22m[32m 23[2mms[22m[39m
@agilityhub/course-core:test: 
@agilityhub/course-core:test: [2m Test Files [22m [1m[32m18 passed[39m[22m[90m (18)[39m
@agilityhub/course-core:test: [2m      Tests [22m [1m[32m342 passed[39m[22m[90m (342)[39m
@agilityhub/course-core:test: [2m   Start at [22m 20:24:05
@agilityhub/course-core:test: [2m   Duration [22m 1.78s[2m (transform 86%, import 10%, tests 3%, worker 1%)[22m
@agilityhub/course-core:test: 
@agilityhub/course-core:test: [2m  Transform [22m [33mtransforming modules took 9.35s[39m[2m · 86% of tracked time, re-done on every run[22m
@agilityhub/course-core:test: [2m            [22m [2mpersist transforms across runs with [22m[33mfsModuleCache: true[39m
@agilityhub/course-core:test: [2m            [22m [2mlearn more: https://vitest.dev/guide/improving-performance#caching-between-reruns[22m
@agilityhub/course-core:test: 
@agilityhub/api-client:lint: cache bypass, force executing 6a1e2a16d647170c
@agilityhub/api-client:test:  [32m✓[39m src/mocks/list-exports.test.ts [2m([22m[2m19 tests[22m[2m)[22m[33m 554[2mms[22m[39m
@agilityhub/api-client:test:  [32m✓[39m src/mocks/auth-handoff.test.ts [2m([22m[2m2 tests[22m[2m)[22m[33m 2425[2mms[22m[39m
@agilityhub/api-client:test:    [32m✓[39m T-01-12 E4-W16 round 2 #2 (S01 R-01-09, E47): a handoff code is single-use across page loads [2m(2)[22m
@agilityhub/api-client:test:      [33m[2m✓[22m[39m redeem code 1, reload, redeem code 2, then code 1 again → refused (the whole redemption history stays spent)[33m 1966[2mms[22m[39m
@agilityhub/api-client:test:      [33m[2m✓[22m[39m the back office never issues again a code it issued before its own reload[33m 458[2mms[22m[39m
@agilityhub/api-client:test:  [32m✓[39m src/mocks/messaging-handlers.test.ts [2m([22m[2m7 tests[22m[2m)[22m[33m 484[2mms[22m[39m
@agilityhub/api-client:test:  [32m✓[39m src/mocks/signup-handlers.test.ts [2m([22m[2m30 tests[22m[2m)[22m[33m 687[2mms[22m[39m
@agilityhub/api-client:test:  [32m✓[39m src/mocks/followup-handlers.test.ts [2m([22m[2m16 tests[22m[2m)[22m[33m 556[2mms[22m[39m
@agilityhub/api-client:test:  [32m✓[39m src/mocks/booking-handlers.test.ts [2m([22m[2m11 tests[22m[2m)[22m[33m 818[2mms[22m[39m
@agilityhub/api-client:test:  [32m✓[39m src/mocks/agenda-handlers.test.ts [2m([22m[2m12 tests[22m[2m)[22m[33m 615[2mms[22m[39m
@agilityhub/api-client:test:  [32m✓[39m src/api-error.test.ts [2m([22m[2m4 tests[22m[2m)[22m[32m 5[2mms[22m[39m
@agilityhub/api-client:test:  [32m✓[39m src/index.test.ts [2m([22m[2m20 tests[22m[2m)[22m[33m 734[2mms[22m[39m
@agilityhub/api-client:lint: 
@agilityhub/api-client:lint: > @agilityhub/api-client@0.0.0 lint /Users/jordib/dev/agilityhub/agilityhub-core-web/packages/api-client
@agilityhub/api-client:lint: > eslint src --ignore-pattern src/generated/** --max-warnings 0 --config ../../eslint.config.mjs
@agilityhub/api-client:lint: 
@agilityhub/api-client:test:  [32m✓[39m src/mocks/list-fields.test.ts [2m([22m[2m8 tests[22m[2m)[22m[32m 5[2mms[22m[39m
@agilityhub/api-client:test:  [32m✓[39m src/mocks/attendance-handlers.test.ts [2m([22m[2m18 tests[22m[2m)[22m[33m 1212[2mms[22m[39m
@agilityhub/api-client:test:  [32m✓[39m src/exports.test.ts [2m([22m[2m16 tests[22m[2m)[22m[32m 48[2mms[22m[39m
@agilityhub/api-client:test:  [32m✓[39m src/club-pages.test.ts [2m([22m[2m1 test[22m[2m)[22m[32m 56[2mms[22m[39m
@agilityhub/auth:lint: cache bypass, force executing 2925197e67cefb4b
@agilityhub/api-client:test:  [32m✓[39m src/mocks/club-settings-handlers.test.ts [2m([22m[2m1 test[22m[2m)[22m[32m 63[2mms[22m[39m
@agilityhub/api-client:test:  [32m✓[39m src/mocks/activity-handlers.test.ts [2m([22m[2m27 tests[22m[2m)[22m[33m 1753[2mms[22m[39m
@agilityhub/api-client:test:  [32m✓[39m src/mocks/backoffice-handlers.test.ts [2m([22m[2m11 tests[22m[2m)[22m[33m 2016[2mms[22m[39m
@agilityhub/api-client:test:    [32m✓[39m E5-W03 step 8 · S15 processes (GET /jobs, trigger, switch, runs) answer like the api [2m(4)[22m
@agilityhub/api-client:test:      [33m[2m✓[22m[39m T-15-32 lists the processes whose module is on: 10 in the full club, 9 in the Cànic, 8 in the club mínim[33m 347[2mms[22m[39m
@agilityhub/api-client:test:  [32m✓[39m src/mocks/notification-handlers.test.ts [2m([22m[2m11 tests[22m[2m)[22m[33m 529[2mms[22m[39m
@agilityhub/api-client:test:  [32m✓[39m src/mocks/calendar-handlers.test.ts [2m([22m[2m10 tests[22m[2m)[22m[33m 2053[2mms[22m[39m
@agilityhub/api-client:test:    [32m✓[39m E4-W02 calendar MSW handlers follow the S06 contract (forms B and D) [2m(7)[22m
@agilityhub/api-client:test:      [33m[2m✓[22m[39m serves the D4 week (form B) with the Thursday warning and the Carretera block[33m 319[2mms[22m[39m
@agilityhub/auth:lint: 
@agilityhub/auth:lint: > @agilityhub/auth@0.0.0 lint /Users/jordib/dev/agilityhub/agilityhub-core-web/packages/auth
@agilityhub/auth:lint: > eslint src --max-warnings 0 --config ../../eslint.config.mjs
@agilityhub/auth:lint: 
@agilityhub/api-client:test:  [32m✓[39m src/mocks/day-grid-handlers.test.ts [2m([22m[2m16 tests[22m[2m)[22m[33m 2601[2mms[22m[39m
@agilityhub/api-client:test:    [32m✓[39m E4-W03 day-grid MSW handlers: roles, impersonation and tenant (S06 §6, MATRIU_PERMISOS) [2m(16)[22m
@agilityhub/api-client:test:      [33m[2m✓[22m[39m gives staff the instructor projection of a class and the full block[33m 307[2mms[22m[39m
@agilityhub/ui:test: cache bypass, force executing f1b669e355030419
@agilityhub/ui:lint: cache bypass, force executing b7f9aba67f5b60e8
@agilityhub/api-client:test:  [32m✓[39m src/mocks/training-handlers.test.ts [2m([22m[2m11 tests[22m[2m)[22m[33m 2596[2mms[22m[39m
@agilityhub/api-client:test:    [32m✓[39m E5-W02 step 9 · the S09 mock world answers as the api (S09 §6, CATALEG_ERRORS §1 and rule 0) [2m(9)[22m
@agilityhub/api-client:test:      [33m[2m✓[22m[39m GET /me/training-summary: two eligible dogs, Rock by default at 2/3 with one cancellable session[33m 332[2mms[22m[39m
@agilityhub/api-client:test:      [33m[2m✓[22m[39m summary variants: no right, at the limit with and without cancellable sessions, group and levels off[33m 386[2mms[22m[39m
@agilityhub/i18n:lint: cache bypass, force executing b9a1bdf5493d7ffd
@agilityhub/ui:test: 
@agilityhub/ui:test: > @agilityhub/ui@0.0.0 test /Users/jordib/dev/agilityhub/agilityhub-core-web/packages/ui
@agilityhub/ui:test: > vitest run
@agilityhub/ui:test: 
@agilityhub/i18n:lint: 
@agilityhub/i18n:lint: > @agilityhub/i18n@0.0.0 lint /Users/jordib/dev/agilityhub/agilityhub-core-web/packages/i18n
@agilityhub/i18n:lint: > eslint src --max-warnings 0 --config ../../eslint.config.mjs
@agilityhub/i18n:lint: 
@agilityhub/ui:lint: 
@agilityhub/ui:lint: > @agilityhub/ui@0.0.0 lint /Users/jordib/dev/agilityhub/agilityhub-core-web/packages/ui
@agilityhub/ui:lint: > eslint src --max-warnings 0 --config ../../eslint.config.mjs
@agilityhub/ui:lint: 
@agilityhub/ui:test: 
@agilityhub/ui:test: [1m[30m[46m RUN [49m[39m[22m [36mv5.0.0 [39m[90m/Users/jordib/dev/agilityhub/agilityhub-core-web/packages/ui[39m
@agilityhub/ui:test: 
@agilityhub/api-client:test:  [32m✓[39m src/mocks/mock-worlds.budget.test.ts [2m([22m[2m22 tests[22m[2m)[22m[33m 5170[2mms[22m[39m
@agilityhub/api-client:test:    [32m✓[39m E3-W10 build-time budget of the MSW mock worlds [2m(22)[22m
@agilityhub/api-client:test:      [33m[2m✓[22m[39m imports the mock modules afresh within the start-up budget[33m 2048[2mms[22m[39m
@agilityhub/api-client:test:      [33m[2m✓[22m[39m builds resetSettingsState within its budget[33m 410[2mms[22m[39m
@agilityhub/api-client:test:      [33m[2m✓[22m[39m builds resetSignupMockState within its budget[33m 384[2mms[22m[39m
@agilityhub/course-core:lint: cache bypass, force executing ef70bf6c19ae37ee
@agilityhub/api-client:test:  [32m✓[39m src/mocks/fixtures.contract.test.ts [2m([22m[2m68 tests[22m[2m)[22m[33m 5818[2mms[22m[39m
@agilityhub/api-client:test:    [32m✓[39m E5-W02 step 9 · the training world follows the S09 contract (TrainingSlots, TrainingSummary, TrainingBooking) [2m(5)[22m
@agilityhub/api-client:test:      [33m[2m✓[22m[39m validates the member and staff grids, the summaries and every booking (default)[33m 704[2mms[22m[39m
@agilityhub/api-client:test:      [33m[2m✓[22m[39m validates the member and staff grids, the summaries and every booking (atLimit)[33m 560[2mms[22m[39m
@agilityhub/api-client:test:      [33m[2m✓[22m[39m validates the member and staff grids, the summaries and every booking (atLimitNone)[33m 1616[2mms[22m[39m
@agilityhub/api-client:test:      [33m[2m✓[22m[39m validates the member and staff grids, the summaries and every booking (noRight)[33m 990[2mms[22m[39m
@agilityhub/api-client:test: 
@agilityhub/api-client:test: [2m Test Files [22m [1m[32m23 passed[39m[22m[90m (23)[39m
@agilityhub/api-client:test: [2m      Tests [22m [1m[32m345 passed[39m[22m[90m (345)[39m
@agilityhub/api-client:test: [2m   Start at [22m 20:24:03
@agilityhub/api-client:test: [2m   Duration [22m 8.86s[2m (tests 41%, import 31%, transform 28%)[22m
@agilityhub/api-client:test: 
@agilityhub/api-client:test: [2m  Transform [22m [33mtransforming modules took 20.82s[39m[2m · 28% of tracked time, re-done on every run[22m
@agilityhub/api-client:test: [2m            [22m [2mpersist transforms across runs with [22m[33mfsModuleCache: true[39m
@agilityhub/api-client:test: [2m            [22m [2mlearn more: https://vitest.dev/guide/improving-performance#caching-between-reruns[22m
@agilityhub/api-client:test: 
@agilityhub/api-client:typecheck: cache bypass, force executing dfdfa525dc805dfa
@agilityhub/course-core:lint: 
@agilityhub/course-core:lint: > @agilityhub/course-core@0.0.1 lint /Users/jordib/dev/agilityhub/agilityhub-core-web/packages/course-core
@agilityhub/course-core:lint: > eslint src tests --max-warnings 0 --config ../../eslint.config.mjs
@agilityhub/course-core:lint: 
@agilityhub/api-client:typecheck: 
@agilityhub/api-client:typecheck: > @agilityhub/api-client@0.0.0 typecheck /Users/jordib/dev/agilityhub/agilityhub-core-web/packages/api-client
@agilityhub/api-client:typecheck: > tsc --noEmit
@agilityhub/api-client:typecheck: 
@agilityhub/ui:test:  [32m✓[39m src/on-primary.test.ts [2m([22m[2m3 tests[22m[2m)[22m[32m 46[2mms[22m[39m
@agilityhub/ui:test:  [32m✓[39m src/attendance-contrast.test.ts [2m([22m[2m34 tests[22m[2m)[22m[32m 15[2mms[22m[39m
@agilityhub/ui:test:  [32m✓[39m src/branding.test.tsx [2m([22m[2m5 tests[22m[2m)[22m[32m 29[2mms[22m[39m
@agilityhub/ui:test:  [32m✓[39m src/universal-list.test.tsx [2m([22m[2m5 tests[22m[2m)[22m[32m 6[2mms[22m[39m
@agilityhub/ui:test:  [32m✓[39m src/index.test.ts [2m([22m[2m2 tests[22m[2m)[22m[32m 4[2mms[22m[39m
@agilityhub/ui:test:  [32m✓[39m src/icons/Icon.test.tsx [2m([22m[2m1 test[22m[2m)[22m[32m 148[2mms[22m[39m
@agilityhub/ui:test:  [32m✓[39m src/attendance-sheet.test.tsx [2m([22m[2m4 tests[22m[2m)[22m[32m 252[2mms[22m[39m
@agilityhub/ui:test:  [32m✓[39m src/limited-markdown.test.tsx [2m([22m[2m1 test[22m[2m)[22m[32m 262[2mms[22m[39m
@agilityhub/ui:test: [90mstderr[2m | src/day-grid.test.tsx[2m > [22m[2mDayGrid presenter (screens 10 / 23)[2m > [22m[2mrenders the api's «Sense» column as delivered and never adds one of its own
@agilityhub/ui:test: [22m[39m[DayGrid] cells without a matching column are not drawn: cls-1 (ringId null)
@agilityhub/ui:test: 
@agilityhub/ui:test:  [32m✓[39m src/schedule-grid.test.tsx [2m([22m[2m2 tests[22m[2m)[22m[33m 356[2mms[22m[39m
@agilityhub/ui:test:    [32m✓[39m ScheduleGrid [2m(2)[22m
@agilityhub/ui:test:      [33m[2m✓[22m[39m stacks cells per slot, exposes day buttons and tints cells through --schedule-color[33m 341[2mms[22m[39m
@agilityhub/ui:test:  [32m✓[39m src/day-grid.test.tsx [2m([22m[2m10 tests[22m[2m)[22m[33m 393[2mms[22m[39m
@agilityhub/ui:test:  [32m✓[39m src/slot-grid.test.tsx [2m([22m[2m6 tests[22m[2m)[22m[33m 459[2mms[22m[39m
@agilityhub/ui:test:  [32m✓[39m src/components.test.tsx [2m([22m[2m28 tests[22m[2m)[22m[33m 552[2mms[22m[39m
@agilityhub/ui:test:  [32m✓[39m src/attendance.test.tsx [2m([22m[2m16 tests[22m[2m)[22m[33m 399[2mms[22m[39m
@agilityhub/ui:test:  [32m✓[39m src/rich-text.test.tsx [2m([22m[2m13 tests[22m[2m)[22m[33m 489[2mms[22m[39m
@agilityhub/ui:test:  [32m✓[39m src/tasks-panel.test.tsx [2m([22m[2m12 tests[22m[2m)[22m[33m 779[2mms[22m[39m
@agilityhub/ui:test: 
@agilityhub/ui:test: [2m Test Files [22m [1m[32m15 passed[39m[22m[90m (15)[39m
@agilityhub/ui:test: [2m      Tests [22m [1m[32m142 passed[39m[22m[90m (142)[39m
@agilityhub/ui:test: [2m   Start at [22m 20:24:10
@agilityhub/ui:test: [2m   Duration [22m 4.51s[2m (environment 66%, setup 13%, transform 10%, tests 8%, import 1%, worker 1%)[22m
@agilityhub/ui:test: 
@agilityhub/shared-types:build: cache bypass, force executing d3d69457da5c20b5
@agilityhub/shared-types:build: 
@agilityhub/shared-types:build: > @agilityhub/shared-types@0.0.1 build /Users/jordib/dev/agilityhub/agilityhub-core-web/packages/shared-types
@agilityhub/shared-types:build: > tsc -p tsconfig.build.json
@agilityhub/shared-types:build: 
@agilityhub/shared-types:test: cache bypass, force executing 30c0e8b7888e66b3
@agilityhub/shared-types:test: 
@agilityhub/shared-types:test: > @agilityhub/shared-types@0.0.1 test /Users/jordib/dev/agilityhub/agilityhub-core-web/packages/shared-types
@agilityhub/shared-types:test: > vitest run
@agilityhub/shared-types:test: 
@agilityhub/shared-types:typecheck: cache bypass, force executing c4a7a4d38f585971
@agilityhub/i18n:test: cache bypass, force executing 768f0e65d4c499e5
@agilityhub/shared-types:typecheck: 
@agilityhub/shared-types:typecheck: > @agilityhub/shared-types@0.0.1 typecheck /Users/jordib/dev/agilityhub/agilityhub-core-web/packages/shared-types
@agilityhub/shared-types:typecheck: > tsc --noEmit
@agilityhub/shared-types:typecheck: 
@agilityhub/shared-types:test: 
@agilityhub/shared-types:test: [1m[30m[46m RUN [49m[39m[22m [36mv5.0.0 [39m[90m/Users/jordib/dev/agilityhub/agilityhub-core-web/packages/shared-types[39m
@agilityhub/shared-types:test: 
@agilityhub/i18n:test: 
@agilityhub/i18n:test: > @agilityhub/i18n@0.0.0 test /Users/jordib/dev/agilityhub/agilityhub-core-web/packages/i18n
@agilityhub/i18n:test: > vitest run
@agilityhub/i18n:test: 
@agilityhub/i18n:test: 
@agilityhub/i18n:test: [1m[30m[46m RUN [49m[39m[22m [36mv5.0.0 [39m[90m/Users/jordib/dev/agilityhub/agilityhub-core-web/packages/i18n[39m
@agilityhub/i18n:test: 
@agilityhub/i18n:test:  [32m✓[39m src/masking.test.ts [2m([22m[2m9 tests[22m[2m)[22m[32m 3[2mms[22m[39m
@agilityhub/i18n:test:  [32m✓[39m src/locale.test.ts [2m([22m[2m3 tests[22m[2m)[22m[32m 3[2mms[22m[39m
@agilityhub/shared-types:test:  [32m✓[39m tests/build-session-export.test.ts [2m([22m[2m21 tests[22m[2m)[22m[32m 34[2mms[22m[39m
@agilityhub/shared-types:test: 
@agilityhub/shared-types:test: [2m Test Files [22m [1m[32m1 passed[39m[22m[90m (1)[39m
@agilityhub/shared-types:test: [2m      Tests [22m [1m[32m21 passed[39m[22m[90m (21)[39m
@agilityhub/shared-types:test: [2m   Start at [22m 20:24:17
@agilityhub/shared-types:test: [2m   Duration [22m 1.08s[2m (transform 85%, import 11%, tests 4%)[22m
@agilityhub/shared-types:test: 
@agilityhub/i18n:typecheck: cache bypass, force executing 9a165ac4c9e037d4
@agilityhub/i18n:test:  [32m✓[39m src/activities.test.ts [2m([22m[2m5 tests[22m[2m)[22m[32m 49[2mms[22m[39m
@agilityhub/i18n:test:  [32m✓[39m src/index.test.ts [2m([22m[2m4 tests[22m[2m)[22m[32m 43[2mms[22m[39m
id:build: cache bypass, force executing 08dc95963c193379
@agilityhub/i18n:test:  [32m✓[39m src/format.test.ts [2m([22m[2m97 tests[22m[2m)[22m[32m 76[2mms[22m[39m
@agilityhub/i18n:test: 
@agilityhub/i18n:test: [2m Test Files [22m [1m[32m5 passed[39m[22m[90m (5)[39m
@agilityhub/i18n:test: [2m      Tests [22m [1m[32m118 passed[39m[22m[90m (118)[39m
@agilityhub/i18n:test: [2m   Start at [22m 20:24:18
@agilityhub/i18n:test: [2m   Duration [22m 856ms[2m (transform 79%, import 11%, tests 9%, worker 1%)[22m
@agilityhub/i18n:test: 
clubs:build: cache bypass, force executing 0d1482172797922b
@agilityhub/i18n:typecheck: 
@agilityhub/i18n:typecheck: > @agilityhub/i18n@0.0.0 typecheck /Users/jordib/dev/agilityhub/agilityhub-core-web/packages/i18n
@agilityhub/i18n:typecheck: > tsc --noEmit
@agilityhub/i18n:typecheck: 
id:build: 
id:build: > id@0.0.0 build /Users/jordib/dev/agilityhub/agilityhub-core-web/apps/id
id:build: > tsc --noEmit && vite build
id:build: 
clubs:build: 
clubs:build: > clubs@0.0.0 build /Users/jordib/dev/agilityhub/agilityhub-core-web/apps/clubs
clubs:build: > tsc --noEmit && vite build
clubs:build: 
clubs-admin:build: cache bypass, force executing 1d39fc346e95f827
clubs-admin:build: 
clubs-admin:build: > clubs-admin@0.0.0 build /Users/jordib/dev/agilityhub/agilityhub-core-web/apps/clubs-admin
clubs-admin:build: > tsc --noEmit && vite build
clubs-admin:build: 
@agilityhub/auth:test: cache bypass, force executing d6a4d3ae1ef2523b
@agilityhub/auth:typecheck: cache bypass, force executing 34e2ec8defcaf76f
@agilityhub/auth:test: 
@agilityhub/auth:test: > @agilityhub/auth@0.0.0 test /Users/jordib/dev/agilityhub/agilityhub-core-web/packages/auth
@agilityhub/auth:test: > vitest run
@agilityhub/auth:test: 
@agilityhub/auth:typecheck: 
@agilityhub/auth:typecheck: > @agilityhub/auth@0.0.0 typecheck /Users/jordib/dev/agilityhub/agilityhub-core-web/packages/auth
@agilityhub/auth:typecheck: > tsc --noEmit
@agilityhub/auth:typecheck: 
@agilityhub/auth:test: 
@agilityhub/auth:test: [1m[30m[46m RUN [49m[39m[22m [36mv5.0.0 [39m[90m/Users/jordib/dev/agilityhub/agilityhub-core-web/packages/auth[39m
@agilityhub/auth:test: 
@agilityhub/auth:test:  [32m✓[39m src/session.test.tsx [2m([22m[2m5 tests[22m[2m)[22m[33m 351[2mms[22m[39m
@agilityhub/auth:test:  [32m✓[39m src/auth-client.test.ts [2m([22m[2m27 tests[22m[2m)[22m[33m 1105[2mms[22m[39m
@agilityhub/auth:test:    [32m✓[39m T-01-11 E4-W16 round 2 #1 (S01 R-01-09, E47): a transient /me failure after a handoff never falls back to the cookie [2m(3)[22m
@agilityhub/auth:test:      [33m[2m✓[22m[39m /me keeps failing: the exchange rejects but the tab keeps that session, restores never read the cookie (also after a reload), and retryHandoff enters it[33m 325[2mms[22m[39m
@agilityhub/auth:test: 
@agilityhub/auth:test: [2m Test Files [22m [1m[32m2 passed[39m[22m[90m (2)[39m
@agilityhub/auth:test: [2m      Tests [22m [1m[32m32 passed[39m[22m[90m (32)[39m
@agilityhub/auth:test: [2m   Start at [22m 20:24:24
@agilityhub/auth:test: [2m   Duration [22m 3.22s[2m (environment 41%, tests 26%, transform 19%, import 15%)[22m
@agilityhub/auth:test: 
id:build: vite v8.2.2 building client environment for production...
id:build: transforming...
id:build: ✓ 225 modules transformed.
id:build: rendering chunks...
id:build: computing gzip size...
id:build: dist/index.html                                           0.39 kB │ gzip:   0.26 kB
id:build: dist/assets/sprite-BOr1Ydze.svg                           5.78 kB │ gzip:   1.52 kB
id:build: dist/assets/montserrat-latin-600-normal-UVxSCcoG.woff2   18.68 kB
id:build: dist/assets/montserrat-latin-500-normal-DRFEGfly.woff2   18.74 kB
id:build: dist/assets/montserrat-latin-400-normal-BLhwKU8k.woff2   18.78 kB
id:build: dist/assets/montserrat-latin-700-normal-BdjcYUrC.woff2   18.82 kB
id:build: dist/assets/montserrat-latin-600-normal-CdhFl4lI.woff    20.54 kB
id:build: dist/assets/montserrat-latin-500-normal-Dok2oTci.woff    20.60 kB
id:build: dist/assets/montserrat-latin-400-normal-xItZbAXg.woff    20.64 kB
id:build: dist/assets/montserrat-latin-700-normal-BWkrl476.woff    20.67 kB
id:build: dist/assets/index-fBphggHd.css                           51.80 kB │ gzip:   9.44 kB
id:build: dist/assets/notifications-ChKXsAvB.js                     0.75 kB │ gzip:   0.47 kB
id:build: dist/assets/notifications-dxKZmlHL.js                     0.75 kB │ gzip:   0.43 kB
id:build: dist/assets/notifications-BP8GtpgC.js                     0.75 kB │ gzip:   0.47 kB
id:build: dist/assets/history-B1Xz7N4l.js                           1.27 kB │ gzip:   0.65 kB
id:build: dist/assets/admin-training-CUhpZeIX.js                    1.29 kB │ gzip:   0.60 kB
id:build: dist/assets/history-D5FndTjo.js                           1.32 kB │ gzip:   0.68 kB
id:build: dist/assets/admin-training-DW_92FHy.js                    1.35 kB │ gzip:   0.66 kB
id:build: dist/assets/history-Bs5JKpAd.js                           1.35 kB │ gzip:   0.69 kB
id:build: dist/assets/admin-training-BANDClBZ.js                    1.37 kB │ gzip:   0.67 kB
id:build: dist/assets/shell-C8-jwyq4.js                             1.41 kB │ gzip:   0.74 kB
id:build: dist/assets/shell-BbrVQiYO.js                             1.47 kB │ gzip:   0.83 kB
id:build: dist/assets/shell-CxXcYDDQ.js                             1.50 kB │ gzip:   0.83 kB
id:build: dist/assets/training-CYuCURIa.js                          1.57 kB │ gzip:   0.80 kB
id:build: dist/assets/home-CLVBc5a3.js                              1.59 kB │ gzip:   0.79 kB
id:build: dist/assets/training-DhvOYmdN.js                          1.62 kB │ gzip:   0.85 kB
id:build: dist/assets/training-B5riWOVN.js                          1.63 kB │ gzip:   0.86 kB
id:build: dist/assets/home-DIaHUeYG.js                              1.65 kB │ gzip:   0.84 kB
id:build: dist/assets/home-vQT0WHAi.js                              1.67 kB │ gzip:   0.84 kB
id:build: dist/assets/activities-_j5UPNJ2.js                        1.79 kB │ gzip:   0.83 kB
id:build: dist/assets/activities-D_fvQi10.js                        1.86 kB │ gzip:   0.91 kB
id:build: dist/assets/activities-BKuUowmB.js                        1.88 kB │ gzip:   0.91 kB
id:build: dist/assets/admin-dashboard-VZhOZ68T.js                   2.07 kB │ gzip:   1.02 kB
id:build: dist/assets/admin-dashboard-MI69Hia9.js                   2.13 kB │ gzip:   1.10 kB
id:build: dist/assets/admin-dashboard-DNVY2TkD.js                   2.18 kB │ gzip:   1.11 kB
id:build: dist/assets/common-S3JQhPGl.js                            2.21 kB │ gzip:   1.04 kB
id:build: dist/assets/common-BXgBvQX8.js                            2.28 kB │ gzip:   1.11 kB
id:build: dist/assets/common-BwQsw9qO.js                            2.33 kB │ gzip:   1.14 kB
id:build: dist/assets/id-cJQwgM2i.js                                2.89 kB │ gzip:   1.28 kB
id:build: dist/assets/admin-audit-B0Z1oVf2.js                       2.95 kB │ gzip:   1.39 kB
id:build: dist/assets/id-Dio3OKNo.js                                3.04 kB │ gzip:   1.41 kB
id:build: dist/assets/id-Rnv2hXs4.js                                3.10 kB │ gzip:   1.42 kB
id:build: dist/assets/admin-audit-BS32JsSa.js                       3.20 kB │ gzip:   1.54 kB
id:build: dist/assets/admin-audit-CkyykZV1.js                       3.28 kB │ gzip:   1.56 kB
id:build: dist/assets/admin-messaging-ByT_iFIg.js                   4.51 kB │ gzip:   1.85 kB
id:build: dist/assets/admin-messaging-DZ4OvAGp.js                   4.68 kB │ gzip:   1.99 kB
id:build: dist/assets/admin-messaging-pKH5orvI.js                   4.77 kB │ gzip:   2.01 kB
id:build: dist/assets/booking-Bzzfkcsu.js                           4.79 kB │ gzip:   1.82 kB
id:build: dist/assets/auth-C10lCXDJ.js                              5.05 kB │ gzip:   2.14 kB
id:build: dist/assets/booking-DFimaro9.js                           5.11 kB │ gzip:   2.00 kB
id:build: dist/assets/booking-CG4lcbly.js                           5.14 kB │ gzip:   2.01 kB
id:build: dist/assets/enums-BjMmuLTh.js                             5.29 kB │ gzip:   2.23 kB
id:build: dist/assets/admin-catalogs-p29fM8xq.js                    5.41 kB │ gzip:   2.01 kB
id:build: dist/assets/enums-BFXVROXo.js                             5.45 kB │ gzip:   2.32 kB
id:build: dist/assets/enums-CbqxAICZ.js                             5.48 kB │ gzip:   2.32 kB
id:build: dist/assets/auth-Uy3Y-og8.js                              5.63 kB │ gzip:   2.37 kB
id:build: dist/assets/signup-BkgU37Eh.js                            5.63 kB │ gzip:   2.54 kB
id:build: dist/assets/admin-catalogs-dZtpqy8S.js                    5.67 kB │ gzip:   2.23 kB
id:build: dist/assets/auth-DU3LoyRH.js                              5.70 kB │ gzip:   2.38 kB
id:build: dist/assets/admin-catalogs-D4wG5vIy.js                    5.87 kB │ gzip:   2.26 kB
id:build: dist/assets/signup-Bi4UbtBk.js                            5.88 kB │ gzip:   2.80 kB
id:build: dist/assets/signup-DQ9RZKro.js                            5.97 kB │ gzip:   2.82 kB
id:build: dist/assets/admin-activities-Cmq1QEmn.js                  6.01 kB │ gzip:   2.42 kB
id:build: dist/assets/admin-activities-p-Yew4Zm.js                  6.17 kB │ gzip:   2.62 kB
id:build: dist/assets/census-BOHKi2ap.js                            6.29 kB │ gzip:   2.46 kB
id:build: dist/assets/admin-activities-7OuSwNid.js                  6.38 kB │ gzip:   2.68 kB
id:build: dist/assets/census-DzCi7EDA.js                            6.62 kB │ gzip:   2.71 kB
id:build: dist/assets/census-JNndoYUQ.js                            6.81 kB │ gzip:   2.75 kB
id:build: dist/assets/admin-scheduling-nhXWwjRG.js                  8.23 kB │ gzip:   3.04 kB
id:build: dist/assets/admin-scheduling-DeLeUPtJ.js                  8.64 kB │ gzip:   3.30 kB
id:build: dist/assets/admin-scheduling-BhSriSnV.js                  8.64 kB │ gzip:   3.31 kB
id:build: dist/assets/instructor-DqSBJcJV.js                        8.91 kB │ gzip:   3.23 kB
id:build: dist/assets/instructor-D4KDOZ1r.js                        9.30 kB │ gzip:   3.45 kB
id:build: dist/assets/instructor-Df14fZxE.js                        9.39 kB │ gzip:   3.46 kB
id:build: dist/assets/admin-census-CBNvQfYm.js                     11.93 kB │ gzip:   4.67 kB
id:build: dist/assets/admin-census-BiNl99UO.js                     12.70 kB │ gzip:   5.02 kB
id:build: dist/assets/admin-census-DfiVYSD3.js                     13.08 kB │ gzip:   5.12 kB
id:build: dist/assets/admin-settings-B1ONV6DO.js                   21.68 kB │ gzip:   7.68 kB
id:build: dist/assets/errors-DLyAknxo.js                           21.99 kB │ gzip:   7.18 kB
id:build: dist/assets/admin-settings-Ch6Tk865.js                   23.18 kB │ gzip:   8.29 kB
id:build: dist/assets/errors-Bvp7svDM.js                           23.31 kB │ gzip:   7.57 kB
id:build: dist/assets/errors-QdWmQXin.js                           23.32 kB │ gzip:   7.54 kB
id:build: dist/assets/admin-settings-s46_PTCU.js                   23.62 kB │ gzip:   8.30 kB
id:build: dist/assets/index-DZG0jw3s.js                           331.02 kB │ gzip: 101.72 kB
id:build: 
id:build: ✓ built in 405ms
clubs-admin:typecheck: cache bypass, force executing 04c49b672d23e0ce
id:typecheck: cache bypass, force executing dea9f5d7eb863944
id:test: cache bypass, force executing 4522917a2a92be0b
clubs-admin:test: cache bypass, force executing cb0a8b60df2b0dbf
clubs:typecheck: cache bypass, force executing 56b3b5a3235eaab8
clubs:test: cache bypass, force executing 5873be77bda4dc3a
clubs-admin:typecheck: 
clubs-admin:typecheck: > clubs-admin@0.0.0 typecheck /Users/jordib/dev/agilityhub/agilityhub-core-web/apps/clubs-admin
clubs-admin:typecheck: > tsc --noEmit
clubs-admin:typecheck: 
clubs:typecheck: 
clubs:typecheck: > clubs@0.0.0 typecheck /Users/jordib/dev/agilityhub/agilityhub-core-web/apps/clubs
clubs:typecheck: > tsc --noEmit
clubs:typecheck: 
id:typecheck: 
id:typecheck: > id@0.0.0 typecheck /Users/jordib/dev/agilityhub/agilityhub-core-web/apps/id
id:typecheck: > tsc --noEmit
id:typecheck: 
clubs-admin:test: 
clubs-admin:test: > clubs-admin@0.0.0 test /Users/jordib/dev/agilityhub/agilityhub-core-web/apps/clubs-admin
clubs-admin:test: > vitest run
clubs-admin:test: 
id:test: 
id:test: > id@0.0.0 test /Users/jordib/dev/agilityhub/agilityhub-core-web/apps/id
id:test: > vitest run
id:test: 
clubs:test: 
clubs:test: > clubs@0.0.0 test /Users/jordib/dev/agilityhub/agilityhub-core-web/apps/clubs
clubs:test: > vitest run
clubs:test: 
clubs:test: 
clubs:test: [1m[30m[46m RUN [49m[39m[22m [36mv5.0.0 [39m[90m/Users/jordib/dev/agilityhub/agilityhub-core-web/apps/clubs[39m
clubs:test: 
id:test: 
id:test: [1m[30m[46m RUN [49m[39m[22m [36mv5.0.0 [39m[90m/Users/jordib/dev/agilityhub/agilityhub-core-web/apps/id[39m
id:test: 
clubs-admin:test: 
clubs-admin:test: [1m[30m[46m RUN [49m[39m[22m [36mv5.0.0 [39m[90m/Users/jordib/dev/agilityhub/agilityhub-core-web/apps/clubs-admin[39m
clubs-admin:test: 
id:test:  [32m✓[39m src/App.test.tsx [2m([22m[2m9 tests[22m[2m)[22m[33m 1288[2mms[22m[39m
id:test:    [32m✓[39m T-01-22 apps/id [2m(9)[22m
id:test:      [33m[2m✓[22m[39m resumes a server-side OIDC flow after password login[33m 553[2mms[22m[39m
id:test: 
id:test: [2m Test Files [22m [1m[32m1 passed[39m[22m[90m (1)[39m
id:test: [2m      Tests [22m [1m[32m9 passed[39m[22m[90m (9)[39m
id:test: [2m   Start at [22m 20:24:30
id:test: [2m   Duration [22m 9.59s[2m (environment 42%, transform 35%, tests 14%, setup 6%, import 3%)[22m
id:test: 
id:test: [2m  Transform [22m [33mtransforming modules took 3.25s[39m[2m · 35% of tracked time, re-done on every run[22m
id:test: [2m            [22m [2mpersist transforms across runs with [22m[33mfsModuleCache: true[39m
id:test: [2m            [22m [2mlearn more: https://vitest.dev/guide/improving-performance#caching-between-reruns[22m
id:test: 
clubs:build: vite v8.2.2 building client environment for production...
clubs:build: transforming...
clubs:build: ✓ 276 modules transformed.
clubs:build: rendering chunks...
clubs:build: computing gzip size...
clubs:build: dist/index.html                                           2.71 kB │ gzip:   0.94 kB
clubs:build: dist/assets/sprite-BOr1Ydze.svg                           5.78 kB │ gzip:   1.52 kB
clubs:build: dist/assets/montserrat-latin-600-normal-UVxSCcoG.woff2   18.68 kB
clubs:build: dist/assets/montserrat-latin-500-normal-DRFEGfly.woff2   18.74 kB
clubs:build: dist/assets/montserrat-latin-400-normal-BLhwKU8k.woff2   18.78 kB
clubs:build: dist/assets/montserrat-latin-700-normal-BdjcYUrC.woff2   18.82 kB
clubs:build: dist/assets/montserrat-latin-600-normal-CdhFl4lI.woff    20.54 kB
clubs:build: dist/assets/montserrat-latin-500-normal-Dok2oTci.woff    20.60 kB
clubs:build: dist/assets/montserrat-latin-400-normal-xItZbAXg.woff    20.64 kB
clubs:build: dist/assets/montserrat-latin-700-normal-BWkrl476.woff    20.67 kB
clubs:build: dist/assets/index-DVzeIfFr.css                          114.87 kB │ gzip:  18.13 kB
clubs:build: dist/assets/notifications-ChKXsAvB.js                     0.75 kB │ gzip:   0.47 kB
clubs:build: dist/assets/notifications-dxKZmlHL.js                     0.75 kB │ gzip:   0.43 kB
clubs:build: dist/assets/notifications-BP8GtpgC.js                     0.75 kB │ gzip:   0.47 kB
clubs:build: dist/assets/virtual_pwa-register-DYDrmGgv.js              1.12 kB │ gzip:   0.60 kB
clubs:build: dist/assets/history-B1Xz7N4l.js                           1.27 kB │ gzip:   0.65 kB
clubs:build: dist/assets/admin-training-CUhpZeIX.js                    1.29 kB │ gzip:   0.60 kB
clubs:build: dist/assets/history-D5FndTjo.js                           1.32 kB │ gzip:   0.68 kB
clubs:build: dist/assets/admin-training-DW_92FHy.js                    1.35 kB │ gzip:   0.66 kB
clubs:build: dist/assets/history-Bs5JKpAd.js                           1.35 kB │ gzip:   0.69 kB
clubs:build: dist/assets/admin-training-BANDClBZ.js                    1.37 kB │ gzip:   0.67 kB
clubs:build: dist/assets/training-CYuCURIa.js                          1.57 kB │ gzip:   0.80 kB
clubs:build: dist/assets/home-CLVBc5a3.js                              1.59 kB │ gzip:   0.79 kB
clubs:build: dist/assets/training-DhvOYmdN.js                          1.62 kB │ gzip:   0.85 kB
clubs:build: dist/assets/training-B5riWOVN.js                          1.63 kB │ gzip:   0.86 kB
clubs:build: dist/assets/home-DIaHUeYG.js                              1.65 kB │ gzip:   0.84 kB
clubs:build: dist/assets/home-vQT0WHAi.js                              1.67 kB │ gzip:   0.84 kB
clubs:build: dist/assets/activities-_j5UPNJ2.js                        1.79 kB │ gzip:   0.83 kB
clubs:build: dist/assets/activities-D_fvQi10.js                        1.86 kB │ gzip:   0.91 kB
clubs:build: dist/assets/activities-BKuUowmB.js                        1.88 kB │ gzip:   0.91 kB
clubs:build: dist/assets/admin-dashboard-VZhOZ68T.js                   2.07 kB │ gzip:   1.02 kB
clubs:build: dist/assets/admin-dashboard-MI69Hia9.js                   2.13 kB │ gzip:   1.10 kB
clubs:build: dist/assets/admin-dashboard-DNVY2TkD.js                   2.18 kB │ gzip:   1.11 kB
clubs:build: dist/assets/id-cJQwgM2i.js                                2.89 kB │ gzip:   1.28 kB
clubs:build: dist/assets/admin-audit-B0Z1oVf2.js                       2.95 kB │ gzip:   1.39 kB
clubs:build: dist/assets/id-Dio3OKNo.js                                3.04 kB │ gzip:   1.41 kB
clubs:build: dist/assets/id-Rnv2hXs4.js                                3.10 kB │ gzip:   1.42 kB
clubs:build: dist/assets/admin-audit-BS32JsSa.js                       3.20 kB │ gzip:   1.54 kB
clubs:build: dist/assets/admin-audit-CkyykZV1.js                       3.28 kB │ gzip:   1.56 kB
clubs:build: dist/assets/admin-messaging-ByT_iFIg.js                   4.51 kB │ gzip:   1.85 kB
clubs:build: dist/assets/admin-messaging-DZ4OvAGp.js                   4.68 kB │ gzip:   1.99 kB
clubs:build: dist/assets/admin-messaging-pKH5orvI.js                   4.77 kB │ gzip:   2.01 kB
clubs:build: dist/assets/booking-Bzzfkcsu.js                           4.79 kB │ gzip:   1.82 kB
clubs:build: dist/assets/auth-C10lCXDJ.js                              5.05 kB │ gzip:   2.14 kB
clubs:build: dist/assets/booking-DFimaro9.js                           5.11 kB │ gzip:   2.00 kB
clubs:build: dist/assets/booking-CG4lcbly.js                           5.14 kB │ gzip:   2.01 kB
clubs:build: dist/assets/enums-BjMmuLTh.js                             5.29 kB │ gzip:   2.23 kB
clubs:build: dist/assets/admin-catalogs-p29fM8xq.js                    5.41 kB │ gzip:   2.01 kB
clubs:build: dist/assets/enums-BFXVROXo.js                             5.45 kB │ gzip:   2.32 kB
clubs:build: dist/assets/enums-CbqxAICZ.js                             5.48 kB │ gzip:   2.32 kB
clubs:build: dist/assets/auth-Uy3Y-og8.js                              5.63 kB │ gzip:   2.37 kB
clubs:build: dist/assets/signup-BkgU37Eh.js                            5.63 kB │ gzip:   2.54 kB
clubs:build: dist/assets/workbox-window.prod.es5-Bd17z0YL.js           5.65 kB │ gzip:   2.20 kB
clubs:build: dist/assets/admin-catalogs-dZtpqy8S.js                    5.67 kB │ gzip:   2.23 kB
clubs:build: dist/assets/auth-DU3LoyRH.js                              5.70 kB │ gzip:   2.38 kB
clubs:build: dist/assets/admin-catalogs-D4wG5vIy.js                    5.87 kB │ gzip:   2.26 kB
clubs:build: dist/assets/signup-Bi4UbtBk.js                            5.88 kB │ gzip:   2.80 kB
clubs:build: dist/assets/signup-DQ9RZKro.js                            5.97 kB │ gzip:   2.82 kB
clubs:build: dist/assets/admin-activities-Cmq1QEmn.js                  6.01 kB │ gzip:   2.42 kB
clubs:build: dist/assets/admin-activities-p-Yew4Zm.js                  6.17 kB │ gzip:   2.62 kB
clubs:build: dist/assets/census-BOHKi2ap.js                            6.29 kB │ gzip:   2.46 kB
clubs:build: dist/assets/admin-activities-7OuSwNid.js                  6.38 kB │ gzip:   2.68 kB
clubs:build: dist/assets/census-DzCi7EDA.js                            6.62 kB │ gzip:   2.71 kB
clubs:build: dist/assets/census-JNndoYUQ.js                            6.81 kB │ gzip:   2.75 kB
clubs:build: dist/assets/admin-scheduling-nhXWwjRG.js                  8.23 kB │ gzip:   3.04 kB
clubs:build: dist/assets/admin-scheduling-DeLeUPtJ.js                  8.64 kB │ gzip:   3.30 kB
clubs:build: dist/assets/admin-scheduling-BhSriSnV.js                  8.64 kB │ gzip:   3.31 kB
clubs:build: dist/assets/instructor-DqSBJcJV.js                        8.91 kB │ gzip:   3.23 kB
clubs:build: dist/assets/instructor-D4KDOZ1r.js                        9.30 kB │ gzip:   3.45 kB
clubs:build: dist/assets/instructor-Df14fZxE.js                        9.39 kB │ gzip:   3.46 kB
clubs:build: dist/assets/admin-census-CBNvQfYm.js                     11.93 kB │ gzip:   4.67 kB
clubs:build: dist/assets/admin-census-BiNl99UO.js                     12.70 kB │ gzip:   5.02 kB
clubs:build: dist/assets/admin-census-DfiVYSD3.js                     13.08 kB │ gzip:   5.12 kB
clubs:build: dist/assets/admin-settings-B1ONV6DO.js                   21.68 kB │ gzip:   7.68 kB
clubs:build: dist/assets/errors-DLyAknxo.js                           21.99 kB │ gzip:   7.18 kB
clubs:build: dist/assets/admin-settings-Ch6Tk865.js                   23.18 kB │ gzip:   8.29 kB
clubs:build: dist/assets/errors-Bvp7svDM.js                           23.31 kB │ gzip:   7.57 kB
clubs:build: dist/assets/errors-QdWmQXin.js                           23.32 kB │ gzip:   7.54 kB
clubs:build: dist/assets/admin-settings-s46_PTCU.js                   23.62 kB │ gzip:   8.30 kB
clubs:build: dist/assets/index-fp9bNPIf.js                           634.29 kB │ gzip: 181.63 kB
clubs:build: 
clubs:build: [33m[INEFFECTIVE_DYNAMIC_IMPORT] [0m../../packages/i18n/src/locales/ca/common.json is dynamically imported by ../../packages/i18n/src/resources.ts but also statically imported by ../../packages/i18n/src/catalog.ts, dynamic import will not move module into another chunk.
clubs:build: 
clubs:build: [plugin builtin:vite-reporter] 
clubs:build: (!) Some chunks are larger than 500 kB after minification. Consider:
clubs:build: - Using dynamic import() to code-split the application
clubs:build: - Use build.rolldownOptions.output.codeSplitting to improve chunking: https://rolldown.rs/reference/OutputOptions.codeSplitting
clubs:build: - Adjust chunk size limit for this warning via build.chunkSizeWarningLimit.
clubs:build: [33m[INEFFECTIVE_DYNAMIC_IMPORT] [0m../../packages/i18n/src/locales/ca/shell.json is dynamically imported by ../../packages/i18n/src/resources.ts but also statically imported by ../../packages/i18n/src/catalog.ts, dynamic import will not move module into another chunk.
clubs:build: 
clubs:build: [33m[INEFFECTIVE_DYNAMIC_IMPORT] [0m../../packages/i18n/src/locales/en/common.json is dynamically imported by ../../packages/i18n/src/resources.ts but also statically imported by ../../packages/i18n/src/catalog.ts, dynamic import will not move module into another chunk.
clubs:build: 
clubs:build: [33m[INEFFECTIVE_DYNAMIC_IMPORT] [0m../../packages/i18n/src/locales/en/shell.json is dynamically imported by ../../packages/i18n/src/resources.ts but also statically imported by ../../packages/i18n/src/catalog.ts, dynamic import will not move module into another chunk.
clubs:build: 
clubs:build: [33m[INEFFECTIVE_DYNAMIC_IMPORT] [0m../../packages/i18n/src/locales/es/common.json is dynamically imported by ../../packages/i18n/src/resources.ts but also statically imported by ../../packages/i18n/src/catalog.ts, dynamic import will not move module into another chunk.
clubs:build: 
clubs:build: [33m[INEFFECTIVE_DYNAMIC_IMPORT] [0m../../packages/i18n/src/locales/es/shell.json is dynamically imported by ../../packages/i18n/src/resources.ts but also statically imported by ../../packages/i18n/src/catalog.ts, dynamic import will not move module into another chunk.
clubs:build: 
clubs:build: ✓ built in 688ms
clubs:build: 
clubs:build: PWA v1.3.0
clubs:build: Building src/sw.ts service worker ("es" format)...
clubs:build: vite v8.2.2 building client environment for production...
clubs:build: 
clubs:build:  WARN  inlineDynamicImports option is deprecated, please use codeSplitting: false instead.
clubs:build: 
clubs:build: transforming...
clubs:build: ✓ 60 modules transformed.
clubs:build: rendering chunks...
clubs:build: computing gzip size...
clubs:build: dist/sw.mjs  17.90 kB │ gzip: 6.01 kB
clubs:build: 
clubs:build: ✓ built in 338ms
clubs:build: 
clubs:build: PWA v1.3.0
clubs:build: mode      injectManifest
clubs:build: format:   es
clubs:build: precache  71 entries (1144.00 KiB)
clubs:build: files generated
clubs:build:   dist/sw.js
clubs:test:  [32m✓[39m src/history/history.test.tsx [2m([22m[2m12 tests[22m[2m)[22m[33m 5453[2mms[22m[39m
clubs:test:    [32m✓[39m T-10-31 screen 25 «Històric» (S10 §2, R-10-14) [2m(11)[22m
clubs:test:      [33m[2m✓[22m[39m mockup 25: the three dogs with «Tots» pressed by default, the four type chips, the window caption and the seven rows with their exact badges and lines[33m 2004[2mms[22m[39m
clubs:test:      [33m[2m✓[22m[39m every other line of R-10-14's table: a cancelled future class on top, «ha avisat» late and in time, the club on the member's behalf, the system, a cancelled training, and a club cancellation without a message[33m 601[2mms[22m[39m
clubs:test:      [33m[2m✓[22m[39m the detail's instant is read in the club's time zone, never the device's (a late cancellation near midnight)[33m 370[2mms[22m[39m
clubs:test:      [33m[2m✓[22m[39m round 2 #5 (R-10-14, §9): a ?tipus= the club does not offer clears itself — historyNoModules with ?tipus=TRAINING drops it from the address and reads «Tot» again[33m 330[2mms[22m[39m
clubs:test:      [33m[2m✓[22m[39m the chips drive `dogId` and `type` (↔ ?dogId= and ?tipus=); arriving with ?dogId= preselects that dog[33m 370[2mms[22m[39m
clubs:test:      [33m[2m✓[22m[39m the empty history, and a failed read with its retry[33m 312[2mms[22m[39m
clubs:test:      [33m[2m✓[22m[39m an impersonated session reads 25 with the banner; an instructor-only session does not get the page[33m 547[2mms[22m[39m
clubs:test:      [33m[2m✓[22m[39m T-10-32 (25): es and en read the rows with no missing key (the titles are the api's)[33m 551[2mms[22m[39m
clubs-admin:test: Not implemented: navigation to another Document
clubs:test:  [32m✓[39m src/activities/activities.test.tsx [2m([22m[2m29 tests[22m[2m)[22m[33m 7402[2mms[22m[39m
clubs:test:    [32m✓[39m T-07-30 app: block «Activitats» of 04, detail, rows of 03 and 25 [2m(19)[22m
clubs:test:      [33m[2m✓[22m[39m draws the 04 block with the exact badges; the full row with waitlist stays tappable[33m 431[2mms[22m[39m
clubs:test:      [33m[2m✓[22m[39m FULL_WAITLIST: the waitlist dialog → toast «Ets a la llista d'espera» → [SURT DE LA LLISTA D'ESPERA][33m 928[2mms[22m[39m
clubs:test:      [33m[2m✓[22m[39m registered: [ANUL·LA LA INSCRIPCIÓ] with confirmation; after the start, the contact text[33m 1050[2mms[22m[39m
clubs:test:      [33m[2m✓[22m[39m an activity that is not visible shows «No disponible»[33m 339[2mms[22m[39m
clubs:test:      [33m[2m✓[22m[39m 03: a start-only activity (api endsAtLocal null) reads «9:00» and stays until midnight[33m 322[2mms[22m[39m
clubs:test:    [32m✓[39m T-07-30 E4-W08 app detail follow-ups of the E4-W04 round-2 review [2m(6)[22m
clubs:test:      [33m[2m✓[22m[39m R-07-09/10 an impersonated cancellation asks for «Motiu» and sends {reason}; 400 VALIDATION_ERROR on reason (details.field, the core's shape) stays on the field[33m 416[2mms[22m[39m
clubs:test:      [33m[2m✓[22m[39m R-07-09/10 an impersonated cancellation asks for «Motiu» and sends {reason}; 400 VALIDATION_ERROR on reason (details.fieldErrors[]) stays on the field[33m 559[2mms[22m[39m
clubs:test:      [33m[2m✓[22m[39m R-07-09 a member session asks for no reason and keeps sending {}[33m 371[2mms[22m[39m
clubs:test:      [33m[2m✓[22m[39m R-07-09 a confirmation left open past the deadline closes instead of sending[33m 317[2mms[22m[39m
clubs-admin:test:  [32m✓[39m src/dashboard/DashboardPage.test.tsx [2m([22m[2m20 tests[22m[2m)[22m[33m 7126[2mms[22m[39m
clubs-admin:test:    [32m✓[39m T-14-25 D1 dashboard [2m(4)[22m
clubs-admin:test:      [33m[2m✓[22m[39m renders the server aggregate, all risk rows, pending signups, and accessible chart[33m 1033[2mms[22m[39m
clubs-admin:test:      [33m[2m✓[22m[39m hides nullable module blocks and refetches when the window regains the focus[33m 526[2mms[22m[39m
clubs-admin:test:      [33m[2m✓[22m[39m S14 R-14-06: a null `riskReview` block shows no risk card and never asks for GET /risk-review[33m 437[2mms[22m[39m
clubs-admin:test:    [32m✓[39m E3-W07 step 9 · the D1 minors (S14 R-14-05…07, T-14-25) [2m(16)[22m
clubs-admin:test:      [33m[2m✓[22m[39m gives each VALIDA its own accessible name[33m 433[2mms[22m[39m
clubs-admin:test:      [33m[2m✓[22m[39m marks an add-dog row «(nou gos)»[33m 445[2mms[22m[39m
clubs-admin:test:      [33m[2m✓[22m[39m R-14-05 paints the submission date red only when pendingDays > warnDays[33m 569[2mms[22m[39m
clubs-admin:test:      [33m[2m✓[22m[39m counts 1 risk alert(s) with an ICU plural[33m 343[2mms[22m[39m
clubs-admin:test:      [33m[2m✓[22m[39m shows at most 6 risk rows, then «+{n} més» to D4 on the first hidden one[33m 586[2mms[22m[39m
clubs-admin:test:      [33m[2m✓[22m[39m puts the warning icon on the risk card title[33m 423[2mms[22m[39m
clubs-admin:test:      [33m[2m✓[22m[39m E35 paints one column per progression level with the level name as tooltip, never `others`[33m 309[2mms[22m[39m
clubs:test:  [32m✓[39m src/today/TodayPage.test.tsx [2m([22m[2m18 tests[22m[2m)[22m[33m 7855[2mms[22m[39m
clubs:test:    [32m✓[39m T-06-29 screen 10 «Classes del dia» [2m(18)[22m
clubs:test:      [33m[2m✓[22m[39m draws the mockup grid with identical ring columns, the date header and the week chips[33m 610[2mms[22m[39m
clubs:test:      [33m[2m✓[22m[39m moves by chips and arrows (Sunday only by the arrows) and keeps ?date in the address[33m 936[2mms[22m[39m
clubs:test:      [33m[2m✓[22m[39m falls back to the club-local today and rewrites the address for ?date=2026-13-01[33m 383[2mms[22m[39m
clubs:test:      [33m[2m✓[22m[39m falls back to the club-local today and rewrites the address for ?date=2026-08-32[33m 501[2mms[22m[39m
clubs:test:      [33m[2m✓[22m[39m falls back to the club-local today and rewrites the address for ?date=2026-02-30[33m 786[2mms[22m[39m
clubs:test:      [33m[2m✓[22m[39m rewrites an invalid ?date= after mounting, never during render (E4-W03 review #4)[33m 302[2mms[22m[39m
clubs:test:      [33m[2m✓[22m[39m R-06-14 in Pacific/Auckland: requested date, header and chips name the club's calendar day[33m 542[2mms[22m[39m
clubs:test:      [33m[2m✓[22m[39m R-06-14 in Pacific/Kiritimati: requested date, header and chips name the club's calendar day[33m 593[2mms[22m[39m
clubs:test:      [33m[2m✓[22m[39m R-06-14 in Europe/Madrid: requested date, header and chips name the club's calendar day[33m 668[2mms[22m[39m
clubs:test:      [33m[2m✓[22m[39m R-06-14 in America/Bogota: requested date, header and chips name the club's calendar day[33m 638[2mms[22m[39m
clubs:test:      [33m[2m✓[22m[39m shows the empty state (dayGridEmpty) and the error toast with retry[33m 450[2mms[22m[39m
clubs:test:  [32m✓[39m src/booking/book.test.tsx [2m([22m[2m9 tests[22m[2m)[22m[33m 6623[2mms[22m[39m
clubs:test:    [32m✓[39m T-08-37 screen 04 «Reservar»: every row state with its mockup badge (S08 §2, R-08-03) [2m(9)[22m
clubs:test:      [33m[2m✓[22m[39m Duna: the chips without «Tots», the pack, the intro, the activities and the six mockup rows[33m 2751[2mms[22m[39m
clubs:test:      [33m[2m✓[22m[39m Rock: «Sense sessions» is inert with an expiring pack; Toby: the block banner and inert rows without a badge[33m 1025[2mms[22m[39m
clubs:test:      [33m[2m✓[22m[39m WAITLIST_OPEN asks first, joins with the selected dog, then the row leaves the list with «Ets a la llista d'espera»[33m 902[2mms[22m[39m
clubs:test:      [33m[2m✓[22m[39m a refused join keeps its message inside the dialog (409 WAITLIST_LIMIT)[33m 516[2mms[22m[39m
clubs:test:      [33m[2m✓[22m[39m a hold refused with any other code stays on 04 with its errors: message and the list read again[33m 394[2mms[22m[39m
clubs:test:      [33m[2m✓[22m[39m the app mounts 04 on /reservar with the «Reservar» tab active[33m 321[2mms[22m[39m
clubs:test:  [32m✓[39m src/booking/home.test.tsx [2m([22m[2m11 tests[22m[2m)[22m[33m 6634[2mms[22m[39m
clubs:test:    [32m✓[39m screen 03 «Inici» (S08 §2, R-08-02, R-08-20, R-08-23) [2m(8)[22m
clubs:test:      [33m[2m✓[22m[39m the greeting and the bell, «Tots» last and pressed, the counters and the rows as the api delivers them[33m 3133[2mms[22m[39m
clubs:test:      [33m[2m✓[22m[39m E5-W04 step 0 (mockup 03, api E5-T25): each class, waiting and training row carries its ring's dot in the api's `ringColor`; the activity row none[33m 464[2mms[22m[39m
clubs:test:      [33m[2m✓[22m[39m a dog selected: its rows without « · amb …» and the member's activity still there (the api keeps it), its counters, and «Tots» brings them back[33m 521[2mms[22m[39m
clubs:test:      [33m[2m✓[22m[39m only one accessible dog: no «Tots», its chip selected and its rows without « · amb …» (V3); nothing unread: the bell is still[33m 387[2mms[22m[39m
clubs:test:      [33m[2m✓[22m[39m R-08-20: a visible instructor is named; «es mostra 6 h abans» and «1,5 h» take the ICU `other` branch[33m 454[2mms[22m[39m
clubs:test:      [33m[2m✓[22m[39m WAITLIST off: no waiting row[33m 310[2mms[22m[39m
clubs:test:  [32m✓[39m src/training/TrainingDetailPage.test.tsx [2m([22m[2m6 tests[22m[2m)[22m[33m 6840[2mms[22m[39m
clubs:test:    [32m✓[39m S09 training booking detail (/entrenaments/:id, the 07 pattern, R-09-10) [2m(6)[22m
clubs:test:      [33m[2m✓[22m[39m a future booking: title, state, line, who booked it, and the cancellation back to 03[33m 3513[2mms[22m[39m
clubs:test:      [33m[2m✓[22m[39m past cancellableUntil the button gives way to the notice; «Reservada pel club» for BACKOFFICE[33m 352[2mms[22m[39m
clubs:test:      [33m[2m✓[22m[39m cancelled by the club: its state, and nothing to do[33m 615[2mms[22m[39m
clubs:test:      [33m[2m✓[22m[39m 422 TRAINING_CANCEL_TOO_LATE: the threshold and the minutes left, from the details, in the dialog[33m 960[2mms[22m[39m
clubs:test:      [33m[2m✓[22m[39m 409 INVALID_STATE: the message and the booking read again (cancelled elsewhere)[33m 950[2mms[22m[39m
clubs:test:      [33m[2m✓[22m[39m es and en: the same page in the reader's language[33m 445[2mms[22m[39m
clubs:test:  [32m✓[39m src/today/OverviewPage.test.tsx [2m([22m[2m10 tests[22m[2m)[22m[33m 10043[2mms[22m[39m
clubs:test:    [32m✓[39m T-06-29 screen 23 «Visió global» [2m(7)[22m
clubs:test:      [33m[2m✓[22m[39m shows n/n +e with the planned instructor, training names, the block and the cancelled class[33m 668[2mms[22m[39m
clubs:test:      [33m[2m✓[22m[39m E5-W03 step 1 lists the class's registrants and the «En espera» line in the drawer, read-only (S08 §6)[33m 618[2mms[22m[39m
clubs:test:      [33m[2m✓[22m[39m opens the class drawer with the instructor projection of the tapped class[33m 1082[2mms[22m[39m
clubs:test:      [33m[2m✓[22m[39m opens the block drawer and cancels the block (POST /ring-blocks/{id}/cancellation)[33m 1057[2mms[22m[39m
clubs:test:      [33m[2m✓[22m[39m maps 409 INVALID_STATE and 422 RING_BLOCK_MANAGED_BY_ACTIVITY on the block cancellation[33m 1076[2mms[22m[39m
clubs:test:      [33m[2m✓[22m[39m answers 403 to a member asking for the instructor view[33m 349[2mms[22m[39m
clubs:test:    [32m✓[39m T-06-29 E4-W11 screen 23's class drawer reads the class detail (api E5-T15) [2m(2)[22m
clubs:test:      [33m[2m✓[22m[39m names the instructors (instructorNames[]) and the ring (ring.name) of GET /class-sessions/{id}, not of the tapped cell[33m 699[2mms[22m[39m
clubs:test:      [33m[2m✓[22m[39m a class without a ring (ring: null) has no «Pista» row; without names, no «Instructor» row[33m 767[2mms[22m[39m
clubs:test:    [32m✓[39m T-06-29 E4-W14 screen 23's drawer: the instructors' label follows the count, the names are a list [2m(1)[22m
clubs:test:      [33m[2m✓[22m[39m ca «Instructor: Marc» / «Instructors: Marc i Núria»; es «Instructores: Marc y Núria»; en «Instructors: Marc and Núria»[33m 3572[2mms[22m[39m
clubs:test:  [32m✓[39m src/booking/detail.test.tsx [2m([22m[2m19 tests[22m[2m)[22m[33m 9087[2mms[22m[39m
clubs:test:    [32m✓[39m T-08-39 screen 07: the booking, who booked it, and its cancellation (R-08-10) [2m(14)[22m
clubs:test:      [33m[2m✓[22m[39m shows the mockup card, and a cancellation in time asks first and leaves the green note[33m 2326[2mms[22m[39m
clubs:test:      [33m[2m✓[22m[39m inside the 4 h threshold the dialog warns, and the late note names «4 hores»[33m 932[2mms[22m[39m
clubs:test:      [33m[2m✓[22m[39m the threshold comes from the booking: 90 minutes warn «Falten menys de 90 minuts»[33m 378[2mms[22m[39m
clubs:test:      [33m[2m✓[22m[39m a booking cancelled by a swap, opened later: its state chip only, no «dins el termini» note (review #4)[33m 1259[2mms[22m[39m
clubs:test:      [33m[2m✓[22m[39m a CANCELLED booking cancelled by SYSTEM, opened later: its chip «anul·lada» only, no note (review #4)[33m 318[2mms[22m[39m
clubs:test:      [33m[2m✓[22m[39m who booked it: another member of the group[33m 328[2mms[22m[39m
clubs:test:      [33m[2m✓[22m[39m BOOKING_NOT_CANCELLABLE (422) shows its message inside the dialog and reads the booking again[33m 312[2mms[22m[39m
clubs:test:      [33m[2m✓[22m[39m BOOKING_NOT_CANCELLABLE (409) shows its message inside the dialog and reads the booking again[33m 458[2mms[22m[39m
clubs:test:    [32m✓[39m T-08-39 the waiting entry (/espera/:id, R-08-16) [2m(5)[22m
clubs:test:      [33m[2m✓[22m[39m the card with «en llista d'espera», no position in ALL_AT_ONCE, and «SURT DE LA LLISTA D'ESPERA» back to 03[33m 422[2mms[22m[39m
clubs:test:      [33m[2m✓[22m[39m a FIFO club's NOTIFIED entry: the position, the deadline and [AGAFA LA PLAÇA][33m 385[2mms[22m[39m
clubs-admin:test:  [32m✓[39m src/dashboard/RiskReviewCard.test.tsx [2m([22m[2m12 tests[22m[2m)[22m[33m 8717[2mms[22m[39m
clubs-admin:test:    [32m✓[39m T-15-33 D1 «Revisió de classes en risc» from S15 §6 form A [2m(5)[22m
clubs-admin:test:      [33m[2m✓[22m[39m renders the four statuses with the mockup's exact literals and «4 avisos»[33m 2136[2mms[22m[39m
clubs-admin:test:      [33m[2m✓[22m[39m opens D4 on the class's week with the class selected (a cancelled one under «Anul·lades»)[33m 462[2mms[22m[39m
clubs-admin:test:    [32m✓[39m T-15-33 E5-W03 round 2 · review #5: a D1 row opens D4 on that class (the example day's calendar world) [2m(4)[22m
clubs-admin:test:      [33m[2m✓[22m[39m «Cadells · avui 9:30 · Cadells» → D4 «anul·lades», that week, that class selected[33m 1419[2mms[22m[39m
clubs-admin:test:      [33m[2m✓[22m[39m «Nivell D · avui 17:40 · Petita» → D4 «anul·lades», that week, that class selected[33m 1167[2mms[22m[39m
clubs-admin:test:      [33m[2m✓[22m[39m «F i G · demà 20:00 · Carretera» → D4 «actives», that week, that class selected[33m 1236[2mms[22m[39m
clubs-admin:test:      [33m[2m✓[22m[39m «Cadells · dc 9:30 · Cadells» → D4 «actives», that week, that class selected[33m 1326[2mms[22m[39m
clubs-admin:test:  [32m✓[39m src/audit/AuditPage.test.tsx [2m([22m[2m8 tests[22m[2m)[22m[33m 10678[2mms[22m[39m
clubs-admin:test:    [32m✓[39m T-14-26 member audit and exports [2m(8)[22m
clubs-admin:test:      [33m[2m✓[22m[39m filters by action and opens the masked before/after change drawer[33m 2300[2mms[22m[39m
clubs-admin:test:      [33m[2m✓[22m[39m E3-W07 step 0 labels a readmission submitted from the public form (SIGNUP_SUBMITTED, PUBLIC)[33m 976[2mms[22m[39m
clubs-admin:test:      [33m[2m✓[22m[39m E4-W15 step 8 (E4-W13 report, question 4): «Entitat» and «Actor» ask for the keys they fall back to, entityType and actorRole[33m 951[2mms[22m[39m
clubs-admin:test:      [33m[2m✓[22m[39m opens the exports drawer for a queued job and exposes its READY download[33m 2754[2mms[22m[39m
clubs-admin:test:      [33m[2m✓[22m[39m shows the catalogued EXPORT_LIMIT explanation in the exports drawer[33m 939[2mms[22m[39m
clubs-admin:test:      [33m[2m✓[22m[39m routes a queued members list export into the global drawer[33m 1349[2mms[22m[39m
clubs-admin:test:      [33m[2m✓[22m[39m routes a queued dogs list export into the global drawer[33m 1342[2mms[22m[39m
clubs:test: Not implemented: navigation to another Document
clubs:test: Not implemented: navigation to another Document
clubs:test:  [32m✓[39m src/profile/NoticesCard.test.tsx [2m([22m[2m15 tests[22m[2m)[22m[33m 10440[2mms[22m[39m
clubs:test:    [32m✓[39m T-11-35 screen 12 «Avisos» and «Idioma» (S11 §2, R-11-04, R-11-07, R-11-15, R-11-17) [2m(15)[22m
clubs:test:      [33m[2m✓[22m[39m the fixed green tick under «App», the four e-mail switches with the product defaults and «+SMS»[33m 1980[2mms[22m[39m
clubs:test:      [33m[2m✓[22m[39m hides «+SMS» in a club without SMS (R-11-17)[33m 727[2mms[22m[39m
clubs:test:      [33m[2m✓[22m[39m the reminder select lists «Mai» and the club's options[33m 437[2mms[22m[39m
clubs:test:      [33m[2m✓[22m[39m each change shows at once and is saved as a partial PUT after the 300 ms pause[33m 1855[2mms[22m[39m
clubs:test:      [33m[2m✓[22m[39m rolls a refused change back with its message (422 INVALID_REMINDER_OPTION)[33m 542[2mms[22m[39m
clubs:test:      [33m[2m✓[22m[39m keeps a newer choice when an older save answers late (the answer rebases the member's edits)[33m 968[2mms[22m[39m
clubs:test:      [33m[2m✓[22m[39m a denied permission still saves the preference, and the row says how to allow it[33m 495[2mms[22m[39m
clubs:test:      [33m[2m✓[22m[39m an iPhone outside the installed app gets the install hint and no permission prompt[33m 562[2mms[22m[39m
clubs:test:      [33m[2m✓[22m[39m no push toggle without PushManager in the browser, nor in a club without PUSH[33m 543[2mms[22m[39m
clubs:test:      [33m[2m✓[22m[39m «Aprèn amb AgilityHub ›» after «Els meus gossos» only with LEARN_LINK[33m 655[2mms[22m[39m
clubs:test:      [33m[2m✓[22m[39m the language select writes Account.locale, switches the UI at once and says only new notices change[33m 468[2mms[22m[39m
clubs:test:      [33m[2m✓[22m[39m an impersonated session saves the member's choice but never asks for push, and its logout keeps this device's subscription[33m 653[2mms[22m[39m
clubs:test:  [32m✓[39m src/today/literals.test.ts [2m([22m[2m2 tests[22m[2m)[22m[32m 266[2mms[22m[39m
clubs:test:  [32m✓[39m src/NotificationsPage.test.tsx [2m([22m[2m13 tests[22m[2m)[22m[33m 10588[2mms[22m[39m
clubs:test:    [32m✓[39m T-11-34 screen 11 «Notificacions» (S11 §2, R-11-10, R-11-11) [2m(13)[22m
clubs:test:      [33m[2m✓[22m[39m renders mockup 11's six cards as delivered: icon, tone, texts, relative time, «i per SMS», the buttons[33m 2566[2mms[22m[39m
clubs:test:      [33m[2m✓[22m[39m never prints «i per SMS» without the SMS module, even for an SMS the api lists[33m 1296[2mms[22m[39m
clubs:test:      [33m[2m✓[22m[39m [CANVIA DE CLASSE] opens 04 with the notification's dog[33m 561[2mms[22m[39m
clubs:test:      [33m[2m✓[22m[39m [AGAFA LA PLAÇA] reuses E5-W01's claim: the entry's seat hold, then the confirmation (06/29)[33m 1435[2mms[22m[39m
clubs:test:      [33m[2m✓[22m[39m [AGAFA LA PLAÇA] reads disabled, with its hint, once the seat is gone (enabled: false)[33m 381[2mms[22m[39m
clubs:test:      [33m[2m✓[22m[39m a hold refused with 409 SEAT_TAKEN shows E5-W01's message in the card[33m 434[2mms[22m[39m
clubs:test:      [33m[2m✓[22m[39m an informative card opens its route on tap, without a button; one without an action is inert[33m 553[2mms[22m[39m
clubs:test:      [33m[2m✓[22m[39m entering calls read-all once, and 03's bell goes quiet[33m 796[2mms[22m[39m
clubs:test:      [33m[2m✓[22m[39m back on 03 from the browser's page cache, the bell reads GET /me/home again[33m 841[2mms[22m[39m
clubs:test:      [33m[2m✓[22m[39m a card tapped before read-all has landed is marked read on its own[33m 479[2mms[22m[39m
clubs:test:      [33m[2m✓[22m[39m the empty state: «Encara no tens cap avís»[33m 315[2mms[22m[39m
clubs:test:      [33m[2m✓[22m[39m loads the second page when the list end shows (no page buttons)[33m 556[2mms[22m[39m
clubs:test:      [33m[2m✓[22m[39m a failed read shows the error by its code, and [Torna-ho a provar] reads again[33m 368[2mms[22m[39m
clubs-admin:test:  [32m✓[39m src/catalogs/JobsCard.test.tsx [2m([22m[2m18 tests[22m[2m)[22m[33m 10621[2mms[22m[39m
clubs-admin:test:    [32m✓[39m T-15-32 D11 «Processos automàtics» (S15 §2, R-15-01, R-15-08, R-15-09) [2m(14)[22m
clubs-admin:test:      [33m[2m✓[22m[39m lists the ten processes of the full club and the eight of the club mínim, each with its cadence and last run[33m 2762[2mms[22m[39m
clubs-admin:test:      [33m[2m✓[22m[39m paints a failed last run in the danger tone[33m 335[2mms[22m[39m
clubs-admin:test:      [33m[2m✓[22m[39m R-15-09 dims a disabled process and keeps its [Executa ara] (and [Simula])[33m 306[2mms[22m[39m
clubs-admin:test:      [33m[2m✓[22m[39m asks before disabling (S15 §2 literal) and writes PUT /jobs/{name}/switch {enabled: false} only after the confirmation[33m 892[2mms[22m[39m
clubs-admin:test:      [33m[2m✓[22m[39m R-15-08 [Simula] shows the plan of the response (the WOULD_* items as delivered) and says nothing was applied[33m 476[2mms[22m[39m
clubs-admin:test:      [33m[2m✓[22m[39m R-15-09 [Executa ara] asks, runs {dryRun: false} and shows the run's summary, then reads the list again[33m 508[2mms[22m[39m
clubs-admin:test:      [33m[2m✓[22m[39m keeps one Idempotency-Key per payload while the outcome is unknown: a retry after a lost answer reuses it[33m 739[2mms[22m[39m
clubs-admin:test:      [33m[2m✓[22m[39m 409 JOB_ALREADY_RUNNING shows its message inside the confirmation and reads the list again[33m 371[2mms[22m[39m
clubs-admin:test:      [33m[2m✓[22m[39m JOB_UNKNOWN (404: S15 writes 404, rule 0 implies 422) shows its message and reads the list again[33m 396[2mms[22m[39m
clubs-admin:test:      [33m[2m✓[22m[39m JOB_UNKNOWN (422: S15 writes 404, rule 0 implies 422) shows its message and reads the list again[33m 442[2mms[22m[39m
clubs-admin:test:      [33m[2m✓[22m[39m opens a process's run history and a run's sheet (effects and errors)[33m 774[2mms[22m[39m
clubs-admin:test:      [33m[2m✓[22m[39m E5-W03 round 2 · review #1: the run history pages through the api's list, and its filters narrow it[33m 1734[2mms[22m[39m
clubs:test:  [32m✓[39m src/dog-tasks-contrast.test.ts [2m([22m[2m4 tests[22m[2m)[22m[32m 121[2mms[22m[39m
clubs-admin:test:  [32m✓[39m src/instructor/student-record.test.tsx [2m([22m[2m9 tests[22m[2m)[22m[33m 8030[2mms[22m[39m
clubs-admin:test:    [32m✓[39m T-10-28 (D13) the desktop student record (S10 §2, R-10-08, R-10-09) [2m(4)[22m
clubs-admin:test:      [33m[2m✓[22m[39m D13 as the mockup: the header chips, four metric cards with their subtitles, the three blocks with the api's tasks, and the «5 darreres classes» table[33m 1413[2mms[22m[39m
clubs-admin:test:      [33m[2m✓[22m[39m no classes in the window reads «—»; TASKS off drops the three blocks, the button and every task read; FREE_TRAINING off drops the training card[33m 510[2mms[22m[39m
clubs-admin:test:      [33m[2m✓[22m[39m [GESTIONAR TASQUES I NOTES] opens the same editor as 26 in a drawer; a task created there shows in the record's block and counters[33m 1173[2mms[22m[39m
clubs-admin:test:    [32m✓[39m E6-W02 round 2 (review of 30-09): D13 [2m(4)[22m
clubs-admin:test:      [33m[2m✓[22m[39m #2 (R-10-10): the drawer reaches every task too — «Mostra'n més» reads the second page, and its oldest pending task is completed there[33m 2201[2mms[22m[39m
clubs-admin:test:      [33m[2m✓[22m[39m #3: a round trip through the history keeps the drawer's drafts — the new task's text and file and an open edit — and the focus comes back to the link[33m 1498[2mms[22m[39m
clubs-admin:test:    [32m✓[39m «Alumnes» of the back office (mockups D12–D14, S10 §13-9) [2m(1)[22m
clubs-admin:test:      [33m[2m✓[22m[39m instructors see «Alumnes» in the sidebar; the search reads GET /dogs and opens D13[33m 703[2mms[22m[39m
clubs-admin:test:  [32m✓[39m src/census/CensusListPage.test.tsx [2m([22m[2m4 tests[22m[2m)[22m[33m 12553[2mms[22m[39m
clubs-admin:test:    [32m✓[39m T-03-38 D5 universal member list [2m(3)[22m
clubs-admin:test:      [33m[2m✓[22m[39m renders applied filters and preserves selection when page size changes[33m 3376[2mms[22m[39m
clubs-admin:test:      [33m[2m✓[22m[39m E4-W12 step 5: a fresh /abonats applies only the status chip «Alta», so a club whose plan ids differ from the fixture's lists its members[33m 932[2mms[22m[39m
clubs-admin:test:      [33m[2m✓[22m[39m toggles visible columns and synchronizes the ordered fields to the URL[33m 2080[2mms[22m[39m
clubs-admin:test:    [32m✓[39m T-03-42 D15 translated dog list [2m(1)[22m
clubs-admin:test:      [33m[2m✓[22m[39m renders the approved columns and dog record links[33m 6151[2mms[22m[39m
clubs:test:  [32m✓[39m src/booking/confirm.test.tsx [2m([22m[2m17 tests[22m[2m)[22m[33m 11988[2mms[22m[39m
clubs:test:    [32m✓[39m T-08-36 the 30 s hold counts on the api clock, not the device's (R-08-07) [2m(2)[22m
clubs:test:      [33m[2m✓[22m[39m a device clock 5 min ahead still starts at 0:30, reaches 0 at the right instant, then the red note returns to 04[33m 1916[2mms[22m[39m
clubs:test:      [33m[2m✓[22m[39m 409 SEAT_HOLD_EXPIRED on the confirmation shows the same red note[33m 1313[2mms[22m[39m
clubs:test:    [32m✓[39m T-08-38 screen 06: the swap when the week's limit is reached (R-08-09) [2m(3)[22m
clubs:test:      [33m[2m✓[22m[39m single selection among the swappable bookings, the done one inert, the button names both days, then the swap is confirmed[33m 876[2mms[22m[39m
clubs:test:      [33m[2m✓[22m[39m «CANCEL·LAR LA NOVA RESERVA» releases the hold (DELETE) and goes back to 04[33m 875[2mms[22m[39m
clubs:test:      [33m[2m✓[22m[39m the back gesture leaves the page and releases the hold too[33m 1062[2mms[22m[39m
clubs:test:    [32m✓[39m 29: the normal confirmation and the informative variants (S08 §2 29, decision B1) [2m(6)[22m
clubs:test:      [33m[2m✓[22m[39m normal: no swap, «CONFIRMAR LA RESERVA», then the calendar links and the booking[33m 542[2mms[22m[39m
clubs:test:      [33m[2m✓[22m[39m the limit done this week (CURRENT, per dog): the mockup's «… per a la setmana vinent a partir de diumenge 9 a les 20 h», without a countdown[33m 394[2mms[22m[39m
clubs:test:      [33m[2m✓[22m[39m the limit of next week reached (NEXT, per dog): «La setmana vinent ja tens una classe amb la Duna» and B1's «Podràs reservar aquesta classe a partir de …»[33m 481[2mms[22m[39m
clubs:test:      [33m[2m✓[22m[39m the limit per person (unit MEMBER) names no dog: «Aquesta setmana ja has fet dues classes.»[33m 509[2mms[22m[39m
clubs:test:      [33m[2m✓[22m[39m «Properament»: «Disponible a partir de diumenge 9 a les 20 h.»[33m 542[2mms[22m[39m
clubs:test:      [33m[2m✓[22m[39m a seat another hold takes: the retry note, and a retry that gets the seat shows the countdown[33m 716[2mms[22m[39m
clubs:test:    [32m✓[39m R-08-18 SINGLE_CLASS on 29, and one Idempotency-Key per payload (R-08-08) [2m(4)[22m
clubs:test:      [33m[2m✓[22m[39m PAY_TO_BOOK with a swap keeps the price in view: «En confirmar, pagaràs aquesta classe (12,00 €).» above «ANUL·LA … I CONFIRMA …» (review #8)[33m 314[2mms[22m[39m
clubs:test:      [33m[2m✓[22m[39m CHARGE_ON_ATTENDANCE: the note above the normal button[33m 611[2mms[22m[39m
clubs:test:      [33m[2m✓[22m[39m a confirmation that fails on the way stays on the page, and its retry sends the same key[33m 532[2mms[22m[39m
clubs:test:    [32m✓[39m R-08-15 the claim of a NOTIFIED waiting entry (step 5) [2m(2)[22m
clubs:test:      [33m[2m✓[22m[39m [AGAFA LA PLAÇA] holds with the entry, and the confirmation posts the claim with its key[33m 399[2mms[22m[39m
clubs:test:      [33m[2m✓[22m[39m a claim that lost the seat (409 SEAT_TAKEN) goes back to 04 with its message[33m 612[2mms[22m[39m
clubs-admin:test:  [32m✓[39m src/training/RingBlockCard.test.tsx [2m([22m[2m7 tests[22m[2m)[22m[33m 11594[2mms[22m[39m
clubs-admin:test:    [32m✓[39m D12 card «Reservar o bloquejar pista (sense alumne)» (S09 §2 row D12, R-09-11) [2m(7)[22m
clubs-admin:test:      [33m[2m✓[22m[39m the mockup's controls: kinds, «motiu: …», day and times, ring, RESERVA[33m 2989[2mms[22m[39m
clubs-admin:test:      [33m[2m✓[22m[39m offers only the free half hours of the ring and their runs, and posts the block[33m 2109[2mms[22m[39m
clubs-admin:test:      [33m[2m✓[22m[39m an instructor with live bookings in the way is told to ask the administration[33m 1320[2mms[22m[39m
clubs-admin:test:      [33m[2m✓[22m[39m E5-W02 round 2 · review #2: after the refreshed grid the ADMIN still confirms 17:30–18:00 and resends it with cancelBookings (R-09-13)[33m 2140[2mms[22m[39m
clubs-admin:test:      [33m[2m✓[22m[39m E5-W02 round 2 · review #2: an ADMIN may pick a half hour held by a live training and force it (R-09-13)[33m 1489[2mms[22m[39m
clubs-admin:test:      [33m[2m✓[22m[39m FREE_TRAINING off: «Bloqueig» only, and the times without a grid[33m 433[2mms[22m[39m
clubs-admin:test:      [33m[2m✓[22m[39m E5-W02 round 2 · review #5: without a grid every half hour of the day can be taken, the last one included[33m 1055[2mms[22m[39m
clubs:test:  [32m✓[39m src/notifications/push.test.ts [2m([22m[2m11 tests[22m[2m)[22m[33m 340[2mms[22m[39m
clubs:test:  [32m✓[39m src/notifications/sw-logic.test.ts [2m([22m[2m4 tests[22m[2m)[22m[32m 8[2mms[22m[39m
clubs-admin:test:  [32m✓[39m src/census/CensusRecordPage.test.tsx [2m([22m[2m13 tests[22m[2m)[22m[33m 12252[2mms[22m[39m
clubs-admin:test:    [32m✓[39m T-03-39 D10 member record [2m(3)[22m
clubs-admin:test:      [33m[2m✓[22m[39m renders the approved badges, masked account, consent warning, dog rights, and WhatsApp URL[33m 3290[2mms[22m[39m
clubs-admin:test:      [33m[2m✓[22m[39m blocks and unblocks new bookings with the required reason[33m 1408[2mms[22m[39m
clubs-admin:test:      [33m[2m✓[22m[39m maps STALE_VERSION when another administrator edited the member[33m 835[2mms[22m[39m
clubs-admin:test:    [32m✓[39m T-01-11 E4-W16 step 1 (INC-15, E47): «Entra com l'abonat» opens the api's launchUrl [2m(2)[22m
clubs-admin:test:      [33m[2m✓[22m[39m opens exactly the launchUrl with the one-time code, in a new tab, and never writes the token into a URL[33m 773[2mms[22m[39m
clubs-admin:test:      [33m[2m✓[22m[39m a response without launchUrl is an error in the dialog and opens nothing (no same-origin guess)[33m 597[2mms[22m[39m
clubs-admin:test:    [32m✓[39m T-03-39 E4-W17 step 9 (AGENTS rule 1): D10's «Pagament» row names a cash member's method [2m(1)[22m
clubs-admin:test:      [33m[2m✓[22m[39m reads «Efectiu» in ca, «Efectivo» in es and «Cash» in en, never the raw MANUAL[33m 1506[2mms[22m[39m
clubs-admin:test:    [32m✓[39m T-03-34 (front) E4-W16 step 7 (INC-27, R-03-30): D10 without BILLING keeps its actions [2m(2)[22m
clubs-admin:test:      [33m[2m✓[22m[39m keeps «Bloqueja les reserves», «Inactivitat», «Baixa (amb data)», «Tota l'auditoria ›» and the recent changes; only the invoice rows and «Tots els rebuts» go[33m 675[2mms[22m[39m
clubs-admin:test:      [33m[2m✓[22m[39m with BILLING the card keeps its invoice rows and «Tots els rebuts»[33m 685[2mms[22m[39m
clubs-admin:test:    [32m✓[39m T-03-39 E4-W15 step 8 D10 on the real core (E4-W13 report, question 4) [2m(3)[22m
clubs-admin:test:      [33m[2m✓[22m[39m names a pending document by its type's label, as D2 does, and a type the club no longer lists as «Document pendent»[33m 386[2mms[22m[39m
clubs-admin:test:      [33m[2m✓[22m[39m never shows the raw key while the labels load or when they cannot be read[33m 499[2mms[22m[39m
clubs-admin:test:      [33m[2m✓[22m[39m shows no «núm.» badge for a member without a number[33m 354[2mms[22m[39m
clubs-admin:test:    [32m✓[39m T-03-38 dog record [2m(2)[22m
clubs-admin:test:      [33m[2m✓[22m[39m shows the complete dog record and changes level without a booking warning[33m 669[2mms[22m[39m
clubs-admin:test:      [33m[2m✓[22m[39m deactivates and reactivates a dog without deleting its record[33m 559[2mms[22m[39m
clubs:test:  [32m✓[39m src/InfoPage.test.tsx [2m([22m[2m5 tests[22m[2m)[22m[33m 1401[2mms[22m[39m
clubs:test:    [32m✓[39m T-05-CP-07 screen 30 Info [2m(2)[22m
clubs:test:      [33m[2m✓[22m[39m shows FAQ, rules and other active pages only[33m 978[2mms[22m[39m
clubs:test:  [32m✓[39m src/UnsubscribePage.test.tsx [2m([22m[2m4 tests[22m[2m)[22m[33m 945[2mms[22m[39m
clubs:test:    [32m✓[39m E7-W02 step 10 · the e-mail unsubscribe page /comunicats/baixa (S11 R-11-08) [2m(4)[22m
clubs:test:      [33m[2m✓[22m[39m 200: sends the token once and confirms, with a way to the «Avisos» of 12 for a session[33m 620[2mms[22m[39m
clubs:test:  [32m✓[39m src/training/i18n.test.tsx [2m([22m[2m4 tests[22m[2m)[22m[33m 2691[2mms[22m[39m
clubs:test:    [32m✓[39m T-09-41 training and instructor vocabulary, locales and club time zone [2m(4)[22m
clubs:test:      [33m[2m✓[22m[39m has no forbidden term nor requirement code in training, instructor and enums (ca/es/en)[33m 569[2mms[22m[39m
clubs:test:      [33m[2m✓[22m[39m the three locales carry the same training and instructor keys, none empty[33m 453[2mms[22m[39m
clubs:test:      [33m[2m✓[22m[39m formats in the club's zone, never the viewer's: an October 06:30Z slot reads «8:30»[33m 1385[2mms[22m[39m
clubs:test:  [32m✓[39m src/instructor/tasks.test.tsx [2m([22m[2m16 tests[22m[2m)[22m[33m 13595[2mms[22m[39m
clubs:test:    [32m✓[39m T-10-28 (26) screen 26 «Tasques i notes» (S10 §2, R-10-10…R-10-12) [2m(10)[22m
clubs:test:      [33m[2m✓[22m[39m mockup 26: the title, the private observations, the three tasks (the done one struck through with «feta per la Laura el 02-08»), the history link, the member's note read-only and [DESA] waiting for a change[33m 2727[2mms[22m[39m
clubs:test:      [33m[2m✓[22m[39m T-10-25 «＋ Afegir» uploads the video through the signed url (TASK, the signed headers, no bearer) and creates one task with one Idempotency-Key, even on a double tap; 22's counters follow[33m 1027[2mms[22m[39m
clubs:test:      [33m[2m✓[22m[39m the pencil edits the text with the version read; the ✕ asks «Vols eliminar aquesta tasca?» and deletes with its key; ✓ completes (feta per l'Estel) and ↺ reopens[33m 993[2mms[22m[39m
clubs:test:      [33m[2m✓[22m[39m an edit opened before another instructor's change is sent with its own version: STALE_VERSION (409), and the typed text stays[33m 507[2mms[22m[39m
clubs:test:      [33m[2m✓[22m[39m errors by code inside the editor: TASK_ALREADY_DONE (422) after a completion the api refuses, then the list read again[33m 581[2mms[22m[39m
clubs:test:      [33m[2m✓[22m[39m [DESA] saves the observations with the version read and one key; a stale version (tasksStale) keeps the typed text to recover and saves it again on the new version[33m 835[2mms[22m[39m
clubs:test:      [33m[2m✓[22m[39m a file the api refuses (FILE_TOO_LARGE) is said inside the editor; with the club's limits readable (ADMIN) it is refused before any signed url[33m 302[2mms[22m[39m
clubs:test:      [33m[2m✓[22m[39m an observation file goes through the DOG_OBSERVATIONS upload and POST /attachments; a clip opens a fresh signed url[33m 661[2mms[22m[39m
clubs:test:      [33m[2m✓[22m[39m «Veure l'historial complet ›» reads every task, done ones included, in a read-only drawer[33m 314[2mms[22m[39m
clubs:test:      [33m[2m✓[22m[39m T-10-32 (26): es and en with no missing key[33m 528[2mms[22m[39m
clubs:test:    [32m✓[39m E6-W02 round 2 (review of 30-09): screen 26 [2m(5)[22m
clubs:test:      [33m[2m✓[22m[39m #1 (CONVENCIONS_API §7, T-10-25): a network failure keeps the submission's key, so its retry creates one task[33m 664[2mms[22m[39m
clubs:test:      [33m[2m✓[22m[39m #1 (E74): two deliberate submissions with the same text are two tasks, each with its own key[33m 698[2mms[22m[39m
clubs:test:      [33m[2m✓[22m[39m #2 (R-10-10): with 52 tasks «Mostra'n més» reads the next page into the same list, whose tasks are managed like the rest — the oldest done one reopened, the oldest pending one edited, completed and deleted[33m 2873[2mms[22m[39m
clubs:test:      [33m[2m✓[22m[39m #4 (AGENTS rule 4): a clip that cannot be opened says why next to it — by its code, or «No s'ha pogut obrir el fitxer.» without an answer — on the list, the member's note and the history drawer[33m 374[2mms[22m[39m
clubs:test:      [33m[2m✓[22m[39m #7 (ruling E74): an instructor cannot read the file limits, so a 30 MB file is checked by the signed-url request: FILE_TOO_LARGE by its code, and nothing is PUT nor registered — an observation file and a new task's file[33m 413[2mms[22m[39m
clubs-admin:test:  [32m✓[39m src/training/TrainingRegisterPage.test.tsx [2m([22m[2m8 tests[22m[2m)[22m[33m 13435[2mms[22m[39m
clubs-admin:test:    [32m✓[39m E5-W03 step 2 · «Entrenaments», the ring-usage register (S09 §2 and §13-8) [2m(8)[22m
clubs-admin:test:      [33m[2m✓[22m[39m tab 1 reads GET /training-bookings with the current week and startsAt,desc, and links the member to D10 (ADMIN)[33m 3259[2mms[22m[39m
clubs-admin:test:      [33m[2m✓[22m[39m offers the api's values with their counts in the universal filter (no filter-values route: counted from the list)[33m 1242[2mms[22m[39m
clubs-admin:test:      [33m[2m✓[22m[39m S14 R-14-12 exports the list's filters and columns (ADMIN) and never for an INSTRUCTOR[33m 1556[2mms[22m[39m
clubs-admin:test:      [33m[2m✓[22m[39m T-08-47/T-09-24 pattern: an undeclared filter shows the list's own INVALID_FILTER message[33m 515[2mms[22m[39m
clubs-admin:test:      [33m[2m✓[22m[39m tab 2 lists the blocks and ring reservations; [Anul·la el bloqueig] is hidden for an activity's block and cancels the others[33m 1585[2mms[22m[39m
clubs-admin:test:      [33m[2m✓[22m[39m 409 INVALID_STATE on a cancellation shows why and reads the list again; an INSTRUCTOR has no row action[33m 1693[2mms[22m[39m
clubs-admin:test:      [33m[2m✓[22m[39m E5-W03 round 2 · review #9: the date and relation filters offer only operators that take one value, and the query says so[33m 2763[2mms[22m[39m
clubs-admin:test:      [33m[2m✓[22m[39m E5-W03 round 2 · review #8: a past block on a deactivated ring names its ring, never its id[33m 784[2mms[22m[39m
clubs:test:  [32m✓[39m src/instructor/RingBlockPage.test.tsx [2m([22m[2m9 tests[22m[2m)[22m[33m 14046[2mms[22m[39m
clubs:test:    [32m✓[39m screen 24 «Reservar o bloquejar pista» (S09 §2 row 24, R-09-11) [2m(9)[22m
clubs:test:      [33m[2m✓[22m[39m «Reserva de pista» first with its four reasons; «Bloqueig» hides them and offers its two[33m 3363[2mms[22m[39m
clubs:test:      [33m[2m✓[22m[39m every active ring (also those closed to training), the route's ring preselected[33m 836[2mms[22m[39m
clubs:test:      [33m[2m✓[22m[39m a contiguous selection writes the summary and posts the block, then 23 with its toast[33m 2452[2mms[22m[39m
clubs:test:      [33m[2m✓[22m[39m 409 RING_BLOCK_CONFLICT marks the conflicting cells, lists the overlaps and reads the grid again[33m 2300[2mms[22m[39m
clubs:test:      [33m[2m✓[22m[39m 422 RING_HAS_BOOKINGS: the instructor is told to ask the administration, and nothing forces it[33m 1271[2mms[22m[39m
clubs:test:      [33m[2m✓[22m[39m FREE_TRAINING off: only «Bloqueig», and the times are taken without a grid (the api validates)[33m 1078[2mms[22m[39m
clubs:test:      [33m[2m✓[22m[39m E5-W02 round 2 · review #5: without a grid the band's last half hour can be taken (13:30–14:00)[33m 946[2mms[22m[39m
clubs:test:      [33m[2m✓[22m[39m while the block is sent the button is busy and the grid, kinds and rings are inert[33m 871[2mms[22m[39m
clubs:test:      [33m[2m✓[22m[39m a time refusal is shown by code (400 INVALID_TIME_RANGE), and a lost answer keeps its key[33m 916[2mms[22m[39m
clubs-admin:test:  [32m✓[39m src/App.test.tsx [2m([22m[2m17 tests[22m[2m)[22m[33m 3049[2mms[22m[39m
clubs-admin:test:    [32m✓[39m T-02-14 clubs-admin shell [2m(6)[22m
clubs-admin:test:      [33m[2m✓[22m[39m uses the compact mark with the runtime club name[33m 741[2mms[22m[39m
clubs-admin:test:    [32m✓[39m E3-W07 step 9 menu counters (S14 R-14-08) [2m(2)[22m
clubs-admin:test:      [33m[2m✓[22m[39m reads the counters once for an ADMIN, again on focus, and not on every navigation[33m 698[2mms[22m[39m
clubs:test:  [32m✓[39m src/App.test.tsx [2m([22m[2m45 tests[22m[2m)[22m[33m 15051[2mms[22m[39m
clubs:test:    [32m✓[39m T-02-14 clubs shell [2m(6)[22m
clubs:test:      [33m[2m✓[22m[39m uses the compact mark with the runtime club name[33m 1472[2mms[22m[39m
clubs:test:      [33m[2m✓[22m[39m filters the six-tab mockup navigation by modules and roles[33m 616[2mms[22m[39m
clubs:test:      [33m[2m✓[22m[39m E6-W01 step 1: «El meu dia» and «Alumnes» lead to 20 and the student search; never while impersonating[33m 420[2mms[22m[39m
clubs:test:    [32m✓[39m T-01-18 access screen [2m(2)[22m
clubs:test:      [33m[2m✓[22m[39m uses the exact access actions, focuses an empty email and gates signup[33m 721[2mms[22m[39m
clubs:test:    [32m✓[39m T-01-19 activation screen [2m(1)[22m
clubs:test:      [33m[2m✓[22m[39m renders gender-aware, reset and invalid-link variants[33m 598[2mms[22m[39m
clubs:test:    [32m✓[39m T-01-20 profile choice [2m(1)[22m
clubs:test:      [33m[2m✓[22m[39m shows cards for every available role and sends the remember choice[33m 336[2mms[22m[39m
clubs:test:    [32m✓[39m E6-W01 round 2 #7 (ruling E71, mockup 20 V6): an instructor lands on 20 [2m(2)[22m
clubs:test:      [33m[2m✓[22m[39m a password login takes an instructor to /instructor/dia and a member-only account to /inici[33m 331[2mms[22m[39m
clubs:test:      [33m[2m✓[22m[39m 03b: «Com a instructora» opens 20 and «Com a alumna» keeps 03[33m 374[2mms[22m[39m
clubs:test:    [32m✓[39m T-01-21 profile access rows and impersonation [2m(2)[22m
clubs:test:      [33m[2m✓[22m[39m renders the mockup rows in order without account sessions or backoffice handoff[33m 1007[2mms[22m[39m
clubs:test:    [32m✓[39m T-01-11 E4-W16 steps 1–2 (INC-15, INC-18, E47): «Entra com l'abonat» in the member app [2m(10)[22m
clubs:test:      [33m[2m✓[22m[39m round 2 #1: a redeemed code whose /me keeps failing shows the error with a retry, never the admin's own session; the retry opens 03 with the banner[33m 509[2mms[22m[39m
clubs:test:      [33m[2m✓[22m[39m E4-W18 round 2 #2: a background recovery that signs in before the retry's listener is attached still opens 03[33m 369[2mms[22m[39m
clubs:test:    [32m✓[39m T-01-19 E4-W16 step 10 (INC-24, E49): password recovery after a RESET link [2m(2)[22m
clubs:test:      [33m[2m✓[22m[39m the reset screen sends {new, repeat} without `current` once; a second use says the link was used and offers «Recupera-la»[33m 308[2mms[22m[39m
clubs:test:    [32m✓[39m E4-W16 step 12 member-app fixes [2m(2)[22m
clubs:test:      [33m[2m✓[22m[39m (b) «Canviar de perfil · {perfil}» follows the membership's gender (ICU select, as 03b)[33m 480[2mms[22m[39m
clubs:test:    [32m✓[39m T-07-30 E4-W08 S07 §6 /activitats/:id is for MEMBER and impersonated sessions (AGENTS rule 3) [2m(3)[22m
clubs:test:      [33m[2m✓[22m[39m an instructor-only session gets the usual no-access path: no detail, no /me/activities call[33m 433[2mms[22m[39m
clubs:test:      [33m[2m✓[22m[39m an impersonated session opens the detail and its cancellation asks for «Motiu»[33m 342[2mms[22m[39m
clubs:test:    [32m✓[39m T-01-26 imported-account onboarding and policy re-consent [2m(4)[22m
clubs:test:      [33m[2m✓[22m[39m redirects blocking onboarding and permits a policy postponement[33m 388[2mms[22m[39m
clubs:test:      [33m[2m✓[22m[39m reloads an outdated policy version before accepting it[33m 476[2mms[22m[39m
clubs:test:      [33m[2m✓[22m[39m renders the screen and pop-up in Catalan, Spanish and English[33m 488[2mms[22m[39m
clubs:test:    [32m✓[39m T-03-40 mobile own dogs [2m(5)[22m
clubs:test:      [33m[2m✓[22m[39m renders own dogs, saves the note, shows task totals and gates TASKS[33m 532[2mms[22m[39m
clubs:test:      [33m[2m✓[22m[39m E4-W16 step 6 (INC-22): «＋ DOC.» works again after a first upload, on another dog, with empty fields[33m 412[2mms[22m[39m
clubs:test:    [32m✓[39m T-03-41 mobile own data [2m(2)[22m
clubs:test:      [33m[2m✓[22m[39m keeps identity read-only, resolves towns, maps READ_ONLY and gates billing[33m 382[2mms[22m[39m
clubs-admin:test:  [32m✓[39m src/catalogs/SettingsPage.test.tsx [2m([22m[2m9 tests[22m[2m)[22m[33m 16035[2mms[22m[39m
clubs-admin:test:    [32m✓[39m T-02-13 E4-W06 S05 §2 D11 «Nivells»: the «Progressió» switch (S05 §3 Level.progression, E29) [2m(4)[22m
clubs-admin:test:      [33m[2m✓[22m[39m shows one switch per level with the help text: Teràpia is off, the progression levels on[33m 3439[2mms[22m[39m
clubs-admin:test:      [33m[2m✓[22m[39m saves a toggle with PATCH /levels/{id} {progression, version} and keeps the saved level[33m 2438[2mms[22m[39m
clubs-admin:test:      [33m[2m✓[22m[39m shows a refused toggle by its code next to the table and keeps the switch as saved; STALE_VERSION reloads the levels[33m 2062[2mms[22m[39m
clubs-admin:test:      [33m[2m✓[22m[39m the level form carries «Progressió»: a new level outside the progression is created with progression false; an edit keeps the level's value[33m 3138[2mms[22m[39m
clubs-admin:test:    [32m✓[39m T-02-13 E4-W14 S05 §2 D11 «Nivells» follow-ups of the E4-W06 review [2m(5)[22m
clubs-admin:test:      [33m[2m✓[22m[39m S05 §2 the «Progressió» help names no club level, in ca, es and en[33m 1308[2mms[22m[39m
clubs-admin:test:      [33m[2m✓[22m[39m S05 §12 B32 the mock levels include «Pendent», outside the progression (off like Teràpia)[33m 519[2mms[22m[39m
clubs-admin:test:      [33m[2m✓[22m[39m a second toggle never re-enables a switch whose PATCH is still pending; each row keeps its own error[33m 1700[2mms[22m[39m
clubs-admin:test:      [33m[2m✓[22m[39m AGENTS rule 6: the catalog row buttons are named after the row's name, not its id[33m 595[2mms[22m[39m
clubs-admin:test:      [33m[2m✓[22m[39m S05 §2 the help sits inside the «Nivells» card, and «Nou nivell» keeps its icon inline[33m 830[2mms[22m[39m
clubs-admin:test:  [32m✓[39m src/census/MemberBookingsCard.test.tsx [2m([22m[2m4 tests[22m[2m)[22m[33m 2880[2mms[22m[39m
clubs-admin:test:    [32m✓[39m E5-W03 step 3 · D10 «Reserves» (S08 §2, S09 §2, R-08-19) [2m(4)[22m
clubs-admin:test:      [33m[2m✓[22m[39m shows the member's class bookings (newest first) and training bookings, read-only, with the «Entra com l'abonat» note[33m 781[2mms[22m[39m
clubs-admin:test:      [33m[2m✓[22m[39m E5-W03 round 2 · review #4: «Mostra'n més» pages through the member's class bookings, never asking for 1000[33m 1368[2mms[22m[39m
clubs-admin:test:      [33m[2m✓[22m[39m «Mostra'n més» is busy while its page is read[33m 479[2mms[22m[39m
clubs-admin:test:  [32m✓[39m src/planning/ClassRegistrantsPanel.test.tsx [2m([22m[2m7 tests[22m[2m)[22m[33m 2573[2mms[22m[39m
clubs-admin:test:    [32m✓[39m E5-W03 step 1 · the registrants panel of a class (S08 §6, R-08-12, R-08-16) [2m(7)[22m
clubs-admin:test:      [33m[2m✓[22m[39m lists every booking as the api orders it, with its state, and the D12 «En espera: …» line[33m 691[2mms[22m[39m
clubs-admin:test:      [33m[2m✓[22m[39m offers [Treu de la llista] only to an ADMIN; an INSTRUCTOR reads the same panel[33m 336[2mms[22m[39m
clubs-admin:test:      [33m[2m✓[22m[39m R-08-16 removes a waiting entry after the confirmation, reads the list again and tells the host[33m 391[2mms[22m[39m
clubs-admin:test:      [33m[2m✓[22m[39m 422 WAITLIST_ENTRY_NOT_LIVE shows why inside the panel and reads the list again[33m 312[2mms[22m[39m
clubs-admin:test:      [33m[2m✓[22m[39m another error stays inside the confirmation, where the admin is[33m 340[2mms[22m[39m
clubs-admin:test:  [32m✓[39m src/census/SendAnnouncementDialog.test.tsx [2m([22m[2m5 tests[22m[2m)[22m[33m 17566[2mms[22m[39m
clubs-admin:test:    [32m✓[39m T-11-38 «Enviar comunicat» from D5 and D15 (S11 §2, R-11-13) [2m(5)[22m
clubs-admin:test:      [33m[2m✓[22m[39m D5's selection: the dialog sends `memberIds`, the dryRun drives «S'enviarà a 2 abonats», [ENVIA] waits for the tick, and the page says it was sent[33m 8740[2mms[22m[39m
clubs-admin:test:      [33m[2m✓[22m[39m D5's current filters: the dialog sends the list's filters and search, and the count is the api's for them (the members GET /members lists)[33m 2306[2mms[22m[39m
clubs-admin:test:      [33m[2m✓[22m[39m another template clears the tick and asks the dryRun again; NO_RECIPIENTS is said inside the dialog and [ENVIA] stays off[33m 1870[2mms[22m[39m
clubs-admin:test:      [33m[2m✓[22m[39m one Idempotency-Key per submission: a send that got no answer is retried with its key — also after closing and opening the dialog again — and the api counts it once[33m 2255[2mms[22m[39m
clubs-admin:test:      [33m[2m✓[22m[39m D15's selection is dogs: the dialog reads their owners and sends to each once («2 gossos · 1 abonat»)[33m 2383[2mms[22m[39m
clubs-admin:test:  [32m✓[39m src/messaging/NotificationLogPage.test.tsx [2m([22m[2m3 tests[22m[2m)[22m[33m 1630[2mms[22m[39m
clubs-admin:test:    [32m✓[39m E7-W01 step 7 «Avisos enviats» (S11 §2, R-11-10) [2m(3)[22m
clubs-admin:test:      [33m[2m✓[22m[39m lists the club's notifications newest first: date, code, category, recipient, one chip per delivery with its status, read[33m 977[2mms[22m[39m
clubs-admin:test:      [33m[2m✓[22m[39m ?filter=memberId:eq:… (D10's link) reads only that member's notifications, and a row opens its detail with every delivery and the destinations masked[33m 650[2mms[22m[39m
clubs-admin:test:  [32m✓[39m src/catalogs/ParameterSettings.test.tsx [2m([22m[2m2 tests[22m[2m)[22m[33m 1662[2mms[22m[39m
clubs-admin:test:    [32m✓[39m T-02-13 D11 parameter rows [2m(2)[22m
clubs-admin:test:      [33m[2m✓[22m[39m keeps module-less parameters that the core sends with module null[33m 1174[2mms[22m[39m
clubs-admin:test:      [33m[2m✓[22m[39m E4-W13 step 0 (api E5-T20): «Alta i consentiments» shows signup.onboardingFields and legal.maxPostpones; the learn keys, in the core's system block, show nowhere[33m 484[2mms[22m[39m
clubs-admin:test:  [32m✓[39m src/catalogs/PlansPage.test.tsx [2m([22m[2m2 tests[22m[2m)[22m[33m 1413[2mms[22m[39m
clubs-admin:test:    [32m✓[39m E4-W16 step 8 (INC-28, S05 §12, §13-5): D8 «Nou preu» proposes the plan's tax, never a country constant [2m(2)[22m
clubs-admin:test:      [33m[2m✓[22m[39m proposes the current price's taxPercent — 0 at a club without VAT — and sends the value shown[33m 985[2mms[22m[39m
clubs-admin:test:      [33m[2m✓[22m[39m a plan whose current price carries 10 % proposes 10, and a plan without prices proposes 0[33m 422[2mms[22m[39m
clubs-admin:build: vite v8.2.2 building client environment for production...
clubs-admin:build: transforming...
clubs:test:  [31m❯[39m src/instructor/instructor.test.tsx [2m([22m[2m41 tests[22m[2m | [22m[31m1 failed[39m[2m)[22m[33m 17928[2mms[22m[39m
clubs:test:    [31m❯[39m T-10-27 screen 20 «Grups del dia» (S10 §2, R-10-01) [2m(7)[22m
clubs:test: [31m     [31m×[31m mockup 20: the day chips, each class with n/n, the hourglass and its second line, the legend and the block with its reason and note[39m[33m 1240[2mms[22m[39m
clubs:test:      [33m[2m✓[22m[39m a chip changes the day (?date=); an empty day reads «Cap classe aquest dia»; the instructor chip offers no «Tot el club» and shows another's day[33m 1387[2mms[22m[39m
clubs:test:      [33m[2m✓[22m[39m a tap on a class opens 21; [RESERVAR O BLOQUEJAR PISTA] opens 24 on the day's first ring[33m 604[2mms[22m[39m
clubs:test:      [32m✓[39m a cancelled class reads «anul·lada»; a closed day shows no «passar llista pendent»[32m 248[2mms[22m[39m
clubs:test:      [32m✓[39m WAITLIST off: no hourglass on the cards and no waiting part in the legend[32m 201[2mms[22m[39m
clubs:test:      [32m✓[39m T-10-32 a viewer in America/Bogota at 0:30 club-local still asks for the club's day (Europe/Madrid)[32m 139[2mms[22m[39m
clubs:test:      [32m✓[39m a failed read shows the error with a retry, which reads the day again[32m 49[2mms[22m[39m
clubs:test:    [32m✓[39m T-10-27 screen 21 «Detall de classe i passar llista» (S10 R-10-02…R-10-06) [2m(14)[22m
clubs:test:      [33m[2m✓[22m[39m mockup 21: the title, n/n, «1 en espera», the instructor, the rows in the api's order, the status lines and the waiting list with its rule[33m 599[2mms[22m[39m
clubs:test:      [33m[2m✓[22m[39m a tap changes the circle locally with no request; [DESA] sends only the changed items with the current version and a UUID key[33m 655[2mms[22m[39m
clubs:test:      [33m[2m✓[22m[39m a saved «ha avisat» row is inert; «ha avisat» saved now shows its line from the answer[33m 564[2mms[22m[39m
clubs:test:      [33m[2m✓[22m[39m the circles are inert when canMarkPresence and canMarkNotice are false (window closed) and the yellow one alone without the notice[33m 347[2mms[22m[39m
clubs:test:      [32m✓[39m the dog's photo opens full screen; a tap closes it and the screen is as before[32m 254[2mms[22m[39m
clubs:test:      [32m✓[39m round 2 #5 (review #6, AGENTS rule 6): the photo is a modal: Tab and Shift+Tab stay inside, the page behind is inert and does not scroll, Escape restores everything[32m 212[2mms[22m[39m
clubs:test:      [33m[2m✓[22m[39m 409 STALE_VERSION: the toast, the other's change kept, and only the caller's own edit sent again with the new version[33m 479[2mms[22m[39m
clubs:test:      [33m[2m✓[22m[39m a refusal is shown by its code and nothing is lost: ATTENDANCE_NOT_OPEN reads the list again[33m 539[2mms[22m[39m
clubs:test:      [33m[2m✓[22m[39m after a refusal the list is read again and the caller's choices are rebased: a row someone else changed meanwhile is theirs[33m 656[2mms[22m[39m
clubs:test:      [33m[2m✓[22m[39m a network failure keeps the choice and a retry sends the same payload with the same key[33m 516[2mms[22m[39m
clubs:test:      [32m✓[39m R-10-05 FIFO: the rule sentence with the confirmation minutes[32m 118[2mms[22m[39m
clubs:test:      [32m✓[39m a class cancelled by the club: the banner, every circle inert and no [DESA][32m 100[2mms[22m[39m
clubs:test:      [33m[2m✓[22m[39m «avís ja enviat» after the 8:00 batch; «2 tasques pendents» with TASKS, none without[33m 447[2mms[22m[39m
clubs:test:      [32m✓[39m R-10-00: a dog led by its guide reads «Júlia Roca + Rock» with «(abonat: Laura Serra Vidal)»[32m 27[2mms[22m[39m
clubs:test:    [32m✓[39m E6-W01 round 2 #1 (review #1, R-10-04): a recovery read never overwrites a newer save [2m(3)[22m
clubs:test:      [33m[2m✓[22m[39m after a refused PUT every circle and [DESA] stay locked until the list is read again; a tap or [DESA] meanwhile sends nothing[33m 535[2mms[22m[39m
clubs:test:      [32m✓[39m the hook refuses a save captured before the refusal while that read is in flight[32m 209[2mms[22m[39m
clubs:test:      [32m✓[39m a read answered after a newer save is dropped: the sheet stays at version 5 with its draft and «Llista desada»[32m 224[2mms[22m[39m
clubs:test:    [32m✓[39m T-10-28 (22) screen 22 «Fitxa d'alumne» (S10 R-10-08, R-10-09) [2m(3)[22m
clubs:test:      [32m✓[39m mockup 22: the header, «C · fa 8 mesos», the three metrics, the five badges, the three blocks and the manage button[32m 218[2mms[22m[39m
clubs:test:      [33m[2m✓[22m[39m no classes in the window reads «—»; TASKS off drops the three blocks and the button; FREE_TRAINING off drops the training tile[33m 363[2mms[22m[39m
clubs:test:      [32m✓[39m a dog that left shows «baixa»; levels off shows no level chip; the search icon opens the student search[32m 91[2mms[22m[39m
clubs:test:    [32m✓[39m E6-W01 step 6 the instructor's student search (S10 §2, §13-9) [2m(3)[22m
clubs:test:      [33m[2m✓[22m[39m lists the active dogs as «{guia} + {gos} · {nivell}», asks the api for the typed text after 300 ms and opens 22[33m 1564[2mms[22m[39m
clubs:test:      [33m[2m✓[22m[39m round 2 #2 (review #2): with 51 matching dogs the first page shows 50 and «Mostra'n més» appends the 51st from the next page[33m 1700[2mms[22m[39m
clubs:test:      [33m[2m✓[22m[39m round 2 #2 and #4: a failed next page keeps the 50 rows, says why by its code, and «Mostra'n més» asks it again[33m 1461[2mms[22m[39m
clubs:test:    [32m✓[39m E6-W01 round 2 #4 (review #5, AGENTS rule 4): a failed read says why, by its code [2m(2)[22m
clubs:test:      [32m✓[39m 20, 21, 22 and the search show the catalog message of NOT_FOUND and FORBIDDEN[32m 180[2mms[22m[39m
clubs:test:      [32m✓[39m without an answer from the api (offline) each screen keeps its own «No s'ha pogut carregar…»[32m 179[2mms[22m[39m
clubs:test:    [32m✓[39m T-10-32 (20/21/22) the three locales, with no missing key [2m(2)[22m
clubs:test:      [32m✓[39m es[32m 288[2mms[22m[39m
clubs:test:      [33m[2m✓[22m[39m en[33m 313[2mms[22m[39m
clubs:test:    [32m✓[39m E6-W01 steps 1 and 7 the routes in the app: roles, tabs and impersonation [2m(4)[22m
clubs:test:      [32m✓[39m an instructor opens 20 at /instructor/dia with «El meu dia» current in the mockup's four tabs[32m 151[2mms[22m[39m
clubs:test:      [32m✓[39m an impersonated session reaching 21 directly reads «No es permet la suplantació.» and asks nothing[32m 179[2mms[22m[39m
clubs:test:      [32m✓[39m a member cannot open 22 (RequireRole); screen 26 is E6-W02's page under «Alumnes»[32m 201[2mms[22m[39m
clubs:test:      [32m✓[39m round 2 #3 (review #4, S10 §9) with E6-W02 step 5: TASKS off sends screen 26's route back to 22 with the MODULE_DISABLED note[32m 169[2mms[22m[39m
clubs:test:    [32m✓[39m E6-W03 step 11 on screen 21 (E6-W01 round-2 review #1, R-10-03, R-10-04): the draft after a refusal [2m(2)[22m
clubs:test:      [32m✓[39m a PUT refused with 422 ATTENDANCE_WINDOW_CLOSED whose re-read is closed leaves no choice behind and [DESA] disabled[32m 188[2mms[22m[39m
clubs:test:      [32m✓[39m once the api has answered, a later save of the same payload sends a new Idempotency-Key (the mock replays a key's first answer)[32m 146[2mms[22m[39m
clubs:test:    [32m✓[39m E6-W03 step 13 (E6-W01 round-2 review #3): «Mostra'n més» after a new query [2m(1)[22m
clubs:test:      [32m✓[39m a next page still loading for the old query does not hold the new query's «Mostra'n més»[32m 175[2mms[22m[39m
clubs-admin:build: ✓ 294 modules transformed.
clubs-admin:test:  [32m✓[39m src/messaging/AnnouncementsPage.test.tsx [2m([22m[2m10 tests[22m[2m)[22m[33m 18551[2mms[22m[39m
clubs-admin:test:    [32m✓[39m T-11-37 D9 «Comunicats i plantilles» (S11 §2, R-11-12) [2m(10)[22m
clubs-admin:test:      [33m[2m✓[22m[39m mockup D9: the four counts, a category row filters the list, and N-28 opens with its title, category chip, icons, «idioma: CA (amb versió ES)», the body with the variables' labels and the variable chips[33m 4039[2mms[22m[39m
clubs-admin:test:      [33m[2m✓[22m[39m the language select switches the title and the body; a variable chip inserts its label at the caret and [DESA] saves the code keys with the version read[33m 2378[2mms[22m[39m
clubs-admin:test:      [33m[2m✓[22m[39m the matrix: a cell outside caps is an inert «—», one inside toggles; the Push column is informative; SMS and Push columns follow the modules[33m 2714[2mms[22m[39m
clubs-admin:test:      [33m[2m✓[22m[39m [Vista prèvia] renders the unsaved draft per language with the SMS counter and the truncation note, and «Envia'm una prova» says it was sent[33m 1158[2mms[22m[39m
clubs-admin:test:      [33m[2m✓[22m[39m R-11-01 in [Vista prèvia]: a language without its own text is previewed with the club's default language, as a member of that language would receive it[33m 706[2mms[22m[39m
clubs-admin:test:      [33m[2m✓[22m[39m [DESA] on its way: the texts, chips and cells are read-only until the api answers, so nothing typed meanwhile is dropped by the answer[33m 1560[2mms[22m[39m
clubs-admin:test:      [33m[2m✓[22m[39m a stale PUT says «Algú ha modificat aquesta plantilla; recarrega-la»; [Recarrega] reads it again and keeps the admin's edits — the text and the one matrix cell they clicked — saved on the new version[33m 1817[2mms[22m[39m
clubs-admin:test:      [33m[2m✓[22m[39m the secondary actions as the api allows them: «Restaura el text per defecte» only when customized, no [Desactiva] on a mandatory template, «Elimina» only on the club's own[33m 1798[2mms[22m[39m
clubs-admin:test:      [33m[2m✓[22m[39m errors by code where they belong: a missing required variable (VALIDATION_ERROR missingVariables), a broken [[…]] (400 TEMPLATE_SYNTAX_ERROR) and an unknown one (400 TEMPLATE_UNKNOWN_VARIABLE) under the text, which they describe[33m 1337[2mms[22m[39m
clubs-admin:test:      [33m[2m✓[22m[39m «＋ Nova plantilla» creates a CUSTOM template of the chosen category and opens it; the admin's unsaved edits stay with their template while another one is open[33m 1038[2mms[22m[39m
clubs-admin:build: rendering chunks...
clubs-admin:build: computing gzip size...
clubs-admin:build: dist/index.html                                             2.65 kB │ gzip:   0.91 kB
clubs-admin:build: dist/assets/sprite-BOr1Ydze.svg                             5.78 kB │ gzip:   1.52 kB
clubs-admin:build: dist/assets/montserrat-latin-600-normal-UVxSCcoG.woff2     18.68 kB
clubs-admin:build: dist/assets/montserrat-latin-500-normal-DRFEGfly.woff2     18.74 kB
clubs-admin:build: dist/assets/montserrat-latin-400-normal-BLhwKU8k.woff2     18.78 kB
clubs-admin:build: dist/assets/montserrat-latin-700-normal-BdjcYUrC.woff2     18.82 kB
clubs-admin:build: dist/assets/montserrat-latin-600-normal-CdhFl4lI.woff      20.54 kB
clubs-admin:build: dist/assets/montserrat-latin-500-normal-Dok2oTci.woff      20.60 kB
clubs-admin:build: dist/assets/montserrat-latin-400-normal-xItZbAXg.woff      20.64 kB
clubs-admin:build: dist/assets/montserrat-latin-700-normal-BWkrl476.woff      20.67 kB
clubs-admin:build: dist/assets/index-Uj0inz13.css                            125.29 kB │ gzip:  19.08 kB
clubs-admin:build: dist/assets/notifications-ChKXsAvB.js                       0.75 kB │ gzip:   0.47 kB
clubs-admin:build: dist/assets/notifications-dxKZmlHL.js                       0.75 kB │ gzip:   0.43 kB
clubs-admin:build: dist/assets/notifications-BP8GtpgC.js                       0.75 kB │ gzip:   0.47 kB
clubs-admin:build: dist/assets/history-B1Xz7N4l.js                             1.27 kB │ gzip:   0.65 kB
clubs-admin:build: dist/assets/admin-training-CUhpZeIX.js                      1.29 kB │ gzip:   0.60 kB
clubs-admin:build: dist/assets/history-D5FndTjo.js                             1.32 kB │ gzip:   0.68 kB
clubs-admin:build: dist/assets/admin-training-DW_92FHy.js                      1.35 kB │ gzip:   0.66 kB
clubs-admin:build: dist/assets/history-Bs5JKpAd.js                             1.35 kB │ gzip:   0.69 kB
clubs-admin:build: dist/assets/admin-training-BANDClBZ.js                      1.37 kB │ gzip:   0.67 kB
clubs-admin:build: dist/assets/training-CYuCURIa.js                            1.57 kB │ gzip:   0.80 kB
clubs-admin:build: dist/assets/home-CLVBc5a3.js                                1.59 kB │ gzip:   0.79 kB
clubs-admin:build: dist/assets/training-DhvOYmdN.js                            1.62 kB │ gzip:   0.85 kB
clubs-admin:build: dist/assets/training-B5riWOVN.js                            1.63 kB │ gzip:   0.86 kB
clubs-admin:build: dist/assets/home-DIaHUeYG.js                                1.65 kB │ gzip:   0.84 kB
clubs-admin:build: dist/assets/home-vQT0WHAi.js                                1.67 kB │ gzip:   0.84 kB
clubs-admin:build: dist/assets/activities-_j5UPNJ2.js                          1.79 kB │ gzip:   0.83 kB
clubs-admin:build: dist/assets/activities-D_fvQi10.js                          1.86 kB │ gzip:   0.91 kB
clubs-admin:build: dist/assets/activities-BKuUowmB.js                          1.88 kB │ gzip:   0.91 kB
clubs-admin:build: dist/assets/admin-dashboard-VZhOZ68T.js                     2.07 kB │ gzip:   1.02 kB
clubs-admin:build: dist/assets/admin-dashboard-MI69Hia9.js                     2.13 kB │ gzip:   1.10 kB
clubs-admin:build: dist/assets/admin-dashboard-DNVY2TkD.js                     2.18 kB │ gzip:   1.11 kB
clubs-admin:build: dist/assets/id-cJQwgM2i.js                                  2.89 kB │ gzip:   1.28 kB
clubs-admin:build: dist/assets/admin-audit-B0Z1oVf2.js                         2.95 kB │ gzip:   1.39 kB
clubs-admin:build: dist/assets/id-Dio3OKNo.js                                  3.04 kB │ gzip:   1.41 kB
clubs-admin:build: dist/assets/id-Rnv2hXs4.js                                  3.10 kB │ gzip:   1.42 kB
clubs-admin:build: dist/assets/admin-audit-BS32JsSa.js                         3.20 kB │ gzip:   1.54 kB
clubs-admin:build: dist/assets/admin-audit-CkyykZV1.js                         3.28 kB │ gzip:   1.56 kB
clubs-admin:build: dist/assets/admin-messaging-ByT_iFIg.js                     4.51 kB │ gzip:   1.85 kB
clubs-admin:build: dist/assets/admin-messaging-DZ4OvAGp.js                     4.68 kB │ gzip:   1.99 kB
clubs-admin:build: dist/assets/admin-messaging-pKH5orvI.js                     4.77 kB │ gzip:   2.01 kB
clubs-admin:build: dist/assets/booking-Bzzfkcsu.js                             4.79 kB │ gzip:   1.82 kB
clubs-admin:build: dist/assets/auth-C10lCXDJ.js                                5.05 kB │ gzip:   2.14 kB
clubs-admin:build: dist/assets/booking-DFimaro9.js                             5.11 kB │ gzip:   2.00 kB
clubs-admin:build: dist/assets/booking-CG4lcbly.js                             5.14 kB │ gzip:   2.01 kB
clubs-admin:build: dist/assets/enums-BjMmuLTh.js                               5.29 kB │ gzip:   2.23 kB
clubs-admin:build: dist/assets/admin-catalogs-p29fM8xq.js                      5.41 kB │ gzip:   2.01 kB
clubs-admin:build: dist/assets/enums-BFXVROXo.js                               5.45 kB │ gzip:   2.32 kB
clubs-admin:build: dist/assets/enums-CbqxAICZ.js                               5.48 kB │ gzip:   2.32 kB
clubs-admin:build: dist/assets/auth-Uy3Y-og8.js                                5.63 kB │ gzip:   2.37 kB
clubs-admin:build: dist/assets/signup-BkgU37Eh.js                              5.63 kB │ gzip:   2.54 kB
clubs-admin:build: dist/assets/admin-catalogs-dZtpqy8S.js                      5.67 kB │ gzip:   2.23 kB
clubs-admin:build: dist/assets/auth-DU3LoyRH.js                                5.70 kB │ gzip:   2.38 kB
clubs-admin:build: dist/assets/admin-catalogs-D4wG5vIy.js                      5.87 kB │ gzip:   2.26 kB
clubs-admin:build: dist/assets/signup-Bi4UbtBk.js                              5.88 kB │ gzip:   2.80 kB
clubs-admin:build: dist/assets/signup-DQ9RZKro.js                              5.97 kB │ gzip:   2.82 kB
clubs-admin:build: dist/assets/admin-activities-Cmq1QEmn.js                    6.01 kB │ gzip:   2.42 kB
clubs-admin:build: dist/assets/admin-activities-p-Yew4Zm.js                    6.17 kB │ gzip:   2.62 kB
clubs-admin:build: dist/assets/census-BOHKi2ap.js                              6.29 kB │ gzip:   2.46 kB
clubs-admin:build: dist/assets/admin-activities-7OuSwNid.js                    6.38 kB │ gzip:   2.68 kB
clubs-admin:build: dist/assets/census-DzCi7EDA.js                              6.62 kB │ gzip:   2.71 kB
clubs-admin:build: dist/assets/census-JNndoYUQ.js                              6.81 kB │ gzip:   2.75 kB
clubs-admin:build: dist/assets/admin-scheduling-nhXWwjRG.js                    8.23 kB │ gzip:   3.04 kB
clubs-admin:build: dist/assets/admin-scheduling-DeLeUPtJ.js                    8.64 kB │ gzip:   3.30 kB
clubs-admin:build: dist/assets/admin-scheduling-BhSriSnV.js                    8.64 kB │ gzip:   3.31 kB
clubs-admin:build: dist/assets/instructor-DqSBJcJV.js                          8.91 kB │ gzip:   3.23 kB
clubs-admin:build: dist/assets/instructor-D4KDOZ1r.js                          9.30 kB │ gzip:   3.45 kB
clubs-admin:build: dist/assets/instructor-Df14fZxE.js                          9.39 kB │ gzip:   3.46 kB
clubs-admin:build: dist/assets/admin-census-CBNvQfYm.js                       11.93 kB │ gzip:   4.67 kB
clubs-admin:build: dist/assets/admin-census-BiNl99UO.js                       12.70 kB │ gzip:   5.02 kB
clubs-admin:build: dist/assets/admin-census-DfiVYSD3.js                       13.08 kB │ gzip:   5.12 kB
clubs-admin:build: dist/assets/admin-settings-B1ONV6DO.js                     21.68 kB │ gzip:   7.68 kB
clubs-admin:build: dist/assets/errors-DLyAknxo.js                             21.99 kB │ gzip:   7.18 kB
clubs-admin:build: dist/assets/admin-settings-Ch6Tk865.js                     23.18 kB │ gzip:   8.29 kB
clubs-admin:build: dist/assets/errors-Bvp7svDM.js                             23.31 kB │ gzip:   7.57 kB
clubs-admin:build: dist/assets/errors-QdWmQXin.js                             23.32 kB │ gzip:   7.54 kB
clubs-admin:build: dist/assets/admin-settings-s46_PTCU.js                     23.62 kB │ gzip:   8.30 kB
clubs-admin:build: dist/assets/index-DFIC4HtW.js                           1,109.22 kB │ gzip: 388.18 kB
clubs-admin:build: 
clubs-admin:build: [33m[INEFFECTIVE_DYNAMIC_IMPORT] [0m../../packages/i18n/src/locales/ca/common.json is dynamically imported by ../../packages/i18n/src/resources.ts but also statically imported by ../../packages/i18n/src/catalog.ts, dynamic import will not move module into another chunk.
clubs-admin:build: 
clubs-admin:build: [plugin builtin:vite-reporter] 
clubs-admin:build: (!) Some chunks are larger than 500 kB after minification. Consider:
clubs-admin:build: - Using dynamic import() to code-split the application
clubs-admin:build: - Use build.rolldownOptions.output.codeSplitting to improve chunking: https://rolldown.rs/reference/OutputOptions.codeSplitting
clubs-admin:build: - Adjust chunk size limit for this warning via build.chunkSizeWarningLimit.
clubs-admin:build: [33m[INEFFECTIVE_DYNAMIC_IMPORT] [0m../../packages/i18n/src/locales/ca/shell.json is dynamically imported by ../../packages/i18n/src/resources.ts but also statically imported by ../../packages/i18n/src/catalog.ts, dynamic import will not move module into another chunk.
clubs-admin:build: 
clubs-admin:build: [33m[INEFFECTIVE_DYNAMIC_IMPORT] [0m../../packages/i18n/src/locales/en/common.json is dynamically imported by ../../packages/i18n/src/resources.ts but also statically imported by ../../packages/i18n/src/catalog.ts, dynamic import will not move module into another chunk.
clubs-admin:build: 
clubs-admin:build: [33m[INEFFECTIVE_DYNAMIC_IMPORT] [0m../../packages/i18n/src/locales/en/shell.json is dynamically imported by ../../packages/i18n/src/resources.ts but also statically imported by ../../packages/i18n/src/catalog.ts, dynamic import will not move module into another chunk.
clubs-admin:build: 
clubs-admin:build: [33m[INEFFECTIVE_DYNAMIC_IMPORT] [0m../../packages/i18n/src/locales/es/common.json is dynamically imported by ../../packages/i18n/src/resources.ts but also statically imported by ../../packages/i18n/src/catalog.ts, dynamic import will not move module into another chunk.
clubs-admin:build: 
clubs-admin:build: [33m[INEFFECTIVE_DYNAMIC_IMPORT] [0m../../packages/i18n/src/locales/es/shell.json is dynamically imported by ../../packages/i18n/src/resources.ts but also statically imported by ../../packages/i18n/src/catalog.ts, dynamic import will not move module into another chunk.
clubs-admin:build: 
clubs-admin:build: ✓ built in 855ms
clubs-admin:test:  [32m✓[39m src/planning/calendar-literals.test.ts [2m([22m[2m2 tests[22m[2m)[22m[32m 82[2mms[22m[39m
clubs-admin:test:  [32m✓[39m src/planning/calendar-shared.test.ts [2m([22m[2m8 tests[22m[2m)[22m[32m 109[2mms[22m[39m
clubs-admin:test:  [32m✓[39m src/planning/description.test.ts [2m([22m[2m7 tests[22m[2m)[22m[32m 146[2mms[22m[39m
clubs-admin:test:  [32m✓[39m src/planning/plain-dates.test.ts [2m([22m[2m9 tests[22m[2m)[22m[32m 58[2mms[22m[39m
clubs-admin:test:  [32m✓[39m src/catalogs/derived-settings.test.ts [2m([22m[2m2 tests[22m[2m)[22m[32m 3[2mms[22m[39m
clubs-admin:test:  [32m✓[39m src/planning/TemplateDayPage.test.tsx [2m([22m[2m7 tests[22m[2m)[22m[33m 1973[2mms[22m[39m
clubs-admin:test:    [32m✓[39m T-06-27 D3b day view per ring / per instructor [2m(7)[22m
clubs-admin:test:      [33m[2m✓[22m[39m shows only the rings used that day in catalog order, plus «Sense» when a class has no ring[33m 817[2mms[22m[39m
clubs-admin:test:      [33m[2m✓[22m[39m switches to one column per instructor with a class that day[33m 311[2mms[22m[39m
clubs-admin:test:  [32m✓[39m src/census/NotificationPreferencesBlock.test.tsx [2m([22m[2m6 tests[22m[2m)[22m[33m 1349[2mms[22m[39m
clubs-admin:test:    [32m✓[39m T-11-38 D10 «Preferències d'avisos» (S11 §2, R-11-04) [2m(6)[22m
clubs-admin:test:      [33m[2m✓[22m[39m renders D10's wording: the four categories (the fourth CLUB_NEWS row), the App tick always on, «+SMS», the reminder «Mai» with the six options, the push toggle and «Avisos enviats ›»[33m 401[2mms[22m[39m
clubs-admin:test:      [33m[2m✓[22m[39m each change shows at once and the changes of 300 ms travel as one partial PUT[33m 397[2mms[22m[39m
clubs-admin:test:      [33m[2m✓[22m[39m a refused save (422 INVALID_REMINDER_OPTION) puts back what the api holds and says why[33m 341[2mms[22m[39m
clubs-admin:test:  [32m✓[39m src/planning/CalendarDayPage.test.tsx [2m([22m[2m2 tests[22m[2m)[22m[33m 643[2mms[22m[39m
clubs-admin:test:    [32m✓[39m T-06-28 D4 day view (/calendari/dia/:date, form D) [2m(2)[22m
clubs-admin:test:      [33m[2m✓[22m[39m takes the api's «Sense» column as delivered and never adds its own[33m 465[2mms[22m[39m
clubs-admin:test:  [32m✓[39m src/catalogs/ClubPagesCard.test.tsx [2m([22m[2m2 tests[22m[2m)[22m[33m 670[2mms[22m[39m
clubs-admin:test:    [32m✓[39m T-05-CP-07 club page editor [2m(2)[22m
clubs-admin:test:      [33m[2m✓[22m[39m warns about provisional text and confirms the next consent version before publishing[33m 524[2mms[22m[39m
clubs:test:  [32m✓[39m src/training/TrainingPage.test.tsx [2m([22m[2m21 tests[22m[2m)[22m[33m 20461[2mms[22m[39m
clubs:test:    [32m✓[39m T-09-37 screen 08 exists only with a dog allowed to train alone [2m(3)[22m
clubs:test:      [33m[2m✓[22m[39m without eligible dogs the tab is absent and /entrenaments goes back to 03[33m 3042[2mms[22m[39m
clubs:test:      [33m[2m✓[22m[39m with Rock and Toby the tab exists and Rock (defaultDogId) is the selected chip[33m 1240[2mms[22m[39m
clubs:test:      [33m[2m✓[22m[39m FREE_TRAINING off: no tab, and the route shows nothing of the module[33m 951[2mms[22m[39m
clubs:test:    [32m✓[39m T-09-38 screen 08 grid, «Qualsevol» and the confirmation [2m(4)[22m
clubs:test:      [33m[2m✓[22m[39m draws the api's cells: free outlined and pressable, struck, «classe» dimmed[33m 1308[2mms[22m[39m
clubs:test:      [33m[2m✓[22m[39m «Qualsevol» with two free rings asks which one, Muntanya first, and books with it[33m 2309[2mms[22m[39m
clubs:test:      [33m[2m✓[22m[39m the counter card reads the selected day's week and follows the dog[33m 1240[2mms[22m[39m
clubs:test:      [33m[2m✓[22m[39m a closed day says so and draws no grid[33m 641[2mms[22m[39m
clubs:test:    [32m✓[39m T-09-39 screen 08 at the weekly limit (R-09-05) [2m(2)[22m
clubs:test:      [33m[2m✓[22m[39m with cancellable sessions: no button, the message and a link to each[33m 1073[2mms[22m[39m
clubs:test:      [33m[2m✓[22m[39m without any cancellable session: the short message[33m 654[2mms[22m[39m
clubs:test:    [32m✓[39m screen 08 refusals by code (S09 §6, R-09-06) [2m(5)[22m
clubs:test:      [33m[2m✓[22m[39m 409 SLOT_TAKEN: the message, the grid read again and the api's free rings offered[33m 1067[2mms[22m[39m
clubs:test:      [33m[2m✓[22m[39m 409 TRAINING_LIMIT_REACHED on a stale counter: the R-09-05 message from the details[33m 717[2mms[22m[39m
clubs:test:      [33m[2m✓[22m[39m 422 codes show their message by code, never the api's text[33m 738[2mms[22m[39m
clubs:test:      [33m[2m✓[22m[39m while the booking is sent the button is busy and the grid, days and dogs are inert[33m 1072[2mms[22m[39m
clubs:test:      [33m[2m✓[22m[39m a lost answer keeps its Idempotency-Key for the retry; an answer drops it[33m 1114[2mms[22m[39m
clubs:test:    [32m✓[39m screen 08 without network (S09 §2 «sense connexió») [2m(1)[22m
clubs:test:      [33m[2m✓[22m[39m keeps the last grid marked «pot no estar al dia» and blocks the booking[33m 591[2mms[22m[39m
clubs:test:    [32m✓[39m E5-W02 round 2 · review #1: the offline copy of 08 is per club and person (S09 §6) [2m(2)[22m
clubs:test:      [33m[2m✓[22m[39m A's answers never show for B after a network failure, and B's session drops A's copy[33m 487[2mms[22m[39m
clubs:test:      [33m[2m✓[22m[39m an impersonated session never reads the answers the account's own session kept[33m 495[2mms[22m[39m
clubs:test:    [32m✓[39m E5-W02 round 2 · review #3: the tab follows the member's rights (R-09-01, S09 §7) [2m(3)[22m
clubs:test:      [33m[2m✓[22m[39m rights granted while away: the tab appears when the app regains focus[33m 598[2mms[22m[39m
clubs:test:      [33m[2m✓[22m[39m rights revoked while away: the tab goes when the app regains focus[33m 330[2mms[22m[39m
clubs:test:      [33m[2m✓[22m[39m a MODULE_DISABLED from any training read asks the rights again, and the tab goes[33m 343[2mms[22m[39m
clubs:test:    [32m✓[39m E5-W02 round 2 · review #4: a failed counter (S09 §2 states) [2m(1)[22m
clubs:test:      [33m[2m✓[22m[39m shows its error and retry, and [Confirma] stays disabled until the summary is there[33m 442[2mms[22m[39m
clubs-admin:test:  [32m✓[39m src/followup/followup.test.tsx [2m([22m[2m18 tests[22m[2m)[22m[33m 5647[2mms[22m[39m
clubs-admin:test:    [32m✓[39m T-10-30 D14 «Seguiment alumnes» (S10 §2, R-10-13) [2m(7)[22m
clubs-admin:test:      [33m[2m✓[22m[39m mockup D14 for an ADMIN: «5 pendents de llegir», the columns, the five rows highlighted and in the api's order, the authors by gender and the completed task[33m 816[2mms[22m[39m
clubs-admin:test:      [33m[2m✓[22m[39m for the instructor the api's order puts the three unread rows first (her own tasks are not unread) and the counter reads 3[33m 347[2mms[22m[39m
clubs-admin:test:      [33m[2m✓[22m[39m the three chips map to filter=kind:eq:TASK, kind:eq:MEMBER_NOTE and no kind filter[33m 544[2mms[22m[39m
clubs-admin:test:      [33m[2m✓[22m[39m «Marcar-ho tot com a llegit» calls read-all with its key, puts the counter at 0 and reads the list again[33m 363[2mms[22m[39m
clubs-admin:test:      [33m[2m✓[22m[39m a row click calls read for that row, drops its highlight and the counter at once, and opens D13 (the dog's record)[33m 481[2mms[22m[39m
clubs-admin:test:    [32m✓[39m E6-W03 round 2: D14's reads (R-10-13) and its filter values [2m(5)[22m
clubs-admin:test:      [33m[2m✓[22m[39m #1 (review #2): a refused read puts the row back unread and the counter back, and says why with a retry that sends it again[33m 611[2mms[22m[39m
clubs-admin:test:      [33m[2m✓[22m[39m #1: the read belongs to the shell, so its failure is said on D13, where the user already is[33m 365[2mms[22m[39m
clubs-admin:test:      [33m[2m✓[22m[39m #1: a read that got no answer says so, and its retry keeps the key[33m 313[2mms[22m[39m
clubs-admin:test:      [33m[2m✓[22m[39m #3 (review #4): a note updated while D14 is open still shows «llegit»; a click on its row sends the read[33m 376[2mms[22m[39m
clubs-admin:test:      [33m[2m✓[22m[39m #5 (review #1): «Tipus» and «Pendent de llegir» offer the contract's values with the api's counts, also when the first page holds only unread notes[33m 360[2mms[22m[39m
clubs-admin:test:  [32m✓[39m src/instructor/week-agenda.test.tsx [2m([22m[2m16 tests[22m[2m)[22m[33m 7973[2mms[22m[39m
clubs-admin:test:    [32m✓[39m T-10-29 D12 «Agenda de la setmana» (S10 §2, R-10-15) [2m(7)[22m
clubs-admin:test:      [33m[2m✓[22m[39m mockup D12: «‹ Setmana actual › del 10 al 15 d'agost», dl–ds, the rows at their hour lines, a training at half height, the block with its reason and note, the classes as delivered[33m 1583[2mms[22m[39m
clubs-admin:test:      [33m[2m✓[22m[39m the filters change the query without hiding trainings or blocks; the arrows move ±7 days through ?setmana=[33m 1169[2mms[22m[39m
clubs-admin:test:      [33m[2m✓[22m[39m a click on a class opens its list under the grid: the header, the names linked to D13, the level, the tasks, the status lines and the waiting list[33m 503[2mms[22m[39m
clubs-admin:test:      [33m[2m✓[22m[39m the badge cycles «— → present → avisat → no presentat → —» and stops on a final row; [DESA LA LLISTA] sends only the changed rows with the current version and a new key[33m 1176[2mms[22m[39m
clubs-admin:test:      [33m[2m✓[22m[39m 409 STALE_VERSION: the toast, the other person's change kept, and only the caller's edit sent again with the new version[33m 828[2mms[22m[39m
clubs-admin:test:    [32m✓[39m E6-W03 step 11 on D12 (E6-W01 round-2 review #1, R-10-03, R-10-04): the draft after a refusal [2m(1)[22m
clubs-admin:test:      [33m[2m✓[22m[39m a PUT refused with 422 ATTENDANCE_WINDOW_CLOSED whose re-read is closed leaves no choice behind, the badges inert and [DESA LA LLISTA] disabled[33m 410[2mms[22m[39m
clubs-admin:test:    [32m✓[39m E6-W03 step 4 the panel survives the way to D13 and back (?setmana= and the choices) [2m(1)[22m
clubs-admin:test:      [33m[2m✓[22m[39m a name opens D13 with a normal navigation; back on /agenda the week, the class and the unsaved choice are there, rebased on the list read again[33m 440[2mms[22m[39m
clubs-admin:test:    [32m✓[39m E6-W03 D12 after a write: what the grid shows and what the panel keeps [2m(3)[22m
clubs-admin:test:      [33m[2m✓[22m[39m a save reads the week again: the class's «passar llista pendent» mark goes, and the panel stays with «Llista desada»[33m 303[2mms[22m[39m
clubs:test:  [32m✓[39m src/SignupPage.test.tsx [2m([22m[2m99 tests[22m[2m)[22m[33m 24379[2mms[22m[39m
clubs:test:    [32m✓[39m T-04-29 signup person and draft [2m(7)[22m
clubs:test:      [33m[2m✓[22m[39m persists a current draft, expires it after 24 hours and maps identity states[33m 1339[2mms[22m[39m
clubs:test:      [33m[2m✓[22m[39m keeps the draft and refetches localized configuration after a language change[33m 367[2mms[22m[39m
clubs:test:      [33m[2m✓[22m[39m masks and validates the browser-independent birth date control[33m 998[2mms[22m[39m
clubs:test:      [33m[2m✓[22m[39m M2 checks the ES postal code and a past birth date from 1900 before any request[33m 1779[2mms[22m[39m
clubs:test:      [33m[2m✓[22m[39m focuses the first error after it renders and links each field to its message[33m 506[2mms[22m[39m
clubs:test:      [33m[2m✓[22m[39m GENERIC profile: the first document type of the profile and an editable prefix[33m 898[2mms[22m[39m
clubs:test:    [32m✓[39m T-04-30 signup dog, uploads, plans and module gates [2m(5)[22m
clubs:test:      [33m[2m✓[22m[39m uploads sequentially named vaccination pages and renders API plans[33m 777[2mms[22m[39m
clubs:test:      [33m[2m✓[22m[39m removes amounts without BILLING and the family offer and step without FAMILY_GROUP[33m 456[2mms[22m[39m
clubs:test:      [33m[2m✓[22m[39m validates and normalises the chip per country profile and the birth month[33m 605[2mms[22m[39m
clubs:test:    [32m✓[39m T-04-31 signup family lookup [2m(3)[22m
clubs:test:      [33m[2m✓[22m[39m continues empty, resolves the fixture family and supports a pending lookup[33m 785[2mms[22m[39m
clubs:test:      [33m[2m✓[22m[39m keeps the dog draft when returning from the family step[33m 566[2mms[22m[39m
clubs:test:    [32m✓[39m T-04-32 signup payment, checkout and add-dog mode [2m(12)[22m
clubs:test:      [33m[2m✓[22m[39m renders API totals and payment conditions and submits only after privacy consent[33m 596[2mms[22m[39m
clubs:test:      [33m[2m✓[22m[39m shows each payment text only under its method (T-04-32, M7 web half)[33m 528[2mms[22m[39m
clubs:test:      [33m[2m✓[22m[39m redirects through checkout when Stripe is enabled[33m 314[2mms[22m[39m
clubs:test:      [33m[2m✓[22m[39m sends notesToInstructors from 17 and holderTaxId from 19 (§2, §3)[33m 367[2mms[22m[39m
clubs:test:      [33m[2m✓[22m[39m checks the IBAN mod-97 before sending[33m 301[2mms[22m[39m
clubs:test:      [33m[2m✓[22m[39m omits planId and planIdRequested when the club has no signup plans (R-04-09)[33m 424[2mms[22m[39m
clubs:test:      [33m[2m✓[22m[39m reads the image-consent text from texts.imageConsent, then legal.imageConsentText[33m 320[2mms[22m[39m
clubs:test:    [32m✓[39m M1 stable retries (CONVENCIONS_API §7, R-04-26/27) [2m(4)[22m
clubs:test:      [33m[2m✓[22m[39m changing a payload field after a failure uses a new key[33m 368[2mms[22m[39m
clubs:test:      [33m[2m✓[22m[39m a cancelled checkout returns to 19 with the data and retries only the checkout[33m 349[2mms[22m[39m
clubs:test:    [32m✓[39m M2 api errors land on their field and step (§2, CATALEG_ERRORS) [2m(18)[22m
clubs:test:      [33m[2m✓[22m[39m INVALID_IBAN (400) → undefined[33m 353[2mms[22m[39m
clubs:test:      [33m[2m✓[22m[39m CONSENT_VERSION_OUTDATED (422) → undefined[33m 343[2mms[22m[39m
clubs:test:    [32m✓[39m E3-W06 round 2 [2m(9)[22m
clubs:test:      [33m[2m✓[22m[39m #2 after a cancelled checkout 19 is read-only and the retry charges the committed signup[33m 375[2mms[22m[39m
clubs:test:      [33m[2m✓[22m[39m #5 the birth date is checked against the club's today, not the browser's[33m 331[2mms[22m[39m
clubs:test:    [32m✓[39m E3-W08 step 7: the three narrow cases of the E3-W06 round-2 review [2m(5)[22m
clubs:test:      [33m[2m✓[22m[39m #1 a slow full page load: the departing page never renders nor consumes the destination's error[33m 420[2mms[22m[39m
clubs:test: 
clubs:test: [31m⎯⎯⎯⎯⎯⎯⎯[39m[1m[41m Failed Tests 1 [49m[22m[31m⎯⎯⎯⎯⎯⎯⎯[39m
clubs:test: 
clubs:test: [41m[1m FAIL [22m[49m src/instructor/instructor.test.tsx[2m > [22mT-10-27 screen 20 «Grups del dia» (S10 §2, R-10-01)[2m > [22mmockup 20: the day chips, each class with n/n, the hourglass and its second line, the legend and the block with its reason and note
clubs:test: [31m[1mTestingLibraryElementError[22m: Unable to find a label with the text of: Instructor
clubs:test: 
clubs:test: Ignored nodes: comments, script, style
clubs:test: [36m<body>[31m
clubs:test:   [36m<div>[31m
clubs:test:     [36m<section[31m
clubs:test:       [33mclass[31m=[32m"instructor-screen instructor-day"[31m
clubs:test:     [36m>[31m
clubs:test:       [36m<header[31m
clubs:test:         [33mclass[31m=[32m"ah-app-bar instructor-screen__bar"[31m
clubs:test:       [36m>[31m
clubs:test:         [36m<div[31m
clubs:test:           [33mclass[31m=[32m"ah-app-bar__side"[31m
clubs:test:         [36m/>[31m
clubs:test:         [36m<div[31m
clubs:test:           [33mclass[31m=[32m"ah-app-bar__title"[31m
clubs:test:         [36m>[31m
clubs:test:           [36m<h1>[31m
clubs:test:             [0mGrups del dia[0m
clubs:test:           [36m</h1>[31m
clubs:test:         [36m</div>[31m
clubs:test:         [36m<div[31m
clubs:test:           [33mclass[31m=[32m"ah-app-bar__side ah-app-bar__side--end"[31m
clubs:test:         [36m/>[31m
clubs:test:       [36m</header>[31m
clubs:test:       [36m<div[31m
clubs:test:         [33maria-label[31m=[32m"Carregant el dia"[31m
clubs:test:         [33mclass[31m=[32m"ah-skeleton instructor-screen__skeleton"[31m
clubs:test:         [33mrole[31m=[32m"status"[31m
clubs:test:         [33mstyle[31m=[32m"height: 14rem;"[31m
clubs:test:       [36m/>[31m
clubs:test:     [36m</section>[31m
clubs:test:   [36m</div>[31m
clubs:test: [36m</body>[31m[39m
clubs:test: [90m [2m❯[22m Object.getElementError ../../node_modules/.pnpm/@testing-library+dom@10.4.1/node_modules/@testing-library/dom/dist/config.js:[2m37:19[22m[39m
clubs:test: [90m [2m❯[22m getAllByLabelText ../../node_modules/.pnpm/@testing-library+dom@10.4.1/node_modules/@testing-library/dom/dist/queries/label-text.js:[2m111:38[22m[39m
clubs:test: [90m [2m❯[22m ../../node_modules/.pnpm/@testing-library+dom@10.4.1/node_modules/@testing-library/dom/dist/query-helpers.js:[2m52:17[22m[39m
clubs:test: [90m [2m❯[22m ../../node_modules/.pnpm/@testing-library+dom@10.4.1/node_modules/@testing-library/dom/dist/query-helpers.js:[2m95:19[22m[39m
clubs:test: [36m [2m❯[22m src/instructor/instructor.test.tsx:[2m167:19[22m[39m
clubs:test: 
clubs:test:     [90m165|[39m     await dayPage();
clubs:test:     [90m166|[39m     expect(await screen.findByRole("heading", { level: 1, name: "Grups…
clubs:test:     [90m167|[39m     expect(screen.getByLabelText("Instructor")).toHaveValue("instructo…
clubs:test:     [90m   |[39m                   [31m^[39m
clubs:test:     [90m168|[39m     const chips = within(screen.getByRole("group", { name: "Dies" })).…
clubs:test:     [90m169|[39m     expect(chips.map((chip) => chip.textContent)).toEqual([
clubs:test: 
clubs:test: [31m[2m⎯⎯⎯⎯⎯⎯⎯⎯⎯⎯⎯⎯⎯⎯⎯⎯⎯⎯⎯⎯⎯⎯⎯⎯[1/1]⎯[22m[39m
clubs:test: 
clubs:test: [2m Test Files [22m [1m[31m1 failed[39m[22m[2m | [22m[1m[32m23 passed[39m[22m[90m (24)[39m
clubs:test: [2m      Tests [22m [1m[31m1 failed[39m[22m[2m | [22m[1m[32m423 passed[39m[22m[90m (424)[39m
clubs:test: [2m   Start at [22m 20:24:29
clubs:test: [2m   Duration [22m 35.00s[2m (tests 48%, transform 21%, environment 20%, import 7%, setup 5%)[22m
clubs:test: 
clubs:test:  ELIFECYCLE  Test failed. See above for more details.
clubs-admin:test:  ELIFECYCLE  Test failed. See above for more details.
clubs#test:  ERROR  command (/Users/jordib/dev/agilityhub/agilityhub-core-web/apps/clubs) /Users/jordib/.nvm/versions/node/v24.15.0/bin/pnpm run test exited (1)

 Tasks:    30 successful, 34 total
Cached:    0 cached, 34 total
  Time:    1m2.408s 
Failed:    clubs#test

 ERROR  run failed: command  exited (1)
