• turbo 2.10.12

   • Packages in scope: @agilityhub/api-client, @agilityhub/auth, @agilityhub/config, @agilityhub/course-core, @agilityhub/i18n, @agilityhub/shared-types, @agilityhub/ui, clubs, clubs-admin, id
   • Running lint, typecheck, test, build in 10 packages
   • Remote caching disabled

@agilityhub/api-client:typecheck: cache bypass, force executing c3863c6a01c163e8
clubs-admin:lint: cache bypass, force executing a671804e63c6b7b4
clubs:lint: cache bypass, force executing ae790b8a66a86ca3
@agilityhub/i18n:lint: cache bypass, force executing 6f1d3683f2bbe59a
id:lint: cache bypass, force executing 22651cf71461790e
@agilityhub/shared-types:lint: cache bypass, force executing d383151fe730994b
@agilityhub/ui:lint: cache bypass, force executing f296089d03b2e10d
@agilityhub/api-client:lint: cache bypass, force executing 4cc69480be94200c
@agilityhub/ui:typecheck: cache bypass, force executing 27b8d148ecd3af7a
@agilityhub/course-core:lint: cache bypass, force executing ef70bf6c19ae37ee
@agilityhub/api-client:lint: 
@agilityhub/api-client:lint: > @agilityhub/api-client@0.0.0 lint /Users/jordib/dev/agilityhub/agilityhub-core-web/packages/api-client
@agilityhub/api-client:lint: > eslint src --ignore-pattern src/generated/** --max-warnings 0 --config ../../eslint.config.mjs
@agilityhub/api-client:lint: 
@agilityhub/shared-types:lint: 
@agilityhub/shared-types:lint: > @agilityhub/shared-types@0.0.1 lint /Users/jordib/dev/agilityhub/agilityhub-core-web/packages/shared-types
@agilityhub/shared-types:lint: > eslint src tests --max-warnings 0 --config ../../eslint.config.mjs
@agilityhub/shared-types:lint: 
@agilityhub/ui:lint: 
@agilityhub/ui:lint: > @agilityhub/ui@0.0.0 lint /Users/jordib/dev/agilityhub/agilityhub-core-web/packages/ui
@agilityhub/ui:lint: > eslint src --max-warnings 0 --config ../../eslint.config.mjs
@agilityhub/ui:lint: 
clubs-admin:lint: 
clubs-admin:lint: > clubs-admin@0.0.0 lint /Users/jordib/dev/agilityhub/agilityhub-core-web/apps/clubs-admin
clubs-admin:lint: > eslint . --max-warnings 0 --config ../../eslint.config.mjs
clubs-admin:lint: 
id:lint: 
id:lint: > id@0.0.0 lint /Users/jordib/dev/agilityhub/agilityhub-core-web/apps/id
id:lint: > eslint . --max-warnings 0 --config ../../eslint.config.mjs
id:lint: 
clubs:lint: 
clubs:lint: > clubs@0.0.0 lint /Users/jordib/dev/agilityhub/agilityhub-core-web/apps/clubs
clubs:lint: > eslint . --max-warnings 0 --config ../../eslint.config.mjs
clubs:lint: 
@agilityhub/i18n:lint: 
@agilityhub/i18n:lint: > @agilityhub/i18n@0.0.0 lint /Users/jordib/dev/agilityhub/agilityhub-core-web/packages/i18n
@agilityhub/i18n:lint: > eslint src --max-warnings 0 --config ../../eslint.config.mjs
@agilityhub/i18n:lint: 
@agilityhub/course-core:lint: 
@agilityhub/course-core:lint: > @agilityhub/course-core@0.0.1 lint /Users/jordib/dev/agilityhub/agilityhub-core-web/packages/course-core
@agilityhub/course-core:lint: > eslint src tests --max-warnings 0 --config ../../eslint.config.mjs
@agilityhub/course-core:lint: 
@agilityhub/ui:typecheck: 
@agilityhub/ui:typecheck: > @agilityhub/ui@0.0.0 typecheck /Users/jordib/dev/agilityhub/agilityhub-core-web/packages/ui
@agilityhub/ui:typecheck: > tsc --noEmit
@agilityhub/ui:typecheck: 
@agilityhub/api-client:typecheck: 
@agilityhub/api-client:typecheck: > @agilityhub/api-client@0.0.0 typecheck /Users/jordib/dev/agilityhub/agilityhub-core-web/packages/api-client
@agilityhub/api-client:typecheck: > tsc --noEmit
@agilityhub/api-client:typecheck: 
@agilityhub/course-core:test: cache bypass, force executing 1c26edab867f42c5
@agilityhub/course-core:test: 
@agilityhub/course-core:test: > @agilityhub/course-core@0.0.1 test /Users/jordib/dev/agilityhub/agilityhub-core-web/packages/course-core
@agilityhub/course-core:test: > vitest run
@agilityhub/course-core:test: 
@agilityhub/course-core:test: 
@agilityhub/course-core:test: [1m[30m[46m RUN [49m[39m[22m [36mv5.0.0 [39m[90m/Users/jordib/dev/agilityhub/agilityhub-core-web/packages/course-core[39m
@agilityhub/course-core:test: 
@agilityhub/course-core:test:  [32m✓[39m tests/geometry-primitives.test.ts [2m([22m[2m15 tests[22m[2m)[22m[32m 7[2mms[22m[39m
@agilityhub/course-core:test:  [32m✓[39m tests/marker-id.test.ts [2m([22m[2m11 tests[22m[2m)[22m[32m 8[2mms[22m[39m
@agilityhub/course-core:test:  [32m✓[39m tests/calibration.test.ts [2m([22m[2m9 tests[22m[2m)[22m[32m 6[2mms[22m[39m
@agilityhub/course-core:test:  [32m✓[39m tests/coords.test.ts [2m([22m[2m5 tests[22m[2m)[22m[32m 5[2mms[22m[39m
@agilityhub/course-core:test:  [32m✓[39m tests/geometry-transform.test.ts [2m([22m[2m6 tests[22m[2m)[22m[32m 4[2mms[22m[39m
@agilityhub/course-core:test:  [32m✓[39m tests/wrapper.test.ts [2m([22m[2m5 tests[22m[2m)[22m[32m 4[2mms[22m[39m
@agilityhub/course-core:test:  [32m✓[39m tests/apriltag-36h11.test.ts [2m([22m[2m31 tests[22m[2m)[22m[32m 35[2mms[22m[39m
@agilityhub/course-core:test:  [32m✓[39m tests/marker-svg.test.ts [2m([22m[2m29 tests[22m[2m)[22m[32m 13[2mms[22m[39m
@agilityhub/course-core:test:  [32m✓[39m tests/ring.test.ts [2m([22m[2m7 tests[22m[2m)[22m[32m 6[2mms[22m[39m
@agilityhub/course-core:test:  [32m✓[39m tests/parse-smarter-colors-txt.test.ts [2m([22m[2m6 tests[22m[2m)[22m[32m 4[2mms[22m[39m
@agilityhub/course-core:test:  [32m✓[39m tests/placement.test.ts [2m([22m[2m20 tests[22m[2m)[22m[32m 5[2mms[22m[39m
@agilityhub/course-core:test:  [32m✓[39m tests/summarize-course.test.ts [2m([22m[2m8 tests[22m[2m)[22m[32m 10[2mms[22m[39m
@agilityhub/course-core:test:  [32m✓[39m tests/smarter-writer.test.ts [2m([22m[2m8 tests[22m[2m)[22m[32m 11[2mms[22m[39m
@agilityhub/course-core:test:  [32m✓[39m tests/parse-smarter-txt.test.ts [2m([22m[2m113 tests[22m[2m)[22m[32m 24[2mms[22m[39m
@agilityhub/course-core:test:  [32m✓[39m tests/units.test.ts [2m([22m[2m5 tests[22m[2m)[22m[32m 4[2mms[22m[39m
@agilityhub/course-core:test:  [32m✓[39m tests/warnings-engine.test.ts [2m([22m[2m13 tests[22m[2m)[22m[32m 6[2mms[22m[39m
@agilityhub/course-core:test:  [32m✓[39m tests/warnings-rules.test.ts [2m([22m[2m26 tests[22m[2m)[22m[32m 18[2mms[22m[39m
@agilityhub/course-core:test:  [32m✓[39m tests/smarter-fixtures.test.ts [2m([22m[2m25 tests[22m[2m)[22m[32m 18[2mms[22m[39m
@agilityhub/course-core:test: 
@agilityhub/course-core:test: [2m Test Files [22m [1m[32m18 passed[39m[22m[90m (18)[39m
@agilityhub/course-core:test: [2m      Tests [22m [1m[32m342 passed[39m[22m[90m (342)[39m
@agilityhub/course-core:test: [2m   Start at [22m 18:37:32
@agilityhub/course-core:test: [2m   Duration [22m 778ms[2m (transform 80%, import 14%, tests 4%, worker 2%)[22m
@agilityhub/course-core:test: 
@agilityhub/course-core:test: [2m  Transform [22m [33mtransforming modules took 4.04s[39m[2m · 80% of tracked time, re-done on every run[22m
@agilityhub/course-core:test: [2m            [22m [2mpersist transforms across runs with [22m[33mfsModuleCache: true[39m
@agilityhub/course-core:test: [2m            [22m [2mlearn more: https://vitest.dev/guide/improving-performance#caching-between-reruns[22m
@agilityhub/course-core:test: 
@agilityhub/config:lint: cache bypass, force executing 42ac5d636417f38d
@agilityhub/config:lint: 
@agilityhub/config:lint: > @agilityhub/config@0.0.0 lint /Users/jordib/dev/agilityhub/agilityhub-core-web/packages/config
@agilityhub/config:lint: > eslint . --max-warnings 0 --config ../../eslint.config.mjs
@agilityhub/config:lint: 
@agilityhub/api-client:test: cache bypass, force executing c123e81fc16bbb87
@agilityhub/course-core:typecheck: cache bypass, force executing 671f426b6643ad21
@agilityhub/api-client:test: 
@agilityhub/api-client:test: > @agilityhub/api-client@0.0.0 test /Users/jordib/dev/agilityhub/agilityhub-core-web/packages/api-client
@agilityhub/api-client:test: > vitest run
@agilityhub/api-client:test: 
@agilityhub/course-core:typecheck: 
@agilityhub/course-core:typecheck: > @agilityhub/course-core@0.0.1 typecheck /Users/jordib/dev/agilityhub/agilityhub-core-web/packages/course-core
@agilityhub/course-core:typecheck: > tsc --noEmit
@agilityhub/course-core:typecheck: 
@agilityhub/api-client:test: 
@agilityhub/api-client:test: [1m[30m[46m RUN [49m[39m[22m [36mv5.0.0 [39m[90m/Users/jordib/dev/agilityhub/agilityhub-core-web/packages/api-client[39m
@agilityhub/api-client:test: 
@agilityhub/course-core:build: cache bypass, force executing 431d96cbc72fd83b
@agilityhub/config:typecheck: cache bypass, force executing 6860c83ceac65ae7
@agilityhub/course-core:build: 
@agilityhub/course-core:build: > @agilityhub/course-core@0.0.1 build /Users/jordib/dev/agilityhub/agilityhub-core-web/packages/course-core
@agilityhub/course-core:build: > tsc -p tsconfig.build.json
@agilityhub/course-core:build: 
@agilityhub/auth:lint: cache bypass, force executing 2925197e67cefb4b
@agilityhub/config:typecheck: 
@agilityhub/config:typecheck: > @agilityhub/config@0.0.0 typecheck /Users/jordib/dev/agilityhub/agilityhub-core-web/packages/config
@agilityhub/config:typecheck: > node --check eslint.config.mjs && node --check prettier.config.mjs && node --check scripts/prepare-husky.mjs
@agilityhub/config:typecheck: 
@agilityhub/ui:test: cache bypass, force executing e716280317ffcd15
@agilityhub/auth:lint: 
@agilityhub/auth:lint: > @agilityhub/auth@0.0.0 lint /Users/jordib/dev/agilityhub/agilityhub-core-web/packages/auth
@agilityhub/auth:lint: > eslint src --max-warnings 0 --config ../../eslint.config.mjs
@agilityhub/auth:lint: 
@agilityhub/api-client:test:  [32m✓[39m src/mocks/club-settings-handlers.test.ts [2m([22m[2m1 test[22m[2m)[22m[32m 74[2mms[22m[39m
@agilityhub/api-client:test:  [32m✓[39m src/mocks/auth-handoff.test.ts [2m([22m[2m2 tests[22m[2m)[22m[33m 1790[2mms[22m[39m
@agilityhub/api-client:test:    [32m✓[39m T-01-12 E4-W16 round 2 #2 (S01 R-01-09, E47): a handoff code is single-use across page loads [2m(2)[22m
@agilityhub/api-client:test:      [33m[2m✓[22m[39m redeem code 1, reload, redeem code 2, then code 1 again → refused (the whole redemption history stays spent)[33m 1514[2mms[22m[39m
@agilityhub/api-client:test:  [32m✓[39m src/mocks/list-exports.test.ts [2m([22m[2m19 tests[22m[2m)[22m[33m 414[2mms[22m[39m
@agilityhub/ui:test: 
@agilityhub/ui:test: > @agilityhub/ui@0.0.0 test /Users/jordib/dev/agilityhub/agilityhub-core-web/packages/ui
@agilityhub/ui:test: > vitest run
@agilityhub/ui:test: 
@agilityhub/api-client:test:  [32m✓[39m src/mocks/messaging-handlers.test.ts [2m([22m[2m7 tests[22m[2m)[22m[33m 399[2mms[22m[39m
@agilityhub/api-client:test:  [32m✓[39m src/mocks/signup-handlers.test.ts [2m([22m[2m30 tests[22m[2m)[22m[33m 573[2mms[22m[39m
@agilityhub/api-client:test:  [32m✓[39m src/mocks/followup-handlers.test.ts [2m([22m[2m16 tests[22m[2m)[22m[33m 454[2mms[22m[39m
@agilityhub/api-client:test:  [32m✓[39m src/mocks/agenda-handlers.test.ts [2m([22m[2m12 tests[22m[2m)[22m[33m 499[2mms[22m[39m
@agilityhub/api-client:test:  [32m✓[39m src/mocks/booking-handlers.test.ts [2m([22m[2m11 tests[22m[2m)[22m[33m 574[2mms[22m[39m
@agilityhub/api-client:test:  [32m✓[39m src/api-error.test.ts [2m([22m[2m4 tests[22m[2m)[22m[32m 3[2mms[22m[39m
@agilityhub/api-client:test:  [32m✓[39m src/index.test.ts [2m([22m[2m19 tests[22m[2m)[22m[33m 589[2mms[22m[39m
@agilityhub/api-client:test:  [32m✓[39m src/mocks/list-fields.test.ts [2m([22m[2m8 tests[22m[2m)[22m[32m 8[2mms[22m[39m
@agilityhub/i18n:typecheck: cache bypass, force executing 1638869c2a99119e
@agilityhub/i18n:test: cache bypass, force executing 8dd4b42d1aa181e5
@agilityhub/api-client:test:  [32m✓[39m src/mocks/attendance-handlers.test.ts [2m([22m[2m18 tests[22m[2m)[22m[33m 823[2mms[22m[39m
@agilityhub/api-client:test:  [32m✓[39m src/club-pages.test.ts [2m([22m[2m1 test[22m[2m)[22m[32m 35[2mms[22m[39m
@agilityhub/ui:test: 
@agilityhub/ui:test: [1m[30m[46m RUN [49m[39m[22m [36mv5.0.0 [39m[90m/Users/jordib/dev/agilityhub/agilityhub-core-web/packages/ui[39m
@agilityhub/ui:test: 
@agilityhub/api-client:test:  [32m✓[39m src/uploads.test.ts [2m([22m[2m4 tests[22m[2m)[22m[32m 209[2mms[22m[39m
@agilityhub/api-client:test:  [32m✓[39m src/exports.test.ts [2m([22m[2m16 tests[22m[2m)[22m[32m 131[2mms[22m[39m
@agilityhub/i18n:typecheck: 
@agilityhub/i18n:typecheck: > @agilityhub/i18n@0.0.0 typecheck /Users/jordib/dev/agilityhub/agilityhub-core-web/packages/i18n
@agilityhub/i18n:typecheck: > tsc --noEmit
@agilityhub/i18n:typecheck: 
@agilityhub/i18n:test: 
@agilityhub/i18n:test: > @agilityhub/i18n@0.0.0 test /Users/jordib/dev/agilityhub/agilityhub-core-web/packages/i18n
@agilityhub/i18n:test: > vitest run
@agilityhub/i18n:test: 
@agilityhub/api-client:test:  [32m✓[39m src/mocks/backoffice-handlers.test.ts [2m([22m[2m11 tests[22m[2m)[22m[33m 1756[2mms[22m[39m
@agilityhub/api-client:test:  [32m✓[39m src/mocks/activity-handlers.test.ts [2m([22m[2m27 tests[22m[2m)[22m[33m 1784[2mms[22m[39m
@agilityhub/api-client:test:  [32m✓[39m src/mocks/calendar-handlers.test.ts [2m([22m[2m10 tests[22m[2m)[22m[33m 1917[2mms[22m[39m
@agilityhub/api-client:test:    [32m✓[39m E4-W02 calendar MSW handlers follow the S06 contract (forms B and D) [2m(7)[22m
@agilityhub/api-client:test:      [33m[2m✓[22m[39m R-06-05 answers RING_HAS_BOOKINGS when a class or a block moves onto a training booking[33m 310[2mms[22m[39m
@agilityhub/i18n:test: 
@agilityhub/i18n:test: [1m[30m[46m RUN [49m[39m[22m [36mv5.0.0 [39m[90m/Users/jordib/dev/agilityhub/agilityhub-core-web/packages/i18n[39m
@agilityhub/i18n:test: 
@agilityhub/api-client:test:  [32m✓[39m src/mocks/day-grid-handlers.test.ts [2m([22m[2m16 tests[22m[2m)[22m[33m 2526[2mms[22m[39m
@agilityhub/i18n:test:  [32m✓[39m src/masking.test.ts [2m([22m[2m9 tests[22m[2m)[22m[32m 5[2mms[22m[39m
@agilityhub/i18n:test:  [32m✓[39m src/locale.test.ts [2m([22m[2m3 tests[22m[2m)[22m[32m 3[2mms[22m[39m
@agilityhub/i18n:test:  [32m✓[39m src/activities.test.ts [2m([22m[2m5 tests[22m[2m)[22m[32m 34[2mms[22m[39m
@agilityhub/shared-types:test: cache bypass, force executing 30c0e8b7888e66b3
@agilityhub/api-client:test:  [32m✓[39m src/mocks/training-handlers.test.ts [2m([22m[2m11 tests[22m[2m)[22m[33m 2847[2mms[22m[39m
@agilityhub/api-client:test:    [32m✓[39m E5-W02 step 9 · the S09 mock world answers as the api (S09 §6, CATALEG_ERRORS §1 and rule 0) [2m(9)[22m
@agilityhub/api-client:test:      [33m[2m✓[22m[39m POST /training-bookings: 201 with the counter, the key replays, then DOG_ALREADY_BOOKED, SLOT_TAKEN and the limit[33m 402[2mms[22m[39m
@agilityhub/api-client:test:      [33m[2m✓[22m[39m POST /ring-blocks on a mockup day: 201, the class conflict, the live bookings and the admin's cancelBookings[33m 306[2mms[22m[39m
@agilityhub/api-client:test:    [32m✓[39m E5-W02 round 2 · review #6: POST /ring-blocks is staff's on every day (S09 §6, MATRIU_PERMISOS) [2m(2)[22m
@agilityhub/api-client:test:      [33m[2m✓[22m[39m an impersonation token → 403 IMPERSONATION_DENIED, on both days, and nothing is written[33m 303[2mms[22m[39m
@agilityhub/i18n:test:  [32m✓[39m src/format.test.ts [2m([22m[2m86 tests[22m[2m)[22m[32m 51[2mms[22m[39m
@agilityhub/i18n:test:  [32m✓[39m src/index.test.ts [2m([22m[2m4 tests[22m[2m)[22m[32m 44[2mms[22m[39m
@agilityhub/i18n:test: 
@agilityhub/i18n:test: [2m Test Files [22m [1m[32m5 passed[39m[22m[90m (5)[39m
@agilityhub/i18n:test: [2m      Tests [22m [1m[32m107 passed[39m[22m[90m (107)[39m
@agilityhub/i18n:test: [2m   Start at [22m 18:37:38
@agilityhub/i18n:test: [2m   Duration [22m 1.00s[2m (transform 80%, import 13%, tests 6%, worker 1%)[22m
@agilityhub/i18n:test: 
@agilityhub/shared-types:typecheck: cache bypass, force executing c4a7a4d38f585971
@agilityhub/shared-types:test: 
@agilityhub/shared-types:test: > @agilityhub/shared-types@0.0.1 test /Users/jordib/dev/agilityhub/agilityhub-core-web/packages/shared-types
@agilityhub/shared-types:test: > vitest run
@agilityhub/shared-types:test: 
@agilityhub/ui:test:  [32m✓[39m src/attendance-contrast.test.ts [2m([22m[2m17 tests[22m[2m)[22m[32m 8[2mms[22m[39m
@agilityhub/ui:test:  [32m✓[39m src/attendance-sheet.test.tsx [2m([22m[2m4 tests[22m[2m)[22m[32m 258[2mms[22m[39m
@agilityhub/ui:test:  [32m✓[39m src/limited-markdown.test.tsx [2m([22m[2m1 test[22m[2m)[22m[32m 108[2mms[22m[39m
@agilityhub/ui:test: [90mstderr[2m | src/day-grid.test.tsx[2m > [22m[2mDayGrid presenter (screens 10 / 23)[2m > [22m[2mrenders the api's «Sense» column as delivered and never adds one of its own
@agilityhub/ui:test: [22m[39m[DayGrid] cells without a matching column are not drawn: cls-1 (ringId null)
@agilityhub/ui:test: 
@agilityhub/ui:test:  [32m✓[39m src/branding.test.tsx [2m([22m[2m5 tests[22m[2m)[22m[32m 31[2mms[22m[39m
@agilityhub/ui:test:  [32m✓[39m src/rich-text.test.tsx [2m([22m[2m13 tests[22m[2m)[22m[32m 288[2mms[22m[39m
@agilityhub/ui:test:  [32m✓[39m src/universal-list.test.tsx [2m([22m[2m5 tests[22m[2m)[22m[32m 6[2mms[22m[39m
@agilityhub/ui:test:  [32m✓[39m src/on-primary.test.ts [2m([22m[2m3 tests[22m[2m)[22m[32m 30[2mms[22m[39m
@agilityhub/ui:test:  [32m✓[39m src/icons/Icon.test.tsx [2m([22m[2m1 test[22m[2m)[22m[32m 93[2mms[22m[39m
@agilityhub/ui:test:  [32m✓[39m src/day-grid.test.tsx [2m([22m[2m10 tests[22m[2m)[22m[32m 267[2mms[22m[39m
@agilityhub/ui:test:  [32m✓[39m src/schedule-grid.test.tsx [2m([22m[2m2 tests[22m[2m)[22m[32m 263[2mms[22m[39m
@agilityhub/ui:test:  [32m✓[39m src/index.test.ts [2m([22m[2m2 tests[22m[2m)[22m[32m 3[2mms[22m[39m
@agilityhub/shared-types:typecheck: 
@agilityhub/shared-types:typecheck: > @agilityhub/shared-types@0.0.1 typecheck /Users/jordib/dev/agilityhub/agilityhub-core-web/packages/shared-types
@agilityhub/shared-types:typecheck: > tsc --noEmit
@agilityhub/shared-types:typecheck: 
@agilityhub/ui:test:  [32m✓[39m src/slot-grid.test.tsx [2m([22m[2m6 tests[22m[2m)[22m[32m 226[2mms[22m[39m
@agilityhub/shared-types:test: 
@agilityhub/shared-types:test: [1m[30m[46m RUN [49m[39m[22m [36mv5.0.0 [39m[90m/Users/jordib/dev/agilityhub/agilityhub-core-web/packages/shared-types[39m
@agilityhub/shared-types:test: 
@agilityhub/ui:test:  [32m✓[39m src/attendance.test.tsx [2m([22m[2m16 tests[22m[2m)[22m[32m 222[2mms[22m[39m
@agilityhub/ui:test:  [32m✓[39m src/components.test.tsx [2m([22m[2m28 tests[22m[2m)[22m[33m 385[2mms[22m[39m
@agilityhub/api-client:test:  [32m✓[39m src/mocks/mock-worlds.budget.test.ts [2m([22m[2m21 tests[22m[2m)[22m[33m 4258[2mms[22m[39m
@agilityhub/api-client:test:    [32m✓[39m E3-W10 build-time budget of the MSW mock worlds [2m(21)[22m
@agilityhub/api-client:test:      [33m[2m✓[22m[39m imports the mock modules afresh within the start-up budget[33m 1841[2mms[22m[39m
@agilityhub/ui:test:  [32m✓[39m src/tasks-panel.test.tsx [2m([22m[2m12 tests[22m[2m)[22m[33m 542[2mms[22m[39m
@agilityhub/ui:test: 
@agilityhub/ui:test: [2m Test Files [22m [1m[32m15 passed[39m[22m[90m (15)[39m
@agilityhub/ui:test: [2m      Tests [22m [1m[32m125 passed[39m[22m[90m (125)[39m
@agilityhub/ui:test: [2m   Start at [22m 18:37:37
@agilityhub/ui:test: [2m   Duration [22m 3.22s[2m (environment 69%, setup 12%, transform 9%, tests 7%, import 1%, worker 1%)[22m
@agilityhub/ui:test: 
@agilityhub/shared-types:build: cache bypass, force executing d3d69457da5c20b5
@agilityhub/shared-types:test:  [32m✓[39m tests/build-session-export.test.ts [2m([22m[2m21 tests[22m[2m)[22m[32m 20[2mms[22m[39m
@agilityhub/shared-types:test: 
@agilityhub/shared-types:test: [2m Test Files [22m [1m[32m1 passed[39m[22m[90m (1)[39m
@agilityhub/shared-types:test: [2m      Tests [22m [1m[32m21 passed[39m[22m[90m (21)[39m
@agilityhub/shared-types:test: [2m   Start at [22m 18:37:40
@agilityhub/shared-types:test: [2m   Duration [22m 669ms[2m (transform 82%, import 13%, tests 4%, worker 1%)[22m
@agilityhub/shared-types:test: 
@agilityhub/shared-types:build: 
@agilityhub/shared-types:build: > @agilityhub/shared-types@0.0.1 build /Users/jordib/dev/agilityhub/agilityhub-core-web/packages/shared-types
@agilityhub/shared-types:build: > tsc -p tsconfig.build.json
@agilityhub/shared-types:build: 
id:build: cache bypass, force executing 2e536b6c0061f102
@agilityhub/api-client:test:  [32m✓[39m src/mocks/fixtures.contract.test.ts [2m([22m[2m68 tests[22m[2m)[22m[33m 4474[2mms[22m[39m
@agilityhub/api-client:test:    [32m✓[39m E5-W02 step 9 · the training world follows the S09 contract (TrainingSlots, TrainingSummary, TrainingBooking) [2m(5)[22m
@agilityhub/api-client:test:      [33m[2m✓[22m[39m validates the member and staff grids, the summaries and every booking (default)[33m 963[2mms[22m[39m
@agilityhub/api-client:test:      [33m[2m✓[22m[39m validates the member and staff grids, the summaries and every booking (atLimit)[33m 747[2mms[22m[39m
@agilityhub/api-client:test:      [33m[2m✓[22m[39m validates the member and staff grids, the summaries and every booking (atLimitNone)[33m 421[2mms[22m[39m
@agilityhub/api-client:test:      [33m[2m✓[22m[39m validates the member and staff grids, the summaries and every booking (noRight)[33m 373[2mms[22m[39m
@agilityhub/api-client:test: 
@agilityhub/api-client:test: [2m Test Files [22m [1m[32m22 passed[39m[22m[90m (22)[39m
@agilityhub/api-client:test: [2m      Tests [22m [1m[32m332 passed[39m[22m[90m (332)[39m
@agilityhub/api-client:test: [2m   Start at [22m 18:37:33
@agilityhub/api-client:test: [2m   Duration [22m 7.01s[2m (tests 44%, transform 30%, import 26%)[22m
@agilityhub/api-client:test: 
@agilityhub/api-client:test: [2m  Transform [22m [33mtransforming modules took 18.04s[39m[2m · 30% of tracked time, re-done on every run[22m
@agilityhub/api-client:test: [2m            [22m [2mpersist transforms across runs with [22m[33mfsModuleCache: true[39m
@agilityhub/api-client:test: [2m            [22m [2mlearn more: https://vitest.dev/guide/improving-performance#caching-between-reruns[22m
@agilityhub/api-client:test: 
id:build: 
id:build: > id@0.0.0 build /Users/jordib/dev/agilityhub/agilityhub-core-web/apps/id
id:build: > tsc --noEmit && vite build
id:build: 
clubs:build: cache bypass, force executing 55054b4a717cd515
clubs-admin:build: cache bypass, force executing 002f57d11cfceab5
clubs:build: 
clubs:build: > clubs@0.0.0 build /Users/jordib/dev/agilityhub/agilityhub-core-web/apps/clubs
clubs:build: > tsc --noEmit && vite build
clubs:build: 
clubs-admin:build: 
clubs-admin:build: > clubs-admin@0.0.0 build /Users/jordib/dev/agilityhub/agilityhub-core-web/apps/clubs-admin
clubs-admin:build: > tsc --noEmit && vite build
clubs-admin:build: 
@agilityhub/auth:test: cache bypass, force executing 107b75b73c0c0767
@agilityhub/auth:test: 
@agilityhub/auth:test: > @agilityhub/auth@0.0.0 test /Users/jordib/dev/agilityhub/agilityhub-core-web/packages/auth
@agilityhub/auth:test: > vitest run
@agilityhub/auth:test: 
@agilityhub/auth:typecheck: cache bypass, force executing 9df204e92ae54429
@agilityhub/auth:test: 
@agilityhub/auth:test: [1m[30m[46m RUN [49m[39m[22m [36mv5.0.0 [39m[90m/Users/jordib/dev/agilityhub/agilityhub-core-web/packages/auth[39m
@agilityhub/auth:test: 
@agilityhub/auth:typecheck: 
@agilityhub/auth:typecheck: > @agilityhub/auth@0.0.0 typecheck /Users/jordib/dev/agilityhub/agilityhub-core-web/packages/auth
@agilityhub/auth:typecheck: > tsc --noEmit
@agilityhub/auth:typecheck: 
@agilityhub/auth:test:  [32m✓[39m src/session.test.tsx [2m([22m[2m5 tests[22m[2m)[22m[32m 269[2mms[22m[39m
@agilityhub/auth:test:  [32m✓[39m src/auth-client.test.ts [2m([22m[2m27 tests[22m[2m)[22m[33m 1027[2mms[22m[39m
@agilityhub/auth:test:    [32m✓[39m T-01-11 E4-W16 round 2 #1 (S01 R-01-09, E47): a transient /me failure after a handoff never falls back to the cookie [2m(3)[22m
@agilityhub/auth:test:      [33m[2m✓[22m[39m /me keeps failing: the exchange rejects but the tab keeps that session, restores never read the cookie (also after a reload), and retryHandoff enters it[33m 314[2mms[22m[39m
@agilityhub/auth:test: 
@agilityhub/auth:test: [2m Test Files [22m [1m[32m2 passed[39m[22m[90m (2)[39m
@agilityhub/auth:test: [2m      Tests [22m [1m[32m32 passed[39m[22m[90m (32)[39m
@agilityhub/auth:test: [2m   Start at [22m 18:37:42
@agilityhub/auth:test: [2m   Duration [22m 2.13s[2m (tests 39%, environment 34%, transform 15%, import 12%)[22m
@agilityhub/auth:test: 
clubs-admin:test: cache bypass, force executing e2e7329248d38b09
clubs:typecheck: cache bypass, force executing d3d2663437c3fabf
clubs:test: cache bypass, force executing cee5555d24265c76
clubs-admin:typecheck: cache bypass, force executing 33bf5a62fa58043e
clubs-admin:test: 
clubs-admin:test: > clubs-admin@0.0.0 test /Users/jordib/dev/agilityhub/agilityhub-core-web/apps/clubs-admin
clubs-admin:test: > vitest run
clubs-admin:test: 
id:typecheck: cache bypass, force executing 4579e5be92dd6fa9
clubs:test: 
clubs:test: > clubs@0.0.0 test /Users/jordib/dev/agilityhub/agilityhub-core-web/apps/clubs
clubs:test: > vitest run
clubs:test: 
clubs-admin:typecheck: 
clubs-admin:typecheck: > clubs-admin@0.0.0 typecheck /Users/jordib/dev/agilityhub/agilityhub-core-web/apps/clubs-admin
clubs-admin:typecheck: > tsc --noEmit
clubs-admin:typecheck: 
clubs:typecheck: 
clubs:typecheck: > clubs@0.0.0 typecheck /Users/jordib/dev/agilityhub/agilityhub-core-web/apps/clubs
clubs:typecheck: > tsc --noEmit
clubs:typecheck: 
id:build: vite v8.2.2 building client environment for production...
id:build: transforming...
id:build: ✓ 222 modules transformed.
id:typecheck: 
id:typecheck: > id@0.0.0 typecheck /Users/jordib/dev/agilityhub/agilityhub-core-web/apps/id
id:typecheck: > tsc --noEmit
id:typecheck: 
id:build: rendering chunks...
clubs-admin:test: 
clubs-admin:test: [1m[30m[46m RUN [49m[39m[22m [36mv5.0.0 [39m[90m/Users/jordib/dev/agilityhub/agilityhub-core-web/apps/clubs-admin[39m
clubs-admin:test: 
id:build: computing gzip size...
clubs:test: 
clubs:test: [1m[30m[46m RUN [49m[39m[22m [36mv5.0.0 [39m[90m/Users/jordib/dev/agilityhub/agilityhub-core-web/apps/clubs[39m
clubs:test: 
id:build: dist/index.html                                           0.39 kB │ gzip:   0.27 kB
id:build: dist/assets/sprite-BOr1Ydze.svg                           5.78 kB │ gzip:   1.52 kB
id:build: dist/assets/montserrat-latin-600-normal-UVxSCcoG.woff2   18.68 kB
id:build: dist/assets/montserrat-latin-500-normal-DRFEGfly.woff2   18.74 kB
id:build: dist/assets/montserrat-latin-400-normal-BLhwKU8k.woff2   18.78 kB
id:build: dist/assets/montserrat-latin-700-normal-BdjcYUrC.woff2   18.82 kB
id:build: dist/assets/montserrat-latin-600-normal-CdhFl4lI.woff    20.54 kB
id:build: dist/assets/montserrat-latin-500-normal-Dok2oTci.woff    20.60 kB
id:build: dist/assets/montserrat-latin-400-normal-xItZbAXg.woff    20.64 kB
id:build: dist/assets/montserrat-latin-700-normal-BWkrl476.woff    20.67 kB
id:build: dist/assets/index-DUzOr81x.css                           51.10 kB │ gzip:   9.36 kB
id:build: dist/assets/history-B1Xz7N4l.js                           1.27 kB │ gzip:   0.65 kB
id:build: dist/assets/admin-training-CUhpZeIX.js                    1.29 kB │ gzip:   0.60 kB
id:build: dist/assets/history-D5FndTjo.js                           1.32 kB │ gzip:   0.68 kB
id:build: dist/assets/admin-training-DW_92FHy.js                    1.35 kB │ gzip:   0.66 kB
id:build: dist/assets/history-Bs5JKpAd.js                           1.35 kB │ gzip:   0.69 kB
id:build: dist/assets/admin-training-BANDClBZ.js                    1.37 kB │ gzip:   0.67 kB
id:build: dist/assets/shell-lOWdsIoo.js                             1.42 kB │ gzip:   0.74 kB
id:build: dist/assets/shell-BcVW3P1C.js                             1.48 kB │ gzip:   0.83 kB
id:build: dist/assets/shell-CMUNeOK-.js                             1.51 kB │ gzip:   0.83 kB
id:build: dist/assets/training-CYuCURIa.js                          1.57 kB │ gzip:   0.80 kB
id:build: dist/assets/home-CLVBc5a3.js                              1.59 kB │ gzip:   0.79 kB
id:build: dist/assets/training-DhvOYmdN.js                          1.62 kB │ gzip:   0.85 kB
id:build: dist/assets/training-B5riWOVN.js                          1.63 kB │ gzip:   0.86 kB
id:build: dist/assets/home-DIaHUeYG.js                              1.65 kB │ gzip:   0.84 kB
id:build: dist/assets/home-vQT0WHAi.js                              1.67 kB │ gzip:   0.84 kB
id:build: dist/assets/activities-_j5UPNJ2.js                        1.79 kB │ gzip:   0.83 kB
id:build: dist/assets/activities-D_fvQi10.js                        1.86 kB │ gzip:   0.91 kB
id:build: dist/assets/activities-BKuUowmB.js                        1.88 kB │ gzip:   0.91 kB
id:build: dist/assets/admin-dashboard-VZhOZ68T.js                   2.07 kB │ gzip:   1.02 kB
id:build: dist/assets/admin-dashboard-MI69Hia9.js                   2.13 kB │ gzip:   1.10 kB
id:build: dist/assets/admin-dashboard-DNVY2TkD.js                   2.18 kB │ gzip:   1.11 kB
id:build: dist/assets/common-S3JQhPGl.js                            2.21 kB │ gzip:   1.04 kB
id:build: dist/assets/common-BXgBvQX8.js                            2.28 kB │ gzip:   1.11 kB
id:build: dist/assets/common-BwQsw9qO.js                            2.33 kB │ gzip:   1.14 kB
id:build: dist/assets/id-cJQwgM2i.js                                2.89 kB │ gzip:   1.28 kB
id:build: dist/assets/admin-audit-B0Z1oVf2.js                       2.95 kB │ gzip:   1.39 kB
id:build: dist/assets/id-Dio3OKNo.js                                3.04 kB │ gzip:   1.41 kB
id:build: dist/assets/id-Rnv2hXs4.js                                3.10 kB │ gzip:   1.42 kB
id:build: dist/assets/admin-audit-BS32JsSa.js                       3.20 kB │ gzip:   1.54 kB
id:build: dist/assets/admin-audit-CkyykZV1.js                       3.28 kB │ gzip:   1.56 kB
id:build: dist/assets/auth-WgUpLopB.js                              4.42 kB │ gzip:   1.91 kB
id:build: dist/assets/admin-messaging-ByT_iFIg.js                   4.51 kB │ gzip:   1.85 kB
id:build: dist/assets/admin-messaging-DZ4OvAGp.js                   4.68 kB │ gzip:   1.99 kB
id:build: dist/assets/admin-messaging-pKH5orvI.js                   4.77 kB │ gzip:   2.01 kB
id:build: dist/assets/booking-Bzzfkcsu.js                           4.79 kB │ gzip:   1.82 kB
id:build: dist/assets/auth-BekBu7TO.js                              5.00 kB │ gzip:   2.14 kB
id:build: dist/assets/auth-D21yMcBE.js                              5.05 kB │ gzip:   2.14 kB
id:build: dist/assets/booking-DFimaro9.js                           5.11 kB │ gzip:   2.00 kB
id:build: dist/assets/booking-CG4lcbly.js                           5.14 kB │ gzip:   2.01 kB
id:build: dist/assets/enums-BjMmuLTh.js                             5.29 kB │ gzip:   2.23 kB
id:build: dist/assets/admin-catalogs-p29fM8xq.js                    5.41 kB │ gzip:   2.01 kB
id:build: dist/assets/enums-BFXVROXo.js                             5.45 kB │ gzip:   2.32 kB
id:build: dist/assets/enums-CbqxAICZ.js                             5.48 kB │ gzip:   2.32 kB
id:build: dist/assets/signup-BkgU37Eh.js                            5.63 kB │ gzip:   2.54 kB
id:build: dist/assets/admin-catalogs-dZtpqy8S.js                    5.67 kB │ gzip:   2.23 kB
id:build: dist/assets/admin-catalogs-D4wG5vIy.js                    5.87 kB │ gzip:   2.26 kB
id:build: dist/assets/signup-Bi4UbtBk.js                            5.88 kB │ gzip:   2.80 kB
id:build: dist/assets/signup-DQ9RZKro.js                            5.97 kB │ gzip:   2.82 kB
id:build: dist/assets/admin-activities-Cmq1QEmn.js                  6.01 kB │ gzip:   2.42 kB
id:build: dist/assets/admin-activities-p-Yew4Zm.js                  6.17 kB │ gzip:   2.62 kB
id:build: dist/assets/census-BOHKi2ap.js                            6.29 kB │ gzip:   2.46 kB
id:build: dist/assets/admin-activities-7OuSwNid.js                  6.38 kB │ gzip:   2.68 kB
id:build: dist/assets/census-DzCi7EDA.js                            6.62 kB │ gzip:   2.71 kB
id:build: dist/assets/census-JNndoYUQ.js                            6.81 kB │ gzip:   2.75 kB
id:build: dist/assets/admin-scheduling-nhXWwjRG.js                  8.23 kB │ gzip:   3.04 kB
id:build: dist/assets/admin-scheduling-DeLeUPtJ.js                  8.64 kB │ gzip:   3.30 kB
id:build: dist/assets/admin-scheduling-BhSriSnV.js                  8.64 kB │ gzip:   3.31 kB
id:build: dist/assets/instructor-D5tRIg2g.js                        8.86 kB │ gzip:   3.22 kB
id:build: dist/assets/instructor-WLNKf0N6.js                        9.25 kB │ gzip:   3.44 kB
id:build: dist/assets/instructor-BC9vfQ4m.js                        9.34 kB │ gzip:   3.45 kB
id:build: dist/assets/admin-census-C3kcN9nY.js                     11.80 kB │ gzip:   4.63 kB
id:build: dist/assets/admin-census-BrV0ypGo.js                     12.55 kB │ gzip:   4.97 kB
id:build: dist/assets/admin-census-BG0hq1Ot.js                     12.93 kB │ gzip:   5.07 kB
id:build: dist/assets/admin-settings-B1ONV6DO.js                   21.68 kB │ gzip:   7.68 kB
id:build: dist/assets/errors-DLyAknxo.js                           21.99 kB │ gzip:   7.18 kB
id:build: dist/assets/admin-settings-Ch6Tk865.js                   23.18 kB │ gzip:   8.29 kB
id:build: dist/assets/errors-Bvp7svDM.js                           23.31 kB │ gzip:   7.57 kB
id:build: dist/assets/errors-QdWmQXin.js                           23.32 kB │ gzip:   7.54 kB
id:build: dist/assets/admin-settings-s46_PTCU.js                   23.62 kB │ gzip:   8.30 kB
id:build: dist/assets/index-D5kzXF9p.js                           330.72 kB │ gzip: 101.64 kB
id:build: 
id:build: ✓ built in 398ms
id:test: cache bypass, force executing b0cd25ce104b2cd0
id:test: 
id:test: > id@0.0.0 test /Users/jordib/dev/agilityhub/agilityhub-core-web/apps/id
id:test: > vitest run
id:test: 
id:test: 
id:test: [1m[30m[46m RUN [49m[39m[22m [36mv5.0.0 [39m[90m/Users/jordib/dev/agilityhub/agilityhub-core-web/apps/id[39m
id:test: 
id:test:  [32m✓[39m src/App.test.tsx [2m([22m[2m9 tests[22m[2m)[22m[33m 1074[2mms[22m[39m
id:test:    [32m✓[39m T-01-22 apps/id [2m(9)[22m
id:test:      [33m[2m✓[22m[39m resumes a server-side OIDC flow after password login[33m 428[2mms[22m[39m
id:test: 
id:test: [2m Test Files [22m [1m[32m1 passed[39m[22m[90m (1)[39m
id:test: [2m      Tests [22m [1m[32m9 passed[39m[22m[90m (9)[39m
id:test: [2m   Start at [22m 18:37:49
id:test: [2m   Duration [22m 5.40s[2m (environment 40%, transform 27%, tests 22%, setup 7%, import 4%, worker 1%)[22m
id:test: 
clubs:test:  [32m✓[39m src/InfoPage.test.tsx [2m([22m[2m2 tests[22m[2m)[22m[33m 492[2mms[22m[39m
clubs:test:    [32m✓[39m T-05-CP-07 screen 30 Info [2m(2)[22m
clubs:test:      [33m[2m✓[22m[39m shows FAQ, rules and other active pages only[33m 424[2mms[22m[39m
clubs-admin:test:  [32m✓[39m src/messaging/NotificationLogPage.test.tsx [2m([22m[2m3 tests[22m[2m)[22m[33m 1624[2mms[22m[39m
clubs-admin:test:    [32m✓[39m E7-W01 step 7 «Avisos enviats» (S11 §2, R-11-10) [2m(3)[22m
clubs-admin:test:      [33m[2m✓[22m[39m lists the club's notifications newest first: date, code, category, recipient, one chip per delivery with its status, read[33m 1074[2mms[22m[39m
clubs-admin:test:      [33m[2m✓[22m[39m ?filter=memberId:eq:… (D10's link) reads only that member's notifications, and a row opens its detail with every delivery and the destinations masked[33m 541[2mms[22m[39m
clubs:test:  [32m✓[39m src/today/literals.test.ts [2m([22m[2m2 tests[22m[2m)[22m[33m 387[2mms[22m[39m
clubs:test:    [32m✓[39m T-06-30 screens 10 / 23 vocabulary and ca literals [2m(2)[22m
clubs:test:      [33m[2m✓[22m[39m has no forbidden term nor internal code in home, instructor and enums (ca/es/en)[33m 362[2mms[22m[39m
clubs:test:  [32m✓[39m src/history/history.test.tsx [2m([22m[2m12 tests[22m[2m)[22m[33m 2787[2mms[22m[39m
clubs:test:    [32m✓[39m T-10-31 screen 25 «Històric» (S10 §2, R-10-14) [2m(11)[22m
clubs:test:      [33m[2m✓[22m[39m mockup 25: the three dogs with «Tots» pressed by default, the four type chips, the window caption and the seven rows with their exact badges and lines[33m 639[2mms[22m[39m
clubs:test:      [33m[2m✓[22m[39m the empty history, and a failed read with its retry[33m 303[2mms[22m[39m
clubs:test:      [33m[2m✓[22m[39m an impersonated session reads 25 with the banner; an instructor-only session does not get the page[33m 342[2mms[22m[39m
clubs:test:      [33m[2m✓[22m[39m T-10-32 (25): es and en read the rows with no missing key (the titles are the api's)[33m 303[2mms[22m[39m
clubs:test:  [32m✓[39m src/training/i18n.test.tsx [2m([22m[2m4 tests[22m[2m)[22m[33m 3057[2mms[22m[39m
clubs:test:    [32m✓[39m T-09-41 training and instructor vocabulary, locales and club time zone [2m(4)[22m
clubs:test:      [33m[2m✓[22m[39m has no forbidden term nor requirement code in training, instructor and enums (ca/es/en)[33m 365[2mms[22m[39m
clubs:test:      [33m[2m✓[22m[39m keeps the exact ca literals of mockups 08 and 24 and the S09 §10 keys[33m 420[2mms[22m[39m
clubs:test:      [33m[2m✓[22m[39m formats in the club's zone, never the viewer's: an October 06:30Z slot reads «8:30»[33m 1987[2mms[22m[39m
clubs:test:  [32m✓[39m src/booking/book.test.tsx [2m([22m[2m9 tests[22m[2m)[22m[33m 3662[2mms[22m[39m
clubs:test:    [32m✓[39m T-08-37 screen 04 «Reservar»: every row state with its mockup badge (S08 §2, R-08-03) [2m(9)[22m
clubs:test:      [33m[2m✓[22m[39m Duna: the chips without «Tots», the pack, the intro, the activities and the six mockup rows[33m 984[2mms[22m[39m
clubs:test:      [33m[2m✓[22m[39m Rock: «Sense sessions» is inert with an expiring pack; Toby: the block banner and inert rows without a badge[33m 561[2mms[22m[39m
clubs:test:      [33m[2m✓[22m[39m WAITLIST_OPEN asks first, joins with the selected dog, then the row leaves the list with «Ets a la llista d'espera»[33m 525[2mms[22m[39m
clubs:test:      [33m[2m✓[22m[39m a refused join keeps its message inside the dialog (409 WAITLIST_LIMIT)[33m 486[2mms[22m[39m
clubs:build: vite v8.2.2 building client environment for production...
clubs:build: transforming...
clubs:test:  [32m✓[39m src/activities/activities.test.tsx [2m([22m[2m29 tests[22m[2m)[22m[33m 4542[2mms[22m[39m
clubs:test:    [32m✓[39m T-07-30 app: block «Activitats» of 04, detail, rows of 03 and 25 [2m(19)[22m
clubs:test:      [33m[2m✓[22m[39m FULL_WAITLIST: the waitlist dialog → toast «Ets a la llista d'espera» → [SURT DE LA LLISTA D'ESPERA][33m 630[2mms[22m[39m
clubs:test:      [33m[2m✓[22m[39m registered: [ANUL·LA LA INSCRIPCIÓ] with confirmation; after the start, the contact text[33m 386[2mms[22m[39m
clubs:test:    [32m✓[39m T-07-30 E4-W08 app detail follow-ups of the E4-W04 round-2 review [2m(6)[22m
clubs:test:      [33m[2m✓[22m[39m R-07-09/10 an impersonated cancellation asks for «Motiu» and sends {reason}; 400 VALIDATION_ERROR on reason (details.field, the core's shape) stays on the field[33m 398[2mms[22m[39m
clubs:test:      [33m[2m✓[22m[39m R-07-09/10 an impersonated cancellation asks for «Motiu» and sends {reason}; 400 VALIDATION_ERROR on reason (details.fieldErrors[]) stays on the field[33m 407[2mms[22m[39m
clubs:test:  [32m✓[39m src/booking/home.test.tsx [2m([22m[2m11 tests[22m[2m)[22m[33m 4022[2mms[22m[39m
clubs:test:    [32m✓[39m screen 03 «Inici» (S08 §2, R-08-02, R-08-20, R-08-23) [2m(8)[22m
clubs:test:      [33m[2m✓[22m[39m the greeting and the bell, «Tots» last and pressed, the counters and the rows as the api delivers them[33m 1412[2mms[22m[39m
clubs:test:      [33m[2m✓[22m[39m a dog selected: its rows without « · amb …» and the member's activity still there (the api keeps it), its counters, and «Tots» brings them back[33m 572[2mms[22m[39m
clubs:test:      [33m[2m✓[22m[39m only one accessible dog: no «Tots», its chip selected and its rows without « · amb …» (V3); nothing unread: the bell is still[33m 359[2mms[22m[39m
clubs:test:      [33m[2m✓[22m[39m R-08-20: a visible instructor is named; «es mostra 6 h abans» and «1,5 h» take the ICU `other` branch[33m 321[2mms[22m[39m
clubs:test:  [32m✓[39m src/training/TrainingDetailPage.test.tsx [2m([22m[2m6 tests[22m[2m)[22m[33m 4020[2mms[22m[39m
clubs:test:    [32m✓[39m S09 training booking detail (/entrenaments/:id, the 07 pattern, R-09-10) [2m(6)[22m
clubs:test:      [33m[2m✓[22m[39m a future booking: title, state, line, who booked it, and the cancellation back to 03[33m 1346[2mms[22m[39m
clubs:test:      [33m[2m✓[22m[39m past cancellableUntil the button gives way to the notice; «Reservada pel club» for BACKOFFICE[33m 561[2mms[22m[39m
clubs:test:      [33m[2m✓[22m[39m cancelled by the club: its state, and nothing to do[33m 320[2mms[22m[39m
clubs:test:      [33m[2m✓[22m[39m 422 TRAINING_CANCEL_TOO_LATE: the threshold and the minutes left, from the details, in the dialog[33m 855[2mms[22m[39m
clubs:test:      [33m[2m✓[22m[39m 409 INVALID_STATE: the message and the booking read again (cancelled elsewhere)[33m 555[2mms[22m[39m
clubs:test:      [33m[2m✓[22m[39m es and en: the same page in the reader's language[33m 377[2mms[22m[39m
clubs:test:  [32m✓[39m src/today/TodayPage.test.tsx [2m([22m[2m18 tests[22m[2m)[22m[33m 4830[2mms[22m[39m
clubs:test:    [32m✓[39m T-06-29 screen 10 «Classes del dia» [2m(18)[22m
clubs:test:      [33m[2m✓[22m[39m draws the mockup grid with identical ring columns, the date header and the week chips[33m 411[2mms[22m[39m
clubs:test:      [33m[2m✓[22m[39m moves by chips and arrows (Sunday only by the arrows) and keeps ?date in the address[33m 539[2mms[22m[39m
clubs:test:      [33m[2m✓[22m[39m falls back to the club-local today and rewrites the address for ?date=2026-13-01[33m 302[2mms[22m[39m
clubs:test:      [33m[2m✓[22m[39m R-06-14 in Pacific/Auckland: requested date, header and chips name the club's calendar day[33m 569[2mms[22m[39m
clubs:test:      [33m[2m✓[22m[39m R-06-14 in Pacific/Kiritimati: requested date, header and chips name the club's calendar day[33m 376[2mms[22m[39m
clubs:test:      [33m[2m✓[22m[39m shows the empty state (dayGridEmpty) and the error toast with retry[33m 318[2mms[22m[39m
clubs:build: ✓ 264 modules transformed.
clubs:build: rendering chunks...
clubs:test:  [32m✓[39m src/dog-tasks-contrast.test.ts [2m([22m[2m4 tests[22m[2m)[22m[32m 5[2mms[22m[39m
clubs:build: computing gzip size...
clubs:build: dist/registerSW.js                                        0.13 kB
clubs:build: dist/index.html                                           2.78 kB │ gzip:   0.97 kB
clubs:build: dist/assets/sprite-BOr1Ydze.svg                           5.78 kB │ gzip:   1.52 kB
clubs:build: dist/assets/montserrat-latin-600-normal-UVxSCcoG.woff2   18.68 kB
clubs:build: dist/assets/montserrat-latin-500-normal-DRFEGfly.woff2   18.74 kB
clubs:build: dist/assets/montserrat-latin-400-normal-BLhwKU8k.woff2   18.78 kB
clubs:build: dist/assets/montserrat-latin-700-normal-BdjcYUrC.woff2   18.82 kB
clubs:build: dist/assets/montserrat-latin-600-normal-CdhFl4lI.woff    20.54 kB
clubs:build: dist/assets/montserrat-latin-500-normal-Dok2oTci.woff    20.60 kB
clubs:build: dist/assets/montserrat-latin-400-normal-xItZbAXg.woff    20.64 kB
clubs:build: dist/assets/montserrat-latin-700-normal-BWkrl476.woff    20.67 kB
clubs:build: dist/assets/index-C6RtE9jG.css                          111.11 kB │ gzip:  17.63 kB
clubs:build: dist/assets/history-B1Xz7N4l.js                           1.27 kB │ gzip:   0.65 kB
clubs:build: dist/assets/admin-training-CUhpZeIX.js                    1.29 kB │ gzip:   0.60 kB
clubs:build: dist/assets/history-D5FndTjo.js                           1.32 kB │ gzip:   0.68 kB
clubs:build: dist/assets/admin-training-DW_92FHy.js                    1.35 kB │ gzip:   0.66 kB
clubs:build: dist/assets/history-Bs5JKpAd.js                           1.35 kB │ gzip:   0.69 kB
clubs:build: dist/assets/admin-training-BANDClBZ.js                    1.37 kB │ gzip:   0.67 kB
clubs:build: dist/assets/training-CYuCURIa.js                          1.57 kB │ gzip:   0.80 kB
clubs:build: dist/assets/home-CLVBc5a3.js                              1.59 kB │ gzip:   0.79 kB
clubs:build: dist/assets/training-DhvOYmdN.js                          1.62 kB │ gzip:   0.85 kB
clubs:build: dist/assets/training-B5riWOVN.js                          1.63 kB │ gzip:   0.86 kB
clubs:build: dist/assets/home-DIaHUeYG.js                              1.65 kB │ gzip:   0.84 kB
clubs:build: dist/assets/home-vQT0WHAi.js                              1.67 kB │ gzip:   0.84 kB
clubs:build: dist/assets/activities-_j5UPNJ2.js                        1.79 kB │ gzip:   0.83 kB
clubs:build: dist/assets/activities-D_fvQi10.js                        1.86 kB │ gzip:   0.91 kB
clubs:build: dist/assets/activities-BKuUowmB.js                        1.88 kB │ gzip:   0.91 kB
clubs:build: dist/assets/admin-dashboard-VZhOZ68T.js                   2.07 kB │ gzip:   1.02 kB
clubs:build: dist/assets/admin-dashboard-MI69Hia9.js                   2.13 kB │ gzip:   1.10 kB
clubs:build: dist/assets/admin-dashboard-DNVY2TkD.js                   2.18 kB │ gzip:   1.11 kB
clubs:build: dist/assets/id-cJQwgM2i.js                                2.89 kB │ gzip:   1.28 kB
clubs:build: dist/assets/admin-audit-B0Z1oVf2.js                       2.95 kB │ gzip:   1.39 kB
clubs:build: dist/assets/id-Dio3OKNo.js                                3.04 kB │ gzip:   1.41 kB
clubs:build: dist/assets/id-Rnv2hXs4.js                                3.10 kB │ gzip:   1.42 kB
clubs:build: dist/assets/admin-audit-BS32JsSa.js                       3.20 kB │ gzip:   1.54 kB
clubs:build: dist/assets/admin-audit-CkyykZV1.js                       3.28 kB │ gzip:   1.56 kB
clubs:build: dist/assets/auth-WgUpLopB.js                              4.42 kB │ gzip:   1.91 kB
clubs:build: dist/assets/admin-messaging-ByT_iFIg.js                   4.51 kB │ gzip:   1.85 kB
clubs:build: dist/assets/admin-messaging-DZ4OvAGp.js                   4.68 kB │ gzip:   1.99 kB
clubs:build: dist/assets/admin-messaging-pKH5orvI.js                   4.77 kB │ gzip:   2.01 kB
clubs:build: dist/assets/booking-Bzzfkcsu.js                           4.79 kB │ gzip:   1.82 kB
clubs:build: dist/assets/auth-BekBu7TO.js                              5.00 kB │ gzip:   2.14 kB
clubs:build: dist/assets/auth-D21yMcBE.js                              5.05 kB │ gzip:   2.14 kB
clubs:build: dist/assets/booking-DFimaro9.js                           5.11 kB │ gzip:   2.00 kB
clubs:build: dist/assets/booking-CG4lcbly.js                           5.14 kB │ gzip:   2.01 kB
clubs:build: dist/assets/enums-BjMmuLTh.js                             5.29 kB │ gzip:   2.23 kB
clubs:build: dist/assets/admin-catalogs-p29fM8xq.js                    5.41 kB │ gzip:   2.01 kB
clubs:build: dist/assets/enums-BFXVROXo.js                             5.45 kB │ gzip:   2.32 kB
clubs:build: dist/assets/enums-CbqxAICZ.js                             5.48 kB │ gzip:   2.32 kB
clubs:build: dist/assets/signup-BkgU37Eh.js                            5.63 kB │ gzip:   2.54 kB
clubs:build: dist/assets/admin-catalogs-dZtpqy8S.js                    5.67 kB │ gzip:   2.23 kB
clubs:build: dist/assets/admin-catalogs-D4wG5vIy.js                    5.87 kB │ gzip:   2.26 kB
clubs:build: dist/assets/signup-Bi4UbtBk.js                            5.88 kB │ gzip:   2.80 kB
clubs:build: dist/assets/signup-DQ9RZKro.js                            5.97 kB │ gzip:   2.82 kB
clubs:build: dist/assets/admin-activities-Cmq1QEmn.js                  6.01 kB │ gzip:   2.42 kB
clubs:build: dist/assets/admin-activities-p-Yew4Zm.js                  6.17 kB │ gzip:   2.62 kB
clubs:build: dist/assets/census-BOHKi2ap.js                            6.29 kB │ gzip:   2.46 kB
clubs:build: dist/assets/admin-activities-7OuSwNid.js                  6.38 kB │ gzip:   2.68 kB
clubs:build: dist/assets/census-DzCi7EDA.js                            6.62 kB │ gzip:   2.71 kB
clubs:build: dist/assets/census-JNndoYUQ.js                            6.81 kB │ gzip:   2.75 kB
clubs:build: dist/assets/admin-scheduling-nhXWwjRG.js                  8.23 kB │ gzip:   3.04 kB
clubs:build: dist/assets/admin-scheduling-DeLeUPtJ.js                  8.64 kB │ gzip:   3.30 kB
clubs:build: dist/assets/admin-scheduling-BhSriSnV.js                  8.64 kB │ gzip:   3.31 kB
clubs:build: dist/assets/instructor-D5tRIg2g.js                        8.86 kB │ gzip:   3.22 kB
clubs:build: dist/assets/instructor-WLNKf0N6.js                        9.25 kB │ gzip:   3.44 kB
clubs:build: dist/assets/instructor-BC9vfQ4m.js                        9.34 kB │ gzip:   3.45 kB
clubs:build: dist/assets/admin-census-C3kcN9nY.js                     11.80 kB │ gzip:   4.63 kB
clubs:build: dist/assets/admin-census-BrV0ypGo.js                     12.55 kB │ gzip:   4.97 kB
clubs:build: dist/assets/admin-census-BG0hq1Ot.js                     12.93 kB │ gzip:   5.07 kB
clubs:build: dist/assets/admin-settings-B1ONV6DO.js                   21.68 kB │ gzip:   7.68 kB
clubs:build: dist/assets/errors-DLyAknxo.js                           21.99 kB │ gzip:   7.18 kB
clubs:build: dist/assets/admin-settings-Ch6Tk865.js                   23.18 kB │ gzip:   8.29 kB
clubs:build: dist/assets/errors-Bvp7svDM.js                           23.31 kB │ gzip:   7.57 kB
clubs:build: dist/assets/errors-QdWmQXin.js                           23.32 kB │ gzip:   7.54 kB
clubs:build: dist/assets/admin-settings-s46_PTCU.js                   23.62 kB │ gzip:   8.30 kB
clubs:build: dist/assets/index-D6uNpJBa.js                           618.14 kB │ gzip: 176.90 kB
clubs:build: 
clubs:build: [33m[INEFFECTIVE_DYNAMIC_IMPORT] [0m../../packages/i18n/src/locales/ca/common.json is dynamically imported by ../../packages/i18n/src/resources.ts but also statically imported by ../../packages/i18n/src/catalog.ts, dynamic import will not move module into another chunk.
clubs:build: 
clubs:build: [plugin builtin:vite-reporter] 
clubs:build: (!) Some chunks are larger than 500 kB after minification. Consider:
clubs:build: - Using dynamic import() to code-split the application
clubs:build: - Use build.rolldownOptions.output.codeSplitting to improve chunking: https://rolldown.rs/reference/OutputOptions.codeSplitting
clubs:build: - Adjust chunk size limit for this warning via build.chunkSizeWarningLimit.
clubs:build: [33m[INEFFECTIVE_DYNAMIC_IMPORT] [0m../../packages/i18n/src/locales/ca/shell.json is dynamically imported by ../../packages/i18n/src/resources.ts but also statically imported by ../../packages/i18n/src/catalog.ts, dynamic import will not move module into another chunk.
clubs:build: 
clubs:build: [33m[INEFFECTIVE_DYNAMIC_IMPORT] [0m../../packages/i18n/src/locales/en/common.json is dynamically imported by ../../packages/i18n/src/resources.ts but also statically imported by ../../packages/i18n/src/catalog.ts, dynamic import will not move module into another chunk.
clubs:build: 
clubs:build: [33m[INEFFECTIVE_DYNAMIC_IMPORT] [0m../../packages/i18n/src/locales/en/shell.json is dynamically imported by ../../packages/i18n/src/resources.ts but also statically imported by ../../packages/i18n/src/catalog.ts, dynamic import will not move module into another chunk.
clubs:build: 
clubs:build: [33m[INEFFECTIVE_DYNAMIC_IMPORT] [0m../../packages/i18n/src/locales/es/common.json is dynamically imported by ../../packages/i18n/src/resources.ts but also statically imported by ../../packages/i18n/src/catalog.ts, dynamic import will not move module into another chunk.
clubs:build: 
clubs:build: [33m[INEFFECTIVE_DYNAMIC_IMPORT] [0m../../packages/i18n/src/locales/es/shell.json is dynamically imported by ../../packages/i18n/src/resources.ts but also statically imported by ../../packages/i18n/src/catalog.ts, dynamic import will not move module into another chunk.
clubs:build: 
clubs:build: ✓ built in 794ms
clubs:test:  [32m✓[39m src/booking/detail.test.tsx [2m([22m[2m19 tests[22m[2m)[22m[33m 5141[2mms[22m[39m
clubs:test:    [32m✓[39m T-08-39 screen 07: the booking, who booked it, and its cancellation (R-08-10) [2m(14)[22m
clubs:test:      [33m[2m✓[22m[39m shows the mockup card, and a cancellation in time asks first and leaves the green note[33m 1134[2mms[22m[39m
clubs:test:      [33m[2m✓[22m[39m inside the 4 h threshold the dialog warns, and the late note names «4 hores»[33m 373[2mms[22m[39m
clubs:test:      [33m[2m✓[22m[39m a booking cancelled by a swap, opened later: its state chip only, no «dins el termini» note (review #4)[33m 1014[2mms[22m[39m
clubs:test:  [32m✓[39m src/today/OverviewPage.test.tsx [2m([22m[2m10 tests[22m[2m)[22m[33m 6035[2mms[22m[39m
clubs:test:    [32m✓[39m T-06-29 screen 23 «Visió global» [2m(7)[22m
clubs:test:      [33m[2m✓[22m[39m shows n/n +e with the planned instructor, training names, the block and the cancelled class[33m 418[2mms[22m[39m
clubs:test:      [33m[2m✓[22m[39m E5-W03 step 1 lists the class's registrants and the «En espera» line in the drawer, read-only (S08 §6)[33m 492[2mms[22m[39m
clubs:test:      [33m[2m✓[22m[39m opens the class drawer with the instructor projection of the tapped class[33m 528[2mms[22m[39m
clubs:test:      [33m[2m✓[22m[39m opens the block drawer and cancels the block (POST /ring-blocks/{id}/cancellation)[33m 532[2mms[22m[39m
clubs:test:      [33m[2m✓[22m[39m maps 409 INVALID_STATE and 422 RING_BLOCK_MANAGED_BY_ACTIVITY on the block cancellation[33m 551[2mms[22m[39m
clubs:test:    [32m✓[39m T-06-29 E4-W11 screen 23's class drawer reads the class detail (api E5-T15) [2m(2)[22m
clubs:test:      [33m[2m✓[22m[39m names the instructors (instructorNames[]) and the ring (ring.name) of GET /class-sessions/{id}, not of the tapped cell[33m 620[2mms[22m[39m
clubs:test:      [33m[2m✓[22m[39m a class without a ring (ring: null) has no «Pista» row; without names, no «Instructor» row[33m 672[2mms[22m[39m
clubs:test:    [32m✓[39m T-06-29 E4-W14 screen 23's drawer: the instructors' label follows the count, the names are a list [2m(1)[22m
clubs:test:      [33m[2m✓[22m[39m ca «Instructor: Marc» / «Instructors: Marc i Núria»; es «Instructores: Marc y Núria»; en «Instructors: Marc and Núria»[33m 1918[2mms[22m[39m
clubs-admin:test:  [32m✓[39m src/dashboard/RiskReviewCard.test.tsx [2m([22m[2m12 tests[22m[2m)[22m[33m 4675[2mms[22m[39m
clubs-admin:test:    [32m✓[39m T-15-33 D1 «Revisió de classes en risc» from S15 §6 form A [2m(5)[22m
clubs-admin:test:      [33m[2m✓[22m[39m renders the four statuses with the mockup's exact literals and «4 avisos»[33m 565[2mms[22m[39m
clubs-admin:test:    [32m✓[39m T-15-33 E5-W03 round 2 · review #5: a D1 row opens D4 on that class (the example day's calendar world) [2m(4)[22m
clubs-admin:test:      [33m[2m✓[22m[39m «Cadells · avui 9:30 · Cadells» → D4 «anul·lades», that week, that class selected[33m 1134[2mms[22m[39m
clubs-admin:test:      [33m[2m✓[22m[39m «Nivell D · avui 17:40 · Petita» → D4 «anul·lades», that week, that class selected[33m 780[2mms[22m[39m
clubs-admin:test:      [33m[2m✓[22m[39m «F i G · demà 20:00 · Carretera» → D4 «actives», that week, that class selected[33m 776[2mms[22m[39m
clubs-admin:test:      [33m[2m✓[22m[39m «Cadells · dc 9:30 · Cadells» → D4 «actives», that week, that class selected[33m 623[2mms[22m[39m
clubs-admin:test:  [32m✓[39m src/followup/followup.test.tsx [2m([22m[2m13 tests[22m[2m)[22m[33m 4346[2mms[22m[39m
clubs-admin:test:    [32m✓[39m T-10-30 D14 «Seguiment alumnes» (S10 §2, R-10-13) [2m(7)[22m
clubs-admin:test:      [33m[2m✓[22m[39m mockup D14 for an ADMIN: «5 pendents de llegir», the columns, the five rows highlighted and in the api's order, the authors by gender and the completed task[33m 973[2mms[22m[39m
clubs-admin:test:      [33m[2m✓[22m[39m for the instructor the api's order puts the three unread rows first (her own tasks are not unread) and the counter reads 3[33m 358[2mms[22m[39m
clubs-admin:test:      [33m[2m✓[22m[39m the three chips map to filter=kind:eq:TASK, kind:eq:MEMBER_NOTE and no kind filter[33m 751[2mms[22m[39m
clubs-admin:test:      [33m[2m✓[22m[39m «Marcar-ho tot com a llegit» calls read-all with its key, puts the counter at 0 and reads the list again[33m 511[2mms[22m[39m
clubs-admin:test:      [33m[2m✓[22m[39m a row click calls read for that row, drops its highlight and the counter at once, and opens D13 (the dog's record)[33m 496[2mms[22m[39m
clubs-admin:test:  [32m✓[39m src/catalogs/JobsCard.test.tsx [2m([22m[2m18 tests[22m[2m)[22m[33m 6091[2mms[22m[39m
clubs-admin:test:    [32m✓[39m T-15-32 D11 «Processos automàtics» (S15 §2, R-15-01, R-15-08, R-15-09) [2m(14)[22m
clubs-admin:test:      [33m[2m✓[22m[39m lists the ten processes of the full club and the eight of the club mínim, each with its cadence and last run[33m 1019[2mms[22m[39m
clubs-admin:test:      [33m[2m✓[22m[39m asks before disabling (S15 §2 literal) and writes PUT /jobs/{name}/switch {enabled: false} only after the confirmation[33m 849[2mms[22m[39m
clubs-admin:test:      [33m[2m✓[22m[39m R-15-08 [Simula] shows the plan of the response (the WOULD_* items as delivered) and says nothing was applied[33m 419[2mms[22m[39m
clubs-admin:test:      [33m[2m✓[22m[39m R-15-09 [Executa ara] asks, runs {dryRun: false} and shows the run's summary, then reads the list again[33m 404[2mms[22m[39m
clubs-admin:test:      [33m[2m✓[22m[39m keeps one Idempotency-Key per payload while the outcome is unknown: a retry after a lost answer reuses it[33m 505[2mms[22m[39m
clubs-admin:test:      [33m[2m✓[22m[39m opens a process's run history and a run's sheet (effects and errors)[33m 329[2mms[22m[39m
clubs-admin:test:      [33m[2m✓[22m[39m E5-W03 round 2 · review #1: the run history pages through the api's list, and its filters narrow it[33m 1006[2mms[22m[39m
clubs-admin:test:  [32m✓[39m src/audit/AuditPage.test.tsx [2m([22m[2m8 tests[22m[2m)[22m[33m 6703[2mms[22m[39m
clubs-admin:test:    [32m✓[39m T-14-26 member audit and exports [2m(8)[22m
clubs-admin:test:      [33m[2m✓[22m[39m filters by action and opens the masked before/after change drawer[33m 1453[2mms[22m[39m
clubs-admin:test:      [33m[2m✓[22m[39m E3-W07 step 0 labels a readmission submitted from the public form (SIGNUP_SUBMITTED, PUBLIC)[33m 340[2mms[22m[39m
clubs-admin:test:      [33m[2m✓[22m[39m E4-W15 step 8 (E4-W13 report, question 4): «Entitat» and «Actor» ask for the keys they fall back to, entityType and actorRole[33m 719[2mms[22m[39m
clubs-admin:test:      [33m[2m✓[22m[39m opens the exports drawer for a queued job and exposes its READY download[33m 2234[2mms[22m[39m
clubs-admin:test:      [33m[2m✓[22m[39m shows the catalogued EXPORT_LIMIT explanation in the exports drawer[33m 629[2mms[22m[39m
clubs-admin:test:      [33m[2m✓[22m[39m routes a queued members list export into the global drawer[33m 571[2mms[22m[39m
clubs-admin:test:      [33m[2m✓[22m[39m routes a queued dogs list export into the global drawer[33m 721[2mms[22m[39m
clubs-admin:test:  [32m✓[39m src/instructor/student-record.test.tsx [2m([22m[2m9 tests[22m[2m)[22m[33m 5544[2mms[22m[39m
clubs-admin:test:    [32m✓[39m T-10-28 (D13) the desktop student record (S10 §2, R-10-08, R-10-09) [2m(4)[22m
clubs-admin:test:      [33m[2m✓[22m[39m D13 as the mockup: the header chips, four metric cards with their subtitles, the three blocks with the api's tasks, and the «5 darreres classes» table[33m 1133[2mms[22m[39m
clubs-admin:test:      [33m[2m✓[22m[39m no classes in the window reads «—»; TASKS off drops the three blocks, the button and every task read; FREE_TRAINING off drops the training card[33m 509[2mms[22m[39m
clubs-admin:test:      [33m[2m✓[22m[39m [GESTIONAR TASQUES I NOTES] opens the same editor as 26 in a drawer; a task created there shows in the record's block and counters[33m 706[2mms[22m[39m
clubs-admin:test:    [32m✓[39m E6-W02 round 2 (review of 30-09): D13 [2m(4)[22m
clubs-admin:test:      [33m[2m✓[22m[39m #2 (R-10-10): the drawer reaches every task too — «Mostra'n més» reads the second page, and its oldest pending task is completed there[33m 1357[2mms[22m[39m
clubs-admin:test:      [33m[2m✓[22m[39m #3: a round trip through the history keeps the drawer's drafts — the new task's text and file and an open edit — and the focus comes back to the link[33m 729[2mms[22m[39m
clubs-admin:test:    [32m✓[39m «Alumnes» of the back office (mockups D12–D14, S10 §13-9) [2m(1)[22m
clubs-admin:test:      [33m[2m✓[22m[39m instructors see «Alumnes» in the sidebar; the search reads GET /dogs and opens D13[33m 633[2mms[22m[39m
clubs:test:  [32m✓[39m src/booking/confirm.test.tsx [2m([22m[2m17 tests[22m[2m)[22m[33m 7001[2mms[22m[39m
clubs:test:    [32m✓[39m T-08-36 the 30 s hold counts on the api clock, not the device's (R-08-07) [2m(2)[22m
clubs:test:      [33m[2m✓[22m[39m a device clock 5 min ahead still starts at 0:30, reaches 0 at the right instant, then the red note returns to 04[33m 525[2mms[22m[39m
clubs:test:      [33m[2m✓[22m[39m 409 SEAT_HOLD_EXPIRED on the confirmation shows the same red note[33m 910[2mms[22m[39m
clubs:test:    [32m✓[39m T-08-38 screen 06: the swap when the week's limit is reached (R-08-09) [2m(3)[22m
clubs:test:      [33m[2m✓[22m[39m single selection among the swappable bookings, the done one inert, the button names both days, then the swap is confirmed[33m 946[2mms[22m[39m
clubs:test:      [33m[2m✓[22m[39m «CANCEL·LAR LA NOVA RESERVA» releases the hold (DELETE) and goes back to 04[33m 770[2mms[22m[39m
clubs:test:      [33m[2m✓[22m[39m the back gesture leaves the page and releases the hold too[33m 491[2mms[22m[39m
clubs:test:    [32m✓[39m 29: the normal confirmation and the informative variants (S08 §2 29, decision B1) [2m(6)[22m
clubs:test:      [33m[2m✓[22m[39m normal: no swap, «CONFIRMAR LA RESERVA», then the calendar links and the booking[33m 440[2mms[22m[39m
clubs:test:      [33m[2m✓[22m[39m a seat another hold takes: the retry note, and a retry that gets the seat shows the countdown[33m 348[2mms[22m[39m
clubs:test:    [32m✓[39m R-08-18 SINGLE_CLASS on 29, and one Idempotency-Key per payload (R-08-08) [2m(4)[22m
clubs:test:      [33m[2m✓[22m[39m PAY_TO_BOOK: «PAGAR I CONFIRMAR (12,00 €)» opens the api's Checkout URL[33m 350[2mms[22m[39m
clubs:test:      [33m[2m✓[22m[39m CHARGE_ON_ATTENDANCE: the note above the normal button[33m 328[2mms[22m[39m
clubs:test:      [33m[2m✓[22m[39m a confirmation that fails on the way stays on the page, and its retry sends the same key[33m 361[2mms[22m[39m
clubs:build: 
clubs:build: PWA v1.3.0
clubs:build: mode      generateSW
clubs:build: precache  67 entries (1113.48 KiB)
clubs:build: files generated
clubs:build:   dist/sw.js
clubs:build:   dist/workbox-9c191d2f.js
clubs-admin:test:  [32m✓[39m src/census/MemberBookingsCard.test.tsx [2m([22m[2m4 tests[22m[2m)[22m[33m 2469[2mms[22m[39m
clubs-admin:test:    [32m✓[39m E5-W03 step 3 · D10 «Reserves» (S08 §2, S09 §2, R-08-19) [2m(4)[22m
clubs-admin:test:      [33m[2m✓[22m[39m shows the member's class bookings (newest first) and training bookings, read-only, with the «Entra com l'abonat» note[33m 750[2mms[22m[39m
clubs-admin:test:      [33m[2m✓[22m[39m E5-W03 round 2 · review #4: «Mostra'n més» pages through the member's class bookings, never asking for 1000[33m 1255[2mms[22m[39m
clubs-admin:test:  [32m✓[39m src/census/CensusListPage.test.tsx [2m([22m[2m4 tests[22m[2m)[22m[33m 7934[2mms[22m[39m
clubs-admin:test:    [32m✓[39m T-03-38 D5 universal member list [2m(3)[22m
clubs-admin:test:      [33m[2m✓[22m[39m renders applied filters and preserves selection when page size changes[33m 2343[2mms[22m[39m
clubs-admin:test:      [33m[2m✓[22m[39m E4-W12 step 5: a fresh /abonats applies only the status chip «Alta», so a club whose plan ids differ from the fixture's lists its members[33m 714[2mms[22m[39m
clubs-admin:test:      [33m[2m✓[22m[39m toggles visible columns and synchronizes the ordered fields to the URL[33m 1272[2mms[22m[39m
clubs-admin:test:    [32m✓[39m T-03-42 D15 translated dog list [2m(1)[22m
clubs-admin:test:      [33m[2m✓[22m[39m renders the approved columns and dog record links[33m 3600[2mms[22m[39m
clubs-admin:test:  [32m✓[39m src/census/CensusRecordPage.test.tsx [2m([22m[2m13 tests[22m[2m)[22m[33m 7569[2mms[22m[39m
clubs-admin:test:    [32m✓[39m T-03-39 D10 member record [2m(3)[22m
clubs-admin:test:      [33m[2m✓[22m[39m renders the approved badges, masked account, consent warning, dog rights, and WhatsApp URL[33m 1534[2mms[22m[39m
clubs-admin:test:      [33m[2m✓[22m[39m blocks and unblocks new bookings with the required reason[33m 1420[2mms[22m[39m
clubs-admin:test:      [33m[2m✓[22m[39m maps STALE_VERSION when another administrator edited the member[33m 733[2mms[22m[39m
clubs-admin:test:    [32m✓[39m T-01-11 E4-W16 step 1 (INC-15, E47): «Entra com l'abonat» opens the api's launchUrl [2m(2)[22m
clubs-admin:test:      [33m[2m✓[22m[39m opens exactly the launchUrl with the one-time code, in a new tab, and never writes the token into a URL[33m 521[2mms[22m[39m
clubs-admin:test:      [33m[2m✓[22m[39m a response without launchUrl is an error in the dialog and opens nothing (no same-origin guess)[33m 385[2mms[22m[39m
clubs-admin:test:    [32m✓[39m T-03-39 E4-W17 step 9 (AGENTS rule 1): D10's «Pagament» row names a cash member's method [2m(1)[22m
clubs-admin:test:      [33m[2m✓[22m[39m reads «Efectiu» in ca, «Efectivo» in es and «Cash» in en, never the raw MANUAL[33m 644[2mms[22m[39m
clubs-admin:test:    [32m✓[39m T-03-34 (front) E4-W16 step 7 (INC-27, R-03-30): D10 without BILLING keeps its actions [2m(2)[22m
clubs-admin:test:      [33m[2m✓[22m[39m keeps «Bloqueja les reserves», «Inactivitat», «Baixa (amb data)», «Tota l'auditoria ›» and the recent changes; only the invoice rows and «Tots els rebuts» go[33m 444[2mms[22m[39m
clubs-admin:test:      [33m[2m✓[22m[39m with BILLING the card keeps its invoice rows and «Tots els rebuts»[33m 354[2mms[22m[39m
clubs-admin:test:    [32m✓[39m T-03-39 E4-W15 step 8 D10 on the real core (E4-W13 report, question 4) [2m(3)[22m
clubs-admin:test:      [33m[2m✓[22m[39m names a pending document by its type's label, as D2 does, and a type the club no longer lists as «Document pendent»[33m 333[2mms[22m[39m
clubs-admin:test:    [32m✓[39m T-03-38 dog record [2m(2)[22m
clubs-admin:test:      [33m[2m✓[22m[39m deactivates and reactivates a dog without deleting its record[33m 458[2mms[22m[39m
clubs:test:  [32m✓[39m src/instructor/tasks.test.tsx [2m([22m[2m16 tests[22m[2m)[22m[33m 8010[2mms[22m[39m
clubs:test:    [32m✓[39m T-10-28 (26) screen 26 «Tasques i notes» (S10 §2, R-10-10…R-10-12) [2m(10)[22m
clubs:test:      [33m[2m✓[22m[39m mockup 26: the title, the private observations, the three tasks (the done one struck through with «feta per la Laura el 02-08»), the history link, the member's note read-only and [DESA] waiting for a change[33m 877[2mms[22m[39m
clubs:test:      [33m[2m✓[22m[39m T-10-25 «＋ Afegir» uploads the video through the signed url (TASK, the signed headers, no bearer) and creates one task with one Idempotency-Key, even on a double tap; 22's counters follow[33m 529[2mms[22m[39m
clubs:test:      [33m[2m✓[22m[39m the pencil edits the text with the version read; the ✕ asks «Vols eliminar aquesta tasca?» and deletes with its key; ✓ completes (feta per l'Estel) and ↺ reopens[33m 709[2mms[22m[39m
clubs:test:      [33m[2m✓[22m[39m an edit opened before another instructor's change is sent with its own version: STALE_VERSION (409), and the typed text stays[33m 589[2mms[22m[39m
clubs:test:      [33m[2m✓[22m[39m errors by code inside the editor: TASK_ALREADY_DONE (422) after a completion the api refuses, then the list read again[33m 308[2mms[22m[39m
clubs:test:      [33m[2m✓[22m[39m [DESA] saves the observations with the version read and one key; a stale version (tasksStale) keeps the typed text to recover and saves it again on the new version[33m 738[2mms[22m[39m
clubs:test:      [33m[2m✓[22m[39m an observation file goes through the DOG_OBSERVATIONS upload and POST /attachments; a clip opens a fresh signed url[33m 308[2mms[22m[39m
clubs:test:    [32m✓[39m E6-W02 round 2 (review of 30-09): screen 26 [2m(5)[22m
clubs:test:      [33m[2m✓[22m[39m #1 (CONVENCIONS_API §7, T-10-25): a network failure keeps the submission's key, so its retry creates one task[33m 330[2mms[22m[39m
clubs:test:      [33m[2m✓[22m[39m #1 (E74): two deliberate submissions with the same text are two tasks, each with its own key[33m 362[2mms[22m[39m
clubs:test:      [33m[2m✓[22m[39m #2 (R-10-10): with 52 tasks «Mostra'n més» reads the next page into the same list, whose tasks are managed like the rest — the oldest done one reopened, the oldest pending one edited, completed and deleted[33m 1956[2mms[22m[39m
clubs:test:  [32m✓[39m src/instructor/RingBlockPage.test.tsx [2m([22m[2m9 tests[22m[2m)[22m[33m 8698[2mms[22m[39m
clubs:test:    [32m✓[39m screen 24 «Reservar o bloquejar pista» (S09 §2 row 24, R-09-11) [2m(9)[22m
clubs:test:      [33m[2m✓[22m[39m «Reserva de pista» first with its four reasons; «Bloqueig» hides them and offers its two[33m 1423[2mms[22m[39m
clubs:test:      [33m[2m✓[22m[39m every active ring (also those closed to training), the route's ring preselected[33m 573[2mms[22m[39m
clubs:test:      [33m[2m✓[22m[39m a contiguous selection writes the summary and posts the block, then 23 with its toast[33m 1691[2mms[22m[39m
clubs:test:      [33m[2m✓[22m[39m 409 RING_BLOCK_CONFLICT marks the conflicting cells, lists the overlaps and reads the grid again[33m 1415[2mms[22m[39m
clubs:test:      [33m[2m✓[22m[39m 422 RING_HAS_BOOKINGS: the instructor is told to ask the administration, and nothing forces it[33m 747[2mms[22m[39m
clubs:test:      [33m[2m✓[22m[39m FREE_TRAINING off: only «Bloqueig», and the times are taken without a grid (the api validates)[33m 773[2mms[22m[39m
clubs:test:      [33m[2m✓[22m[39m E5-W02 round 2 · review #5: without a grid the band's last half hour can be taken (13:30–14:00)[33m 609[2mms[22m[39m
clubs:test:      [33m[2m✓[22m[39m while the block is sent the button is busy and the grid, kinds and rings are inert[33m 647[2mms[22m[39m
clubs:test:      [33m[2m✓[22m[39m a time refusal is shown by code (400 INVALID_TIME_RANGE), and a lost answer keeps its key[33m 815[2mms[22m[39m
clubs:test:  [32m✓[39m src/App.test.tsx [2m([22m[2m45 tests[22m[2m)[22m[33m 9141[2mms[22m[39m
clubs:test:    [32m✓[39m T-02-14 clubs shell [2m(6)[22m
clubs:test:      [33m[2m✓[22m[39m uses the compact mark with the runtime club name[33m 538[2mms[22m[39m
clubs:test:      [33m[2m✓[22m[39m filters the six-tab mockup navigation by modules and roles[33m 397[2mms[22m[39m
clubs:test:    [32m✓[39m T-01-18 access screen [2m(2)[22m
clubs:test:      [33m[2m✓[22m[39m uses the exact access actions, focuses an empty email and gates signup[33m 462[2mms[22m[39m
clubs:test:    [32m✓[39m T-01-19 activation screen [2m(1)[22m
clubs:test:      [33m[2m✓[22m[39m renders gender-aware, reset and invalid-link variants[33m 492[2mms[22m[39m
clubs:test:    [32m✓[39m E6-W01 round 2 #7 (ruling E71, mockup 20 V6): an instructor lands on 20 [2m(2)[22m
clubs:test:      [33m[2m✓[22m[39m a password login takes an instructor to /instructor/dia and a member-only account to /inici[33m 325[2mms[22m[39m
clubs:test:      [33m[2m✓[22m[39m 03b: «Com a instructora» opens 20 and «Com a alumna» keeps 03[33m 375[2mms[22m[39m
clubs:test:    [32m✓[39m T-01-21 profile access rows and impersonation [2m(2)[22m
clubs:test:      [33m[2m✓[22m[39m renders the mockup rows in order without account sessions or backoffice handoff[33m 378[2mms[22m[39m
clubs:test:    [32m✓[39m T-07-30 E4-W08 S07 §6 /activitats/:id is for MEMBER and impersonated sessions (AGENTS rule 3) [2m(3)[22m
clubs:test:      [33m[2m✓[22m[39m an instructor-only session gets the usual no-access path: no detail, no /me/activities call[33m 474[2mms[22m[39m
clubs:test:    [32m✓[39m T-01-26 imported-account onboarding and policy re-consent [2m(4)[22m
clubs:test:      [33m[2m✓[22m[39m renders the screen and pop-up in Catalan, Spanish and English[33m 329[2mms[22m[39m
clubs:test:    [32m✓[39m T-03-40 mobile own dogs [2m(5)[22m
clubs:test:      [33m[2m✓[22m[39m renders own dogs, saves the note, shows task totals and gates TASKS[33m 336[2mms[22m[39m
clubs:test:      [33m[2m✓[22m[39m E4-W16 step 6 (INC-22): «＋ DOC.» works again after a first upload, on another dog, with empty fields[33m 394[2mms[22m[39m
clubs:test:    [32m✓[39m T-03-40 E3-W12 screen 13 without /parameters (S03 §6 GET /me/dogs, R-03-15, R-03-30, R-03-32) [2m(3)[22m
clubs:test:      [33m[2m✓[22m[39m step 1: «＋ DOC.» offers the club's three types of GET /me/dogs in order, «Assegurança» sends INSURANCE, and /parameters is never read[33m 309[2mms[22m[39m
clubs-admin:test:  [32m✓[39m src/catalogs/ParameterSettings.test.tsx [2m([22m[2m2 tests[22m[2m)[22m[33m 964[2mms[22m[39m
clubs-admin:test:    [32m✓[39m T-02-13 D11 parameter rows [2m(2)[22m
clubs-admin:test:      [33m[2m✓[22m[39m keeps module-less parameters that the core sends with module null[33m 693[2mms[22m[39m
clubs-admin:test:  [32m✓[39m src/dashboard/DashboardPage.test.tsx [2m([22m[2m20 tests[22m[2m)[22m[33m 2472[2mms[22m[39m
clubs-admin:test:    [32m✓[39m T-14-25 D1 dashboard [2m(4)[22m
clubs-admin:test:      [33m[2m✓[22m[39m renders the server aggregate, all risk rows, pending signups, and accessible chart[33m 879[2mms[22m[39m
clubs-admin:test:  [32m✓[39m src/catalogs/SettingsPage.test.tsx [2m([22m[2m9 tests[22m[2m)[22m[33m 10131[2mms[22m[39m
clubs-admin:test:    [32m✓[39m T-02-13 E4-W06 S05 §2 D11 «Nivells»: the «Progressió» switch (S05 §3 Level.progression, E29) [2m(4)[22m
clubs-admin:test:      [33m[2m✓[22m[39m shows one switch per level with the help text: Teràpia is off, the progression levels on[33m 1782[2mms[22m[39m
clubs-admin:test:      [33m[2m✓[22m[39m saves a toggle with PATCH /levels/{id} {progression, version} and keeps the saved level[33m 1846[2mms[22m[39m
clubs-admin:test:      [33m[2m✓[22m[39m shows a refused toggle by its code next to the table and keeps the switch as saved; STALE_VERSION reloads the levels[33m 1217[2mms[22m[39m
clubs-admin:test:      [33m[2m✓[22m[39m the level form carries «Progressió»: a new level outside the progression is created with progression false; an edit keeps the level's value[33m 1796[2mms[22m[39m
clubs-admin:test:    [32m✓[39m T-02-13 E4-W14 S05 §2 D11 «Nivells» follow-ups of the E4-W06 review [2m(5)[22m
clubs-admin:test:      [33m[2m✓[22m[39m S05 §2 the «Progressió» help names no club level, in ca, es and en[33m 774[2mms[22m[39m
clubs-admin:test:      [33m[2m✓[22m[39m S05 §12 B32 the mock levels include «Pendent», outside the progression (off like Teràpia)[33m 390[2mms[22m[39m
clubs-admin:test:      [33m[2m✓[22m[39m a second toggle never re-enables a switch whose PATCH is still pending; each row keeps its own error[33m 1376[2mms[22m[39m
clubs-admin:test:      [33m[2m✓[22m[39m AGENTS rule 6: the catalog row buttons are named after the row's name, not its id[33m 406[2mms[22m[39m
clubs-admin:test:      [33m[2m✓[22m[39m S05 §2 the help sits inside the «Nivells» card, and «Nou nivell» keeps its icon inline[33m 536[2mms[22m[39m
clubs-admin:test:  [32m✓[39m src/App.test.tsx [2m([22m[2m17 tests[22m[2m)[22m[33m 2125[2mms[22m[39m
clubs-admin:test:    [32m✓[39m T-02-14 clubs-admin shell [2m(6)[22m
clubs-admin:test:      [33m[2m✓[22m[39m uses the compact mark with the runtime club name[33m 451[2mms[22m[39m
clubs-admin:test:    [32m✓[39m E3-W07 step 9 menu counters (S14 R-14-08) [2m(2)[22m
clubs-admin:test:      [33m[2m✓[22m[39m reads the counters once for an ADMIN, again on focus, and not on every navigation[33m 539[2mms[22m[39m
clubs-admin:test: Not implemented: navigation to another Document
clubs-admin:test:  [32m✓[39m src/catalogs/PlansPage.test.tsx [2m([22m[2m2 tests[22m[2m)[22m[33m 945[2mms[22m[39m
clubs-admin:test:    [32m✓[39m E4-W16 step 8 (INC-28, S05 §12, §13-5): D8 «Nou preu» proposes the plan's tax, never a country constant [2m(2)[22m
clubs-admin:test:      [33m[2m✓[22m[39m proposes the current price's taxPercent — 0 at a club without VAT — and sends the value shown[33m 640[2mms[22m[39m
clubs-admin:test:      [33m[2m✓[22m[39m a plan whose current price carries 10 % proposes 10, and a plan without prices proposes 0[33m 302[2mms[22m[39m
clubs-admin:test:  [32m✓[39m src/census/SendAnnouncementDialog.test.tsx [2m([22m[2m5 tests[22m[2m)[22m[33m 11324[2mms[22m[39m
clubs-admin:test:    [32m✓[39m T-11-38 «Enviar comunicat» from D5 and D15 (S11 §2, R-11-13) [2m(5)[22m
clubs-admin:test:      [33m[2m✓[22m[39m D5's selection: the dialog sends `memberIds`, the dryRun drives «S'enviarà a 2 abonats», [ENVIA] waits for the tick, and the page says it was sent[33m 5331[2mms[22m[39m
clubs-admin:test:      [33m[2m✓[22m[39m D5's current filters: the dialog sends the list's filters and search, and the count is the api's for them (the members GET /members lists)[33m 1263[2mms[22m[39m
clubs-admin:test:      [33m[2m✓[22m[39m another template clears the tick and asks the dryRun again; NO_RECIPIENTS is said inside the dialog and [ENVIA] stays off[33m 1249[2mms[22m[39m
clubs-admin:test:      [33m[2m✓[22m[39m one Idempotency-Key per submission: a send that got no answer is retried with its key — also after closing and opening the dialog again — and the api counts it once[33m 1843[2mms[22m[39m
clubs-admin:test:      [33m[2m✓[22m[39m D15's selection is dogs: the dialog reads their owners and sends to each once («2 gossos · 1 abonat»)[33m 1635[2mms[22m[39m
clubs-admin:test:  [32m✓[39m src/planning/ClassRegistrantsPanel.test.tsx [2m([22m[2m7 tests[22m[2m)[22m[33m 1516[2mms[22m[39m
clubs-admin:test:    [32m✓[39m E5-W03 step 1 · the registrants panel of a class (S08 §6, R-08-12, R-08-16) [2m(7)[22m
clubs-admin:test:      [33m[2m✓[22m[39m lists every booking as the api orders it, with its state, and the D12 «En espera: …» line[33m 485[2mms[22m[39m
clubs:test:  [32m✓[39m src/instructor/instructor.test.tsx [2m([22m[2m41 tests[22m[2m)[22m[33m 11594[2mms[22m[39m
clubs:test:    [32m✓[39m T-10-27 screen 20 «Grups del dia» (S10 §2, R-10-01) [2m(7)[22m
clubs:test:      [33m[2m✓[22m[39m mockup 20: the day chips, each class with n/n, the hourglass and its second line, the legend and the block with its reason and note[33m 953[2mms[22m[39m
clubs:test:      [33m[2m✓[22m[39m a chip changes the day (?date=); an empty day reads «Cap classe aquest dia»; the instructor chip offers no «Tot el club» and shows another's day[33m 579[2mms[22m[39m
clubs:test:    [32m✓[39m T-10-27 screen 21 «Detall de classe i passar llista» (S10 R-10-02…R-10-06) [2m(14)[22m
clubs:test:      [33m[2m✓[22m[39m mockup 21: the title, n/n, «1 en espera», the instructor, the rows in the api's order, the status lines and the waiting list with its rule[33m 401[2mms[22m[39m
clubs:test:      [33m[2m✓[22m[39m a tap changes the circle locally with no request; [DESA] sends only the changed items with the current version and a UUID key[33m 483[2mms[22m[39m
clubs:test:      [33m[2m✓[22m[39m 409 STALE_VERSION: the toast, the other's change kept, and only the caller's own edit sent again with the new version[33m 322[2mms[22m[39m
clubs:test:      [33m[2m✓[22m[39m after a refusal the list is read again and the caller's choices are rebased: a row someone else changed meanwhile is theirs[33m 334[2mms[22m[39m
clubs:test:    [32m✓[39m E6-W01 step 6 the instructor's student search (S10 §2, §13-9) [2m(3)[22m
clubs:test:      [33m[2m✓[22m[39m lists the active dogs as «{guia} + {gos} · {nivell}», asks the api for the typed text after 300 ms and opens 22[33m 1090[2mms[22m[39m
clubs:test:      [33m[2m✓[22m[39m round 2 #2 (review #2): with 51 matching dogs the first page shows 50 and «Mostra'n més» appends the 51st from the next page[33m 1334[2mms[22m[39m
clubs:test:      [33m[2m✓[22m[39m round 2 #2 and #4: a failed next page keeps the 50 rows, says why by its code, and «Mostra'n més» asks it again[33m 1233[2mms[22m[39m
clubs-admin:test:  [32m✓[39m src/planning/TemplateDayPage.test.tsx [2m([22m[2m7 tests[22m[2m)[22m[33m 1507[2mms[22m[39m
clubs-admin:test:    [32m✓[39m T-06-27 D3b day view per ring / per instructor [2m(7)[22m
clubs-admin:test:      [33m[2m✓[22m[39m shows only the rings used that day in catalog order, plus «Sense» when a class has no ring[33m 630[2mms[22m[39m
clubs-admin:test:  [32m✓[39m src/messaging/AnnouncementsPage.test.tsx [2m([22m[2m10 tests[22m[2m)[22m[33m 11799[2mms[22m[39m
clubs-admin:test:    [32m✓[39m T-11-37 D9 «Comunicats i plantilles» (S11 §2, R-11-12) [2m(10)[22m
clubs-admin:test:      [33m[2m✓[22m[39m mockup D9: the four counts, a category row filters the list, and N-28 opens with its title, category chip, icons, «idioma: CA (amb versió ES)», the body with the variables' labels and the variable chips[33m 1847[2mms[22m[39m
clubs-admin:test:      [33m[2m✓[22m[39m the language select switches the title and the body; a variable chip inserts its label at the caret and [DESA] saves the code keys with the version read[33m 1973[2mms[22m[39m
clubs-admin:test:      [33m[2m✓[22m[39m the matrix: a cell outside caps is an inert «—», one inside toggles; the Push column is informative; SMS and Push columns follow the modules[33m 1529[2mms[22m[39m
clubs-admin:test:      [33m[2m✓[22m[39m [Vista prèvia] renders the unsaved draft per language with the SMS counter and the truncation note, and «Envia'm una prova» says it was sent[33m 542[2mms[22m[39m
clubs-admin:test:      [33m[2m✓[22m[39m R-11-01 in [Vista prèvia]: a language without its own text is previewed with the club's default language, as a member of that language would receive it[33m 536[2mms[22m[39m
clubs-admin:test:      [33m[2m✓[22m[39m [DESA] on its way: the texts, chips and cells are read-only until the api answers, so nothing typed meanwhile is dropped by the answer[33m 875[2mms[22m[39m
clubs-admin:test:      [33m[2m✓[22m[39m a stale PUT says «Algú ha modificat aquesta plantilla; recarrega-la»; [Recarrega] reads it again and keeps the admin's edits — the text and the one matrix cell they clicked — saved on the new version[33m 1527[2mms[22m[39m
clubs-admin:test:      [33m[2m✓[22m[39m the secondary actions as the api allows them: «Restaura el text per defecte» only when customized, no [Desactiva] on a mandatory template, «Elimina» only on the club's own[33m 1458[2mms[22m[39m
clubs-admin:test:      [33m[2m✓[22m[39m errors by code where they belong: a missing required variable (VALIDATION_ERROR missingVariables), a broken [[…]] (400 TEMPLATE_SYNTAX_ERROR) and an unknown one (400 TEMPLATE_UNKNOWN_VARIABLE) under the text, which they describe[33m 763[2mms[22m[39m
clubs-admin:test:      [33m[2m✓[22m[39m «＋ Nova plantilla» creates a CUSTOM template of the chosen category and opens it; the admin's unsaved edits stay with their template while another one is open[33m 742[2mms[22m[39m
clubs-admin:test:  [32m✓[39m src/instructor/week-agenda.test.tsx [2m([22m[2m16 tests[22m[2m)[22m[33m 11284[2mms[22m[39m
clubs-admin:test:    [32m✓[39m T-10-29 D12 «Agenda de la setmana» (S10 §2, R-10-15) [2m(7)[22m
clubs-admin:test:      [33m[2m✓[22m[39m mockup D12: «‹ Setmana actual › del 10 al 15 d'agost», dl–ds, the rows at their hour lines, a training at half height, the block with its reason and note, the classes as delivered[33m 1547[2mms[22m[39m
clubs-admin:test:      [33m[2m✓[22m[39m the filters change the query without hiding trainings or blocks; the arrows move ±7 days through ?setmana=[33m 1455[2mms[22m[39m
clubs-admin:test:      [33m[2m✓[22m[39m a click on a class opens its list under the grid: the header, the names linked to D13, the level, the tasks, the status lines and the waiting list[33m 585[2mms[22m[39m
clubs-admin:test:      [33m[2m✓[22m[39m the badge cycles «— → present → avisat → no presentat → —» and stops on a final row; [DESA LA LLISTA] sends only the changed rows with the current version and a new key[33m 1199[2mms[22m[39m
clubs-admin:test:      [33m[2m✓[22m[39m 409 STALE_VERSION: the toast, the other person's change kept, and only the caller's edit sent again with the new version[33m 1201[2mms[22m[39m
clubs-admin:test:      [33m[2m✓[22m[39m a failed PDF says why by its code, and the page stays as it was[33m 480[2mms[22m[39m
clubs-admin:test:    [32m✓[39m E6-W03 step 11 on D12 (E6-W01 round-2 review #1, R-10-03, R-10-04): the draft after a refusal [2m(1)[22m
clubs-admin:test:      [33m[2m✓[22m[39m a PUT refused with 422 ATTENDANCE_WINDOW_CLOSED whose re-read is closed leaves no choice behind, the badges inert and [DESA LA LLISTA] disabled[33m 875[2mms[22m[39m
clubs-admin:test:    [32m✓[39m E6-W03 step 4 the panel survives the way to D13 and back (?setmana= and the choices) [2m(1)[22m
clubs-admin:test:      [33m[2m✓[22m[39m a name opens D13 with a normal navigation; back on /agenda the week, the class and the unsaved choice are there, rebased on the list read again[33m 759[2mms[22m[39m
clubs-admin:test:    [32m✓[39m E6-W03 D12 after a write: what the grid shows and what the panel keeps [2m(3)[22m
clubs-admin:test:      [33m[2m✓[22m[39m a save reads the week again: the class's «passar llista pendent» mark goes, and the panel stays with «Llista desada»[33m 700[2mms[22m[39m
clubs-admin:test:      [33m[2m✓[22m[39m an unsaved choice survives opening another class and coming back[33m 516[2mms[22m[39m
clubs-admin:test:      [33m[2m✓[22m[39m a reservation made with the ring card reads the week again and shows in the grid[33m 432[2mms[22m[39m
clubs-admin:test:    [32m✓[39m E6-W03 step 7 modules and impersonation on D12 (S10 §9) [2m(2)[22m
clubs-admin:test:      [33m[2m✓[22m[39m FREE_TRAINING off: no training cells and no «Reserva = …» in the legend; WAITLIST off: no «espera» and no «En espera:»[33m 378[2mms[22m[39m
clubs-admin:test:    [32m✓[39m T-10-32 (D12) the three locales, with no missing key [2m(2)[22m
clubs-admin:test:      [33m[2m✓[22m[39m es[33m 328[2mms[22m[39m
clubs-admin:test:      [33m[2m✓[22m[39m en[33m 347[2mms[22m[39m
clubs-admin:test:  [32m✓[39m src/planning/calendar-shared.test.ts [2m([22m[2m8 tests[22m[2m)[22m[32m 91[2mms[22m[39m
clubs-admin:test:  [32m✓[39m src/planning/calendar-literals.test.ts [2m([22m[2m2 tests[22m[2m)[22m[32m 51[2mms[22m[39m
clubs-admin:test:  [32m✓[39m src/planning/description.test.ts [2m([22m[2m7 tests[22m[2m)[22m[32m 78[2mms[22m[39m
clubs-admin:test:  [32m✓[39m src/catalogs/derived-settings.test.ts [2m([22m[2m2 tests[22m[2m)[22m[32m 2[2mms[22m[39m
clubs-admin:test:  [32m✓[39m src/planning/plain-dates.test.ts [2m([22m[2m9 tests[22m[2m)[22m[32m 30[2mms[22m[39m
clubs-admin:test:  [32m✓[39m src/training/RingBlockCard.test.tsx [2m([22m[2m7 tests[22m[2m)[22m[33m 3717[2mms[22m[39m
clubs-admin:test:    [32m✓[39m D12 card «Reservar o bloquejar pista (sense alumne)» (S09 §2 row D12, R-09-11) [2m(7)[22m
clubs-admin:test:      [33m[2m✓[22m[39m the mockup's controls: kinds, «motiu: …», day and times, ring, RESERVA[33m 864[2mms[22m[39m
clubs-admin:test:      [33m[2m✓[22m[39m offers only the free half hours of the ring and their runs, and posts the block[33m 678[2mms[22m[39m
clubs-admin:test:      [33m[2m✓[22m[39m an instructor with live bookings in the way is told to ask the administration[33m 570[2mms[22m[39m
clubs-admin:test:      [33m[2m✓[22m[39m E5-W02 round 2 · review #2: after the refreshed grid the ADMIN still confirms 17:30–18:00 and resends it with cancelBookings (R-09-13)[33m 618[2mms[22m[39m
clubs-admin:test:      [33m[2m✓[22m[39m E5-W02 round 2 · review #2: an ADMIN may pick a half hour held by a live training and force it (R-09-13)[33m 555[2mms[22m[39m
clubs-admin:test:  [32m✓[39m src/planning/CalendarDayPage.test.tsx [2m([22m[2m2 tests[22m[2m)[22m[33m 490[2mms[22m[39m
clubs-admin:test:    [32m✓[39m T-06-28 D4 day view (/calendari/dia/:date, form D) [2m(2)[22m
clubs-admin:test:      [33m[2m✓[22m[39m takes the api's «Sense» column as delivered and never adds its own[33m 349[2mms[22m[39m
clubs-admin:test:  [32m✓[39m src/catalogs/ClubPagesCard.test.tsx [2m([22m[2m2 tests[22m[2m)[22m[33m 580[2mms[22m[39m
clubs-admin:test:    [32m✓[39m T-05-CP-07 club page editor [2m(2)[22m
clubs-admin:test:      [33m[2m✓[22m[39m warns about provisional text and confirms the next consent version before publishing[33m 451[2mms[22m[39m
clubs:test:  [32m✓[39m src/training/TrainingPage.test.tsx [2m([22m[2m21 tests[22m[2m)[22m[33m 13093[2mms[22m[39m
clubs:test:    [32m✓[39m T-09-37 screen 08 exists only with a dog allowed to train alone [2m(3)[22m
clubs:test:      [33m[2m✓[22m[39m without eligible dogs the tab is absent and /entrenaments goes back to 03[33m 1382[2mms[22m[39m
clubs:test:      [33m[2m✓[22m[39m with Rock and Toby the tab exists and Rock (defaultDogId) is the selected chip[33m 945[2mms[22m[39m
clubs:test:      [33m[2m✓[22m[39m FREE_TRAINING off: no tab, and the route shows nothing of the module[33m 919[2mms[22m[39m
clubs:test:    [32m✓[39m T-09-38 screen 08 grid, «Qualsevol» and the confirmation [2m(4)[22m
clubs:test:      [33m[2m✓[22m[39m draws the api's cells: free outlined and pressable, struck, «classe» dimmed[33m 846[2mms[22m[39m
clubs:test:      [33m[2m✓[22m[39m «Qualsevol» with two free rings asks which one, Muntanya first, and books with it[33m 1235[2mms[22m[39m
clubs:test:      [33m[2m✓[22m[39m the counter card reads the selected day's week and follows the dog[33m 673[2mms[22m[39m
clubs:test:      [33m[2m✓[22m[39m a closed day says so and draws no grid[33m 528[2mms[22m[39m
clubs:test:    [32m✓[39m T-09-39 screen 08 at the weekly limit (R-09-05) [2m(2)[22m
clubs:test:      [33m[2m✓[22m[39m with cancellable sessions: no button, the message and a link to each[33m 541[2mms[22m[39m
clubs:test:      [33m[2m✓[22m[39m without any cancellable session: the short message[33m 444[2mms[22m[39m
clubs:test:    [32m✓[39m screen 08 refusals by code (S09 §6, R-09-06) [2m(5)[22m
clubs:test:      [33m[2m✓[22m[39m 409 SLOT_TAKEN: the message, the grid read again and the api's free rings offered[33m 936[2mms[22m[39m
clubs:test:      [33m[2m✓[22m[39m 409 TRAINING_LIMIT_REACHED on a stale counter: the R-09-05 message from the details[33m 635[2mms[22m[39m
clubs:test:      [33m[2m✓[22m[39m 422 codes show their message by code, never the api's text[33m 575[2mms[22m[39m
clubs:test:      [33m[2m✓[22m[39m while the booking is sent the button is busy and the grid, days and dogs are inert[33m 683[2mms[22m[39m
clubs:test:      [33m[2m✓[22m[39m a lost answer keeps its Idempotency-Key for the retry; an answer drops it[33m 671[2mms[22m[39m
clubs:test:    [32m✓[39m screen 08 without network (S09 §2 «sense connexió») [2m(1)[22m
clubs:test:      [33m[2m✓[22m[39m keeps the last grid marked «pot no estar al dia» and blocks the booking[33m 395[2mms[22m[39m
clubs:test:    [32m✓[39m E5-W02 round 2 · review #1: the offline copy of 08 is per club and person (S09 §6) [2m(2)[22m
clubs:test:      [33m[2m✓[22m[39m A's answers never show for B after a network failure, and B's session drops A's copy[33m 314[2mms[22m[39m
clubs:test:      [33m[2m✓[22m[39m an impersonated session never reads the answers the account's own session kept[33m 332[2mms[22m[39m
clubs:test:    [32m✓[39m E5-W02 round 2 · review #3: the tab follows the member's rights (R-09-01, S09 §7) [2m(3)[22m
clubs:test:      [33m[2m✓[22m[39m rights granted while away: the tab appears when the app regains focus[33m 360[2mms[22m[39m
clubs-admin:test:  [32m✓[39m src/training/TrainingRegisterPage.test.tsx [2m([22m[2m8 tests[22m[2m)[22m[33m 4194[2mms[22m[39m
clubs-admin:test:    [32m✓[39m E5-W03 step 2 · «Entrenaments», the ring-usage register (S09 §2 and §13-8) [2m(8)[22m
clubs-admin:test:      [33m[2m✓[22m[39m tab 1 reads GET /training-bookings with the current week and startsAt,desc, and links the member to D10 (ADMIN)[33m 797[2mms[22m[39m
clubs-admin:test:      [33m[2m✓[22m[39m offers the api's values with their counts in the universal filter (no filter-values route: counted from the list)[33m 518[2mms[22m[39m
clubs-admin:test:      [33m[2m✓[22m[39m S14 R-14-12 exports the list's filters and columns (ADMIN) and never for an INSTRUCTOR[33m 585[2mms[22m[39m
clubs-admin:test:      [33m[2m✓[22m[39m tab 2 lists the blocks and ring reservations; [Anul·la el bloqueig] is hidden for an activity's block and cancels the others[33m 516[2mms[22m[39m
clubs-admin:test:      [33m[2m✓[22m[39m 409 INVALID_STATE on a cancellation shows why and reads the list again; an INSTRUCTOR has no row action[33m 593[2mms[22m[39m
clubs-admin:test:      [33m[2m✓[22m[39m E5-W03 round 2 · review #9: the date and relation filters offer only operators that take one value, and the query says so[33m 779[2mms[22m[39m
clubs-admin:build: vite v8.2.2 building client environment for production...
clubs-admin:build: transforming...
clubs-admin:test:  [32m✓[39m src/census/NotificationPreferencesBlock.test.tsx [2m([22m[2m6 tests[22m[2m)[22m[33m 1187[2mms[22m[39m
clubs-admin:test:    [32m✓[39m T-11-38 D10 «Preferències d'avisos» (S11 §2, R-11-04) [2m(6)[22m
clubs-admin:test:      [33m[2m✓[22m[39m each change shows at once and the changes of 300 ms travel as one partial PUT[33m 413[2mms[22m[39m
clubs-admin:test:      [33m[2m✓[22m[39m a refused save (422 INVALID_REMINDER_OPTION) puts back what the api holds and says why[33m 323[2mms[22m[39m
clubs-admin:build: ✓ 291 modules transformed.
clubs-admin:build: rendering chunks...
clubs-admin:build: computing gzip size...
clubs-admin:build: dist/index.html                                             2.65 kB │ gzip:   0.91 kB
clubs-admin:build: dist/assets/sprite-BOr1Ydze.svg                             5.78 kB │ gzip:   1.52 kB
clubs-admin:build: dist/assets/montserrat-latin-600-normal-UVxSCcoG.woff2     18.68 kB
clubs-admin:build: dist/assets/montserrat-latin-500-normal-DRFEGfly.woff2     18.74 kB
clubs-admin:build: dist/assets/montserrat-latin-400-normal-BLhwKU8k.woff2     18.78 kB
clubs-admin:build: dist/assets/montserrat-latin-700-normal-BdjcYUrC.woff2     18.82 kB
clubs-admin:build: dist/assets/montserrat-latin-600-normal-CdhFl4lI.woff      20.54 kB
clubs-admin:build: dist/assets/montserrat-latin-500-normal-Dok2oTci.woff      20.60 kB
clubs-admin:build: dist/assets/montserrat-latin-400-normal-xItZbAXg.woff      20.64 kB
clubs-admin:build: dist/assets/montserrat-latin-700-normal-BWkrl476.woff      20.67 kB
clubs-admin:build: dist/assets/index-DDmtsg1T.css                            123.71 kB │ gzip:  18.89 kB
clubs-admin:build: dist/assets/history-B1Xz7N4l.js                             1.27 kB │ gzip:   0.65 kB
clubs-admin:build: dist/assets/admin-training-CUhpZeIX.js                      1.29 kB │ gzip:   0.60 kB
clubs-admin:build: dist/assets/history-D5FndTjo.js                             1.32 kB │ gzip:   0.68 kB
clubs-admin:build: dist/assets/admin-training-DW_92FHy.js                      1.35 kB │ gzip:   0.66 kB
clubs-admin:build: dist/assets/history-Bs5JKpAd.js                             1.35 kB │ gzip:   0.69 kB
clubs-admin:build: dist/assets/admin-training-BANDClBZ.js                      1.37 kB │ gzip:   0.67 kB
clubs-admin:build: dist/assets/training-CYuCURIa.js                            1.57 kB │ gzip:   0.80 kB
clubs-admin:build: dist/assets/home-CLVBc5a3.js                                1.59 kB │ gzip:   0.79 kB
clubs-admin:build: dist/assets/training-DhvOYmdN.js                            1.62 kB │ gzip:   0.85 kB
clubs-admin:build: dist/assets/training-B5riWOVN.js                            1.63 kB │ gzip:   0.86 kB
clubs-admin:build: dist/assets/home-DIaHUeYG.js                                1.65 kB │ gzip:   0.84 kB
clubs-admin:build: dist/assets/home-vQT0WHAi.js                                1.67 kB │ gzip:   0.84 kB
clubs-admin:build: dist/assets/activities-_j5UPNJ2.js                          1.79 kB │ gzip:   0.83 kB
clubs-admin:build: dist/assets/activities-D_fvQi10.js                          1.86 kB │ gzip:   0.91 kB
clubs-admin:build: dist/assets/activities-BKuUowmB.js                          1.88 kB │ gzip:   0.91 kB
clubs-admin:build: dist/assets/admin-dashboard-VZhOZ68T.js                     2.07 kB │ gzip:   1.02 kB
clubs-admin:build: dist/assets/admin-dashboard-MI69Hia9.js                     2.13 kB │ gzip:   1.10 kB
clubs-admin:build: dist/assets/admin-dashboard-DNVY2TkD.js                     2.18 kB │ gzip:   1.11 kB
clubs-admin:build: dist/assets/id-cJQwgM2i.js                                  2.89 kB │ gzip:   1.28 kB
clubs-admin:build: dist/assets/admin-audit-B0Z1oVf2.js                         2.95 kB │ gzip:   1.39 kB
clubs-admin:build: dist/assets/id-Dio3OKNo.js                                  3.04 kB │ gzip:   1.41 kB
clubs-admin:build: dist/assets/id-Rnv2hXs4.js                                  3.10 kB │ gzip:   1.42 kB
clubs-admin:build: dist/assets/admin-audit-BS32JsSa.js                         3.20 kB │ gzip:   1.54 kB
clubs-admin:build: dist/assets/admin-audit-CkyykZV1.js                         3.28 kB │ gzip:   1.56 kB
clubs-admin:build: dist/assets/auth-WgUpLopB.js                                4.42 kB │ gzip:   1.91 kB
clubs-admin:build: dist/assets/admin-messaging-ByT_iFIg.js                     4.51 kB │ gzip:   1.85 kB
clubs-admin:build: dist/assets/admin-messaging-DZ4OvAGp.js                     4.68 kB │ gzip:   1.99 kB
clubs-admin:build: dist/assets/admin-messaging-pKH5orvI.js                     4.77 kB │ gzip:   2.01 kB
clubs-admin:build: dist/assets/booking-Bzzfkcsu.js                             4.79 kB │ gzip:   1.82 kB
clubs-admin:build: dist/assets/auth-BekBu7TO.js                                5.00 kB │ gzip:   2.14 kB
clubs-admin:build: dist/assets/auth-D21yMcBE.js                                5.05 kB │ gzip:   2.14 kB
clubs-admin:build: dist/assets/booking-DFimaro9.js                             5.11 kB │ gzip:   2.00 kB
clubs-admin:build: dist/assets/booking-CG4lcbly.js                             5.14 kB │ gzip:   2.01 kB
clubs-admin:build: dist/assets/enums-BjMmuLTh.js                               5.29 kB │ gzip:   2.23 kB
clubs-admin:build: dist/assets/admin-catalogs-p29fM8xq.js                      5.41 kB │ gzip:   2.01 kB
clubs-admin:build: dist/assets/enums-BFXVROXo.js                               5.45 kB │ gzip:   2.32 kB
clubs-admin:build: dist/assets/enums-CbqxAICZ.js                               5.48 kB │ gzip:   2.32 kB
clubs-admin:build: dist/assets/signup-BkgU37Eh.js                              5.63 kB │ gzip:   2.54 kB
clubs-admin:build: dist/assets/admin-catalogs-dZtpqy8S.js                      5.67 kB │ gzip:   2.23 kB
clubs-admin:build: dist/assets/admin-catalogs-D4wG5vIy.js                      5.87 kB │ gzip:   2.26 kB
clubs-admin:build: dist/assets/signup-Bi4UbtBk.js                              5.88 kB │ gzip:   2.80 kB
clubs-admin:build: dist/assets/signup-DQ9RZKro.js                              5.97 kB │ gzip:   2.82 kB
clubs-admin:build: dist/assets/admin-activities-Cmq1QEmn.js                    6.01 kB │ gzip:   2.42 kB
clubs-admin:build: dist/assets/admin-activities-p-Yew4Zm.js                    6.17 kB │ gzip:   2.62 kB
clubs-admin:build: dist/assets/census-BOHKi2ap.js                              6.29 kB │ gzip:   2.46 kB
clubs-admin:build: dist/assets/admin-activities-7OuSwNid.js                    6.38 kB │ gzip:   2.68 kB
clubs-admin:build: dist/assets/census-DzCi7EDA.js                              6.62 kB │ gzip:   2.71 kB
clubs-admin:build: dist/assets/census-JNndoYUQ.js                              6.81 kB │ gzip:   2.75 kB
clubs-admin:build: dist/assets/admin-scheduling-nhXWwjRG.js                    8.23 kB │ gzip:   3.04 kB
clubs-admin:build: dist/assets/admin-scheduling-DeLeUPtJ.js                    8.64 kB │ gzip:   3.30 kB
clubs-admin:build: dist/assets/admin-scheduling-BhSriSnV.js                    8.64 kB │ gzip:   3.31 kB
clubs-admin:build: dist/assets/instructor-D5tRIg2g.js                          8.86 kB │ gzip:   3.22 kB
clubs-admin:build: dist/assets/instructor-WLNKf0N6.js                          9.25 kB │ gzip:   3.44 kB
clubs-admin:build: dist/assets/instructor-BC9vfQ4m.js                          9.34 kB │ gzip:   3.45 kB
clubs-admin:build: dist/assets/admin-census-C3kcN9nY.js                       11.80 kB │ gzip:   4.63 kB
clubs-admin:build: dist/assets/admin-census-BrV0ypGo.js                       12.55 kB │ gzip:   4.97 kB
clubs-admin:build: dist/assets/admin-census-BG0hq1Ot.js                       12.93 kB │ gzip:   5.07 kB
clubs-admin:build: dist/assets/admin-settings-B1ONV6DO.js                     21.68 kB │ gzip:   7.68 kB
clubs-admin:build: dist/assets/errors-DLyAknxo.js                             21.99 kB │ gzip:   7.18 kB
clubs-admin:build: dist/assets/admin-settings-Ch6Tk865.js                     23.18 kB │ gzip:   8.29 kB
clubs-admin:build: dist/assets/errors-Bvp7svDM.js                             23.31 kB │ gzip:   7.57 kB
clubs-admin:build: dist/assets/errors-QdWmQXin.js                             23.32 kB │ gzip:   7.54 kB
clubs-admin:build: dist/assets/admin-settings-s46_PTCU.js                     23.62 kB │ gzip:   8.30 kB
clubs-admin:build: dist/assets/index-BDj-CmFq.js                           1,107.14 kB │ gzip: 387.56 kB
clubs-admin:build: 
clubs-admin:build: [33m[INEFFECTIVE_DYNAMIC_IMPORT] [0m../../packages/i18n/src/locales/ca/common.json is dynamically imported by ../../packages/i18n/src/resources.ts but also statically imported by ../../packages/i18n/src/catalog.ts, dynamic import will not move module into another chunk.
clubs-admin:build: 
clubs-admin:build: [plugin builtin:vite-reporter] 
clubs-admin:build: (!) Some chunks are larger than 500 kB after minification. Consider:
clubs-admin:build: - Using dynamic import() to code-split the application
clubs-admin:build: - Use build.rolldownOptions.output.codeSplitting to improve chunking: https://rolldown.rs/reference/OutputOptions.codeSplitting
clubs-admin:build: - Adjust chunk size limit for this warning via build.chunkSizeWarningLimit.
clubs-admin:build: [33m[INEFFECTIVE_DYNAMIC_IMPORT] [0m../../packages/i18n/src/locales/ca/shell.json is dynamically imported by ../../packages/i18n/src/resources.ts but also statically imported by ../../packages/i18n/src/catalog.ts, dynamic import will not move module into another chunk.
clubs-admin:build: 
clubs-admin:build: [33m[INEFFECTIVE_DYNAMIC_IMPORT] [0m../../packages/i18n/src/locales/en/common.json is dynamically imported by ../../packages/i18n/src/resources.ts but also statically imported by ../../packages/i18n/src/catalog.ts, dynamic import will not move module into another chunk.
clubs-admin:build: 
clubs-admin:build: [33m[INEFFECTIVE_DYNAMIC_IMPORT] [0m../../packages/i18n/src/locales/en/shell.json is dynamically imported by ../../packages/i18n/src/resources.ts but also statically imported by ../../packages/i18n/src/catalog.ts, dynamic import will not move module into another chunk.
clubs-admin:build: 
clubs-admin:build: [33m[INEFFECTIVE_DYNAMIC_IMPORT] [0m../../packages/i18n/src/locales/es/common.json is dynamically imported by ../../packages/i18n/src/resources.ts but also statically imported by ../../packages/i18n/src/catalog.ts, dynamic import will not move module into another chunk.
clubs-admin:build: 
clubs-admin:build: [33m[INEFFECTIVE_DYNAMIC_IMPORT] [0m../../packages/i18n/src/locales/es/shell.json is dynamically imported by ../../packages/i18n/src/resources.ts but also statically imported by ../../packages/i18n/src/catalog.ts, dynamic import will not move module into another chunk.
clubs-admin:build: 
clubs-admin:build: ✓ built in 391ms
clubs:test:  [32m✓[39m src/SignupPage.test.tsx [2m([22m[2m99 tests[22m[2m)[22m[33m 15624[2mms[22m[39m
clubs:test:    [32m✓[39m T-04-29 signup person and draft [2m(7)[22m
clubs:test:      [33m[2m✓[22m[39m persists a current draft, expires it after 24 hours and maps identity states[33m 933[2mms[22m[39m
clubs:test:      [33m[2m✓[22m[39m keeps the draft and refetches localized configuration after a language change[33m 342[2mms[22m[39m
clubs:test:      [33m[2m✓[22m[39m masks and validates the browser-independent birth date control[33m 574[2mms[22m[39m
clubs:test:      [33m[2m✓[22m[39m M2 checks the ES postal code and a past birth date from 1900 before any request[33m 640[2mms[22m[39m
clubs:test:      [33m[2m✓[22m[39m focuses the first error after it renders and links each field to its message[33m 304[2mms[22m[39m
clubs:test:      [33m[2m✓[22m[39m GENERIC profile: the first document type of the profile and an editable prefix[33m 868[2mms[22m[39m
clubs:test:    [32m✓[39m T-04-30 signup dog, uploads, plans and module gates [2m(5)[22m
clubs:test:      [33m[2m✓[22m[39m uploads sequentially named vaccination pages and renders API plans[33m 452[2mms[22m[39m
clubs:test:      [33m[2m✓[22m[39m validates and normalises the chip per country profile and the birth month[33m 407[2mms[22m[39m
clubs:test:    [32m✓[39m T-04-31 signup family lookup [2m(3)[22m
clubs:test:      [33m[2m✓[22m[39m continues empty, resolves the fixture family and supports a pending lookup[33m 372[2mms[22m[39m
clubs:test:    [32m✓[39m T-04-32 signup payment, checkout and add-dog mode [2m(12)[22m
clubs:test:      [33m[2m✓[22m[39m sends notesToInstructors from 17 and holderTaxId from 19 (§2, §3)[33m 311[2mms[22m[39m
clubs:test:    [32m✓[39m M1 stable retries (CONVENCIONS_API §7, R-04-26/27) [2m(4)[22m
clubs:test:      [33m[2m✓[22m[39m changing a payload field after a failure uses a new key[33m 312[2mms[22m[39m
clubs:test:    [32m✓[39m E3-W08 step 7: the three narrow cases of the E3-W06 round-2 review [2m(5)[22m
clubs:test:      [33m[2m✓[22m[39m #1 a slow full page load: the departing page never renders nor consumes the destination's error[33m 420[2mms[22m[39m
clubs:test: 
clubs:test: [2m Test Files [22m [1m[32m19 passed[39m[22m[90m (19)[39m
clubs:test: [2m      Tests [22m [1m[32m374 passed[39m[22m[90m (374)[39m
clubs:test: [2m   Start at [22m 18:37:47
clubs:test: [2m   Duration [22m 23.21s[2m (tests 46%, environment 25%, transform 19%, import 6%, setup 4%)[22m
clubs:test: 
clubs-admin:test:  [32m✓[39m src/dashboard/SignupReviewPage.test.tsx [2m([22m[2m95 tests[22m[2m)[22m[33m 15637[2mms[22m[39m
clubs-admin:test:    [32m✓[39m T-04-33 D2 signup validation [2m(22)[22m
clubs-admin:test:      [33m[2m✓[22m[39m shows the mockup: DNI and phone in full, signed documents, consent warning, level, invoice and Stripe payment[33m 914[2mms[22m[39m
clubs-admin:test:      [33m[2m✓[22m[39m E4-W12 step 2: the edit drawer labels a passport «Passaport» too[33m 506[2mms[22m[39m
clubs-admin:test:      [33m[2m✓[22m[39m requires explicit confirmation when a manual upfront payment is zero[33m 305[2mms[22m[39m
clubs-admin:test:    [32m✓[39m E3-W07 step 1 · M12 each dog is saved with its own version (R-04-19) [2m(3)[22m
clubs-admin:test:      [33m[2m✓[22m[39m edits the member and the dog in one save: the dog PATCH carries the dog's version, not the member's[33m 468[2mms[22m[39m
clubs-admin:test:      [33m[2m✓[22m[39m add-dog: the person is read-only and the new dog is saved with its version 0 while the member is at 7 (R-04-25)[33m 313[2mms[22m[39m
clubs-admin:test:      [33m[2m✓[22m[39m after a partial save (the member saved, the dog failed) reloads, shows the error in the drawer and retries only the dog[33m 587[2mms[22m[39m
clubs-admin:test:    [32m✓[39m E3-W07 async drawer: nothing typed during a save is lost [2m(1)[22m
clubs-admin:test:      [33m[2m✓[22m[39m locks the fields while the save is in flight[33m 504[2mms[22m[39m
clubs-admin:test:    [32m✓[39m E3-W07 step 2 · M13 422 codes on their fields (S04 §2 D2) [2m(11)[22m
clubs-admin:test:      [33m[2m✓[22m[39m maps the mock's own answers too: a missing level and a missing date[33m 388[2mms[22m[39m
clubs-admin:test:    [32m✓[39m E3-W07 step 3 · M14 both contacts and the full edit drawer (R-04-19, R-04-03) [2m(4)[22m
clubs-admin:test:      [33m[2m✓[22m[39m offers gender (three values), the notes, holderTaxId and the requested plan read-only[33m 322[2mms[22m[39m
clubs-admin:test:      [33m[2m✓[22m[39m adds a dog document forwarding the signed upload headers, and removes one[33m 725[2mms[22m[39m
clubs-admin:test:    [32m✓[39m E3-W07 step 4 · M15 the plan and family decisions (R-04-13, T-04-33) [2m(4)[22m
clubs-admin:test:      [33m[2m✓[22m[39m a NOT_FOUND_PENDING claim shows what the applicant typed and is resolved by attaching the holder's group[33m 693[2mms[22m[39m
clubs-admin:test:  [32m✓[39m src/audit/list-exports.test.tsx [2m([22m[2m30 tests[22m[2m)[22m[33m 15110[2mms[22m[39m
clubs-admin:test:    [32m✓[39m T-14-26 R-14-12 E4-W07 D5 members «Excel · PDF» → Excel [2m(4)[22m
clubs-admin:test:      [33m[2m✓[22m[39m 200: saves the api's file byte for byte, with its Content-Type and the Content-Disposition name, and sends the list's parameters[33m 1393[2mms[22m[39m
clubs-admin:test:      [33m[2m✓[22m[39m 202: opens the exports drawer with the queued job and saves nothing[33m 1183[2mms[22m[39m
clubs-admin:test:      [33m[2m✓[22m[39m 422 EXPORT_LIMIT: shows the drawer's notice[33m 751[2mms[22m[39m
clubs-admin:test:      [33m[2m✓[22m[39m 422 EXPORT_TOO_LARGE: shows errors:EXPORT_TOO_LARGE next to the button[33m 636[2mms[22m[39m
clubs-admin:test:    [32m✓[39m T-14-26 R-14-12 E4-W07 D5 members «Exportar selecció» [2m(4)[22m
clubs-admin:test:      [33m[2m✓[22m[39m 200: saves the api's file byte for byte, with its Content-Type and the Content-Disposition name, and sends the list's parameters[33m 864[2mms[22m[39m
clubs-admin:test:      [33m[2m✓[22m[39m 202: opens the exports drawer with the queued job and saves nothing[33m 803[2mms[22m[39m
clubs-admin:test:      [33m[2m✓[22m[39m 422 EXPORT_LIMIT: shows the drawer's notice[33m 746[2mms[22m[39m
clubs-admin:test:      [33m[2m✓[22m[39m 422 EXPORT_TOO_LARGE: shows errors:EXPORT_TOO_LARGE next to the button[33m 703[2mms[22m[39m
clubs-admin:test:    [32m✓[39m T-14-26 R-14-12 E4-W07 D15 dogs «Excel · PDF» → PDF [2m(4)[22m
clubs-admin:test:      [33m[2m✓[22m[39m 200: saves the api's file byte for byte, with its Content-Type and the Content-Disposition name, and sends the list's parameters[33m 593[2mms[22m[39m
clubs-admin:test:      [33m[2m✓[22m[39m 202: opens the exports drawer with the queued job and saves nothing[33m 540[2mms[22m[39m
clubs-admin:test:      [33m[2m✓[22m[39m 422 EXPORT_LIMIT: shows the drawer's notice[33m 432[2mms[22m[39m
clubs-admin:test:      [33m[2m✓[22m[39m 422 EXPORT_TOO_LARGE: shows errors:EXPORT_TOO_LARGE next to the button[33m 455[2mms[22m[39m
clubs-admin:test:    [32m✓[39m T-14-26 R-14-12 E4-W07 member audit «Excel · PDF» → Excel [2m(4)[22m
clubs-admin:test:      [33m[2m✓[22m[39m 200: saves the api's file byte for byte, with its Content-Type and the Content-Disposition name, and sends the list's parameters[33m 350[2mms[22m[39m
clubs-admin:test:      [33m[2m✓[22m[39m 202: opens the exports drawer with the queued job and saves nothing[33m 446[2mms[22m[39m
clubs-admin:test:      [33m[2m✓[22m[39m 422 EXPORT_LIMIT: shows the drawer's notice[33m 312[2mms[22m[39m
clubs-admin:test:      [33m[2m✓[22m[39m 422 EXPORT_TOO_LARGE: shows errors:EXPORT_TOO_LARGE next to the button[33m 327[2mms[22m[39m
clubs-admin:test:    [32m✓[39m T-14-26 R-14-12 E4-W07 one export at a time [2m(4)[22m
clubs-admin:test:      [33m[2m✓[22m[39m R-03-24 «Exportar selecció» still exports the selected rows after a new search hides them[33m 656[2mms[22m[39m
clubs-admin:test:    [32m✓[39m T-14-26 R-14-12 E4-W16 step 5 (INC-21): a queued export is downloaded from the drawer [2m(2)[22m
clubs-admin:test:      [33m[2m✓[22m[39m the READY row reads GET /exports/{id} and fetches the api's signed route with the bearer, saved byte for byte[33m 1296[2mms[22m[39m
clubs-admin:test:      [33m[2m✓[22m[39m a signed S3 url opens as it is, and a failed download is shown inside the drawer[33m 1280[2mms[22m[39m
clubs-admin:test:  [32m✓[39m src/planning/TemplatesPage.test.tsx [2m([22m[2m29 tests[22m[2m)[22m[33m 18926[2mms[22m[39m
clubs-admin:test:    [32m✓[39m T-06-26 D3 weekly templates [2m(13)[22m
clubs-admin:test:      [33m[2m✓[22m[39m prefills band and day from an empty cell, fills the description by levels, keeps the manual text and asks for another class in the band[33m 3606[2mms[22m[39m
clubs-admin:test:      [33m[2m✓[22m[39m saves every change of a full cell at once with the template version[33m 2305[2mms[22m[39m
clubs-admin:test:      [33m[2m✓[22m[39m queues two quick changes of a full cell and sends each PATCH with the latest version[33m 1489[2mms[22m[39m
clubs-admin:test:      [33m[2m✓[22m[39m reloads the template and remounts the card on STALE_VERSION[33m 1637[2mms[22m[39m
clubs-admin:test:      [33m[2m✓[22m[39m puts the form back to the saved class when a PATCH fails[33m 890[2mms[22m[39m
clubs-admin:test:      [33m[2m✓[22m[39m shows a failed load of the weeks and the coverage with [Torna-ho a provar] instead of a loading table[33m 722[2mms[22m[39m
clubs-admin:test:      [33m[2m✓[22m[39m shows each band error on the field that caused it[33m 599[2mms[22m[39m
clubs-admin:test:      [33m[2m✓[22m[39m marks the inconsistency on the cells and in the footer note and blocks the generation[33m 751[2mms[22m[39m
clubs-admin:test:      [33m[2m✓[22m[39m confirms «Es generaran com a esborrany les classes de la setmana del …» and generates the proposed week[33m 522[2mms[22m[39m
clubs-admin:test:    [32m✓[39m T-06-26 E4-W06 D3 edit-mode leftovers of the E4-W01 round-2 review [2m(3)[22m
clubs-admin:test:      [33m[2m✓[22m[39m R-06-02 #3 «Treu de la plantilla» waits for the level PATCH queued before it: the DELETE never overtakes it[33m 317[2mms[22m[39m
clubs-admin:test:      [33m[2m✓[22m[39m S06 §3 #4 without the opening hours, OUTSIDE_OPENING_HOURS lands on the time the admin moved; a new band gets it without a field[33m 380[2mms[22m[39m
clubs-admin:test:    [32m✓[39m T-06-26 E4-W14 D3 the removal queue (E4-W06 review #3 and #4) [2m(4)[22m
clubs-admin:test:      [33m[2m✓[22m[39m R-06-02 «Esborra la franja» (removeBand) waits in the queue for the level PATCH before it; then the drawer closes[33m 468[2mms[22m[39m
clubs-admin:test:      [33m[2m✓[22m[39m R-06-02 a band removal never drops a class change queued after it: the PATCH is sent once the DELETE answers[33m 463[2mms[22m[39m
clubs-admin:test:      [33m[2m✓[22m[39m R-06-02 a failed «Treu de la plantilla» keeps the change queued after it: its PATCH is sent[33m 360[2mms[22m[39m
clubs-admin:test:    [32m✓[39m T-06-26 E4-W14 round 2 D3 the queue drops only the removed or refused class's changes (review #2) [2m(3)[22m
clubs-admin:test:      [33m[2m✓[22m[39m R-06-02 class B's chip change, queued behind class A's removal, is saved with the template's new version[33m 630[2mms[22m[39m
clubs-admin:test:      [33m[2m✓[22m[39m R-06-02 class B's change queued behind class A's refused PATCH is sent; A's error goes to the page, since A's form is gone[33m 554[2mms[22m[39m
clubs-admin:test:      [33m[2m✓[22m[39m R-06-02 a change of class A queued after A's own removal is dropped with a message: the class no longer exists[33m 342[2mms[22m[39m
clubs-admin:test:    [32m✓[39m T-06-26 E4-W10 D3 closed days (S06 R-06-01, S02 R-02-09) [2m(2)[22m
clubs-admin:test:      [33m[2m✓[22m[39m R-06-01 R-02-09 a template whose kind has a closed day takes no band: the drawer says which day and sends nothing; the Saturday template still takes one[33m 495[2mms[22m[39m
clubs-admin:test:      [33m[2m✓[22m[39m S06 §3 a failed GET /club/opening-hours shows its error with [Torna-ho a provar] instead of assuming 07:00–22:00; after the retry the closed Monday is named again[33m 315[2mms[22m[39m
clubs-admin:test:    [32m✓[39m T-06-26 E4-W11 D3 follow-ups of the E4-W10 review [2m(2)[22m
clubs-admin:test:      [33m[2m✓[22m[39m R-06-01 R-02-09 the closed days read as a label with the days joined as a list: «Dies de tancament: dilluns i dimarts. …»[33m 341[2mms[22m[39m
clubs-admin:test:  [32m✓[39m src/activities/ActivitiesPage.test.tsx [2m([22m[2m48 tests[22m[2m)[22m[33m 19064[2mms[22m[39m
clubs-admin:test:    [32m✓[39m T-07-29 D7 activities (list, maintenance, publication, cancellation) [2m(23)[22m
clubs-admin:test:      [33m[2m✓[22m[39m draws the four mockup rows with the R-07-13 dates, rings, registrations and state chips[33m 1268[2mms[22m[39m
clubs-admin:test:      [33m[2m✓[22m[39m «Nova activitat» creates a draft with title and type and opens its maintenance[33m 1694[2mms[22m[39m
clubs-admin:test:      [33m[2m✓[22m[39m shows the mockup maintenance of «Torneig d'Estiu 2026» with the ring, level and waitlist chips[33m 889[2mms[22m[39m
clubs-admin:test:      [33m[2m✓[22m[39m disables the ring chips of an activity outside the club («— (fora del club)»)[33m 595[2mms[22m[39m
clubs-admin:test:      [33m[2m✓[22m[39m R-07-14 hides «Nivells» with levels.enabled=false and «Llista d'espera» without WAITLIST[33m 920[2mms[22m[39m
clubs-admin:test:      [33m[2m✓[22m[39m R-07-03 [DESA] sends only the allow-listed rich text of the editor, with the version[33m 799[2mms[22m[39m
clubs-admin:test:      [33m[2m✓[22m[39m R-07-05 [PUBLICA] with conflicts opens the dialog with the conflicts and the required notice text[33m 908[2mms[22m[39m
clubs-admin:test:      [33m[2m✓[22m[39m R-07-04 a draft without the registration period answers ACTIVITY_INCOMPLETE on the fields[33m 899[2mms[22m[39m
clubs-admin:test:      [33m[2m✓[22m[39m R-07-06 [CANCEL·LA L'ACTIVITAT] opens the modal with «CANCEL·LA I AVISA ELS 22 INSCRITS» disabled without text[33m 697[2mms[22m[39m
clubs-admin:test:      [33m[2m✓[22m[39m INSTRUCTOR reads D7 without actions, export or internal notes[33m 302[2mms[22m[39m
clubs-admin:test:      [33m[2m✓[22m[39m R-07-04 after an upload [DESA] sends only the admin's own edits with the fresh version[33m 806[2mms[22m[39m
clubs-admin:test:      [33m[2m✓[22m[39m R-07-05 a RING_BLOCK conflict is not forceable: no option for it and [PUBLICA I APLICA] disabled with the reason[33m 753[2mms[22m[39m
clubs-admin:test:      [33m[2m✓[22m[39m R-07-05 the conflict dialog never hangs: a repeated 409 and other errors show inside it[33m 507[2mms[22m[39m
clubs-admin:test:      [33m[2m✓[22m[39m R-07-04/05 save mode: a resync conflict opens «DESA I APLICA»; STALE_VERSION closes it, refetches and says so[33m 664[2mms[22m[39m
clubs-admin:test:      [33m[2m✓[22m[39m E4-W17 step 5 (R-07-04): [DESA] on the published Torneig with both times cleared marks both «Cal per publicar», with «Falten dades…»[33m 398[2mms[22m[39m
clubs-admin:test:      [33m[2m✓[22m[39m E4-W16 step 9 (INC-29, R-07-04): [DESA] on STALE_VERSION keeps the admin's edits, rich text included, on the fresh copy and saves them with the fresh version[33m 520[2mms[22m[39m
clubs-admin:test:      [33m[2m✓[22m[39m the plain publish confirm is pending once, keeps one key per payload and turns ADMIN_TEXT_REQUIRED into the text[33m 318[2mms[22m[39m
clubs-admin:test:      [33m[2m✓[22m[39m [DESPUBLICA] answers ACTIVITY_HAS_REGISTRATIONS with registrants and unpublishes without them[33m 324[2mms[22m[39m
clubs-admin:test:    [32m✓[39m T-07-29 E4-W08 D7 follow-ups of the E4-W04 round-2 review [2m(6)[22m
clubs-admin:test:      [33m[2m✓[22m[39m R-07-04 the rich text is read-only while [DESA] is pending, and nothing typed is lost[33m 312[2mms[22m[39m
clubs-admin:test:      [33m[2m✓[22m[39m R-07-05 away from the club the hours cover the whole day: 6:00 when the club opens at 7:00[33m 603[2mms[22m[39m
clubs-admin:test:    [32m✓[39m T-07-29 E4-W10 D7 follow-ups of the E4-W08 and E4-W09 reviews [2m(3)[22m
clubs-admin:test:      [33m[2m✓[22m[39m S07 §6 CONVENCIONS_API §4 the member filter reads every page: with 1,001 distinct registrants the member on the second page can be selected[33m 1034[2mms[22m[39m
clubs-admin:test:      [33m[2m✓[22m[39m R-07-05 R-02-09 at the club with linked rings, a closed day shows «El club està tancat aquest dia» and offers no times; an open day or away from the club offers them[33m 337[2mms[22m[39m
clubs-admin:test:  [32m✓[39m src/planning/CalendarPage.test.tsx [2m([22m[2m44 tests[22m[2m)[22m[33m 19620[2mms[22m[39m
clubs-admin:test:    [32m✓[39m E3-W07 step 9 a D1 risk row opens D4 on its class [2m(1)[22m
clubs-admin:test:      [33m[2m✓[22m[39m selects the class of `?classe=` in the week of `?setmana=`[33m 1311[2mms[22m[39m
clubs-admin:test:    [32m✓[39m T-06-28 D4 / D4b / D4c class calendar (front half, MSW) [2m(24)[22m
clubs-admin:test:      [33m[2m✓[22m[39m opens «Esborrany» on the first week with drafts, with the validation card and its count[33m 1791[2mms[22m[39m
clubs-admin:test:      [33m[2m✓[22m[39m [VALIDAR LA SETMANA] turns every draft of the week active at once[33m 1237[2mms[22m[39m
clubs-admin:test:      [33m[2m✓[22m[39m cancels an active class with registrants through D4c: four rows, text required, «ANUL·LA I AVISA ELS 4 ALUMNES»[33m 1305[2mms[22m[39m
clubs-admin:test:      [33m[2m✓[22m[39m [ELIMINA] of an active class goes through the same D4c modal[33m 1340[2mms[22m[39m
clubs-admin:test:      [33m[2m✓[22m[39m R-06-09 saves the diff with the version; STALE_VERSION keeps its message after the refetch remounts the card[33m 1702[2mms[22m[39m
clubs-admin:test:      [33m[2m✓[22m[39m R-06-09 keeps the INVALID_STATE message of the «Exempta…» toggle after the refetch[33m 638[2mms[22m[39m
clubs-admin:test:      [33m[2m✓[22m[39m R-06-05 moving a class onto training bookings asks first and resends with cancelBookings[33m 897[2mms[22m[39m
clubs-admin:test:      [33m[2m✓[22m[39m R-06-10 D4c with only a waitlist: no «0 alumnes», a waitlist intro and button[33m 427[2mms[22m[39m
clubs-admin:test:      [33m[2m✓[22m[39m R-06-11 the block drawer starts on the club-local today and a Saturday date offers Saturday's hours only[33m 408[2mms[22m[39m
clubs-admin:test:      [33m[2m✓[22m[39m R-06-09 [Crear classe] clamps its start and end times to a Saturday's hours[33m 465[2mms[22m[39m
clubs-admin:test:      [33m[2m✓[22m[39m R-06-11 a new ring after RING_HAS_BOOKINGS drops the confirmation: no cancelBookings for a ring not shown[33m 558[2mms[22m[39m
clubs-admin:test:      [33m[2m✓[22m[39m R-06-09 [Crear classe]: a new time or ring after RING_HAS_BOOKINGS drops the confirmation[33m 536[2mms[22m[39m
clubs-admin:test:      [33m[2m✓[22m[39m R-06-09 [Crear classe]: a RING_HAS_BOOKINGS answer that arrives after a ring change is dropped[33m 550[2mms[22m[39m
clubs-admin:test:      [33m[2m✓[22m[39m R-06-11 the block drawer locks ring, date and times until a delayed RING_HAS_BOOKINGS arrives[33m 398[2mms[22m[39m
clubs-admin:test:      [33m[2m✓[22m[39m R-06-09 keeps every editor disabled from [ACCEPTA] until the saved version is shown[33m 388[2mms[22m[39m
clubs-admin:test:      [33m[2m✓[22m[39m R-06-11 lists the RING_BLOCK_CONFLICT conflicts inside the block drawer[33m 352[2mms[22m[39m
clubs-admin:test:    [32m✓[39m T-06-28 E4-W09 D4 follow-ups of the E4-W02 round-4 review [2m(7)[22m
clubs-admin:test:      [33m[2m✓[22m[39m S06 §3 R-06-09 an opening at 07:05 with 10-minute slots: «Hora» and [Crear classe] offer 07:10 first, and the class is sent on slot boundaries[33m 459[2mms[22m[39m
clubs-admin:test:      [33m[2m✓[22m[39m R-06-09 after STALE_VERSION every editor stays locked until the refetched version is shown, so no edit is lost[33m 503[2mms[22m[39m
clubs-admin:test:      [33m[2m✓[22m[39m R-02-09 Sunday absent from club.openingHours is closed: the card and [Crear classe] offer no times there, say so and do not submit[33m 303[2mms[22m[39m
clubs-admin:test: 
clubs-admin:test: [2m Test Files [22m [1m[32m34 passed[39m[22m[90m (34)[39m
clubs-admin:test: [2m      Tests [22m [1m[32m478 passed[39m[22m[90m (478)[39m
clubs-admin:test: [2m   Start at [22m 18:37:47
clubs-admin:test: [2m   Duration [22m 28.62s[2m (tests 53%, environment 20%, transform 17%, import 6%, setup 4%)[22m
clubs-admin:test: 
clubs-admin:test: [2m    Isolate [22m [33m34 workers spawned[39m[2m · ~2.40s startup each (spawn + environment, per file)[22m
clubs-admin:test: [2m            [22m [2mat least ~2.40s faster with [22m[33misolate: false[39m[2m — reuses workers across files instead of one per file[22m
clubs-admin:test: 

 Tasks:    34 successful, 34 total
Cached:    0 cached, 34 total
  Time:    51.275s 

