• turbo 2.10.12

   • Packages in scope: @agilityhub/api-client, @agilityhub/auth, @agilityhub/config, @agilityhub/course-core, @agilityhub/i18n, @agilityhub/shared-types, @agilityhub/ui, clubs, clubs-admin, id
   • Running lint, typecheck, test, build in 10 packages
   • Remote caching disabled

@agilityhub/api-client:lint: cache bypass, force executing c84df8f7329a97f6
@agilityhub/auth:lint: cache bypass, force executing f4053950041e0287
id:lint: cache bypass, force executing f7faf03e54849b61
@agilityhub/ui:lint: cache bypass, force executing 54650ea6b1153dd1
@agilityhub/config:lint: cache bypass, force executing 42ac5d636417f38d
@agilityhub/i18n:lint: cache bypass, force executing 6cb8b6f9e28af7b4
@agilityhub/api-client:typecheck: cache bypass, force executing 6f1d2b48ff1da97d
@agilityhub/config:typecheck: cache bypass, force executing 6860c83ceac65ae7
clubs-admin:lint: cache bypass, force executing a1f647fc2a5a087c
@agilityhub/api-client:test: cache bypass, force executing 99e49e2aa318d0a6
@agilityhub/i18n:lint: 
@agilityhub/i18n:lint: > @agilityhub/i18n@0.0.0 lint /Users/jordib/dev/agilityhub/agilityhub-core-web/packages/i18n
@agilityhub/i18n:lint: > eslint src --max-warnings 0 --config ../../eslint.config.mjs
@agilityhub/i18n:lint: 
@agilityhub/ui:lint: 
@agilityhub/ui:lint: > @agilityhub/ui@0.0.0 lint /Users/jordib/dev/agilityhub/agilityhub-core-web/packages/ui
@agilityhub/ui:lint: > eslint src --max-warnings 0 --config ../../eslint.config.mjs
@agilityhub/ui:lint: 
@agilityhub/auth:lint: 
@agilityhub/auth:lint: > @agilityhub/auth@0.0.0 lint /Users/jordib/dev/agilityhub/agilityhub-core-web/packages/auth
@agilityhub/auth:lint: > eslint src --max-warnings 0 --config ../../eslint.config.mjs
@agilityhub/auth:lint: 
id:lint: 
id:lint: > id@0.0.0 lint /Users/jordib/dev/agilityhub/agilityhub-core-web/apps/id
id:lint: > eslint . --max-warnings 0 --config ../../eslint.config.mjs
id:lint: 
@agilityhub/config:lint: 
@agilityhub/config:lint: > @agilityhub/config@0.0.0 lint /Users/jordib/dev/agilityhub/agilityhub-core-web/packages/config
@agilityhub/config:lint: > eslint . --max-warnings 0 --config ../../eslint.config.mjs
@agilityhub/config:lint: 
@agilityhub/api-client:lint: 
@agilityhub/api-client:lint: > @agilityhub/api-client@0.0.0 lint /Users/jordib/dev/agilityhub/agilityhub-core-web/packages/api-client
@agilityhub/api-client:lint: > eslint src --ignore-pattern src/generated/** --max-warnings 0 --config ../../eslint.config.mjs
@agilityhub/api-client:lint: 
clubs-admin:lint: 
clubs-admin:lint: > clubs-admin@0.0.0 lint /Users/jordib/dev/agilityhub/agilityhub-core-web/apps/clubs-admin
clubs-admin:lint: > eslint . --max-warnings 0 --config ../../eslint.config.mjs
clubs-admin:lint: 
@agilityhub/config:typecheck: 
@agilityhub/config:typecheck: > @agilityhub/config@0.0.0 typecheck /Users/jordib/dev/agilityhub/agilityhub-core-web/packages/config
@agilityhub/config:typecheck: > node --check eslint.config.mjs && node --check prettier.config.mjs && node --check scripts/prepare-husky.mjs
@agilityhub/config:typecheck: 
@agilityhub/api-client:typecheck: 
@agilityhub/api-client:typecheck: > @agilityhub/api-client@0.0.0 typecheck /Users/jordib/dev/agilityhub/agilityhub-core-web/packages/api-client
@agilityhub/api-client:typecheck: > tsc --noEmit
@agilityhub/api-client:typecheck: 
@agilityhub/api-client:test: 
@agilityhub/api-client:test: > @agilityhub/api-client@0.0.0 test /Users/jordib/dev/agilityhub/agilityhub-core-web/packages/api-client
@agilityhub/api-client:test: > vitest run
@agilityhub/api-client:test: 
@agilityhub/ui:typecheck: cache bypass, force executing edbfe844eb97a665
@agilityhub/api-client:test: 
@agilityhub/api-client:test: [1m[30m[46m RUN [49m[39m[22m [36mv5.0.0 [39m[90m/Users/jordib/dev/agilityhub/agilityhub-core-web/packages/api-client[39m
@agilityhub/api-client:test: 
@agilityhub/ui:typecheck: 
@agilityhub/ui:typecheck: > @agilityhub/ui@0.0.0 typecheck /Users/jordib/dev/agilityhub/agilityhub-core-web/packages/ui
@agilityhub/ui:typecheck: > tsc --noEmit
@agilityhub/ui:typecheck: 
@agilityhub/api-client:test:  [32m✓[39m src/api-error.test.ts [2m([22m[2m4 tests[22m[2m)[22m[32m 6[2mms[22m[39m
@agilityhub/api-client:test:  [32m✓[39m src/mocks/list-fields.test.ts [2m([22m[2m8 tests[22m[2m)[22m[32m 8[2mms[22m[39m
@agilityhub/api-client:test:  [32m✓[39m src/exports.test.ts [2m([22m[2m16 tests[22m[2m)[22m[32m 108[2mms[22m[39m
@agilityhub/api-client:test:  [32m✓[39m src/club-pages.test.ts [2m([22m[2m1 test[22m[2m)[22m[32m 81[2mms[22m[39m
@agilityhub/api-client:test:  [32m✓[39m src/mocks/list-exports.test.ts [2m([22m[2m19 tests[22m[2m)[22m[33m 364[2mms[22m[39m
@agilityhub/api-client:test:  [32m✓[39m src/mocks/club-settings-handlers.test.ts [2m([22m[2m1 test[22m[2m)[22m[32m 62[2mms[22m[39m
@agilityhub/api-client:test:  [32m✓[39m src/mocks/signup-handlers.test.ts [2m([22m[2m28 tests[22m[2m)[22m[33m 507[2mms[22m[39m
@agilityhub/api-client:test:  [32m✓[39m src/index.test.ts [2m([22m[2m14 tests[22m[2m)[22m[33m 574[2mms[22m[39m
@agilityhub/api-client:test:  [32m✓[39m src/mocks/booking-handlers.test.ts [2m([22m[2m11 tests[22m[2m)[22m[33m 603[2mms[22m[39m
@agilityhub/course-core:lint: cache bypass, force executing ef70bf6c19ae37ee
@agilityhub/course-core:lint: 
@agilityhub/course-core:lint: > @agilityhub/course-core@0.0.1 lint /Users/jordib/dev/agilityhub/agilityhub-core-web/packages/course-core
@agilityhub/course-core:lint: > eslint src tests --max-warnings 0 --config ../../eslint.config.mjs
@agilityhub/course-core:lint: 
@agilityhub/api-client:test:  [32m✓[39m src/mocks/activity-handlers.test.ts [2m([22m[2m26 tests[22m[2m)[22m[33m 2028[2mms[22m[39m
@agilityhub/api-client:test:  [32m✓[39m src/mocks/backoffice-handlers.test.ts [2m([22m[2m11 tests[22m[2m)[22m[33m 2340[2mms[22m[39m
@agilityhub/api-client:test:    [32m✓[39m E5-W03 step 8 · S08 staff reads (registrants, waiting list, GET /bookings) [2m(3)[22m
@agilityhub/api-client:test:      [33m[2m✓[22m[39m answers the D4 class's 4 bookings (+ 1 late cancellation) and its 2 waiting entries; R-08-16 removal, then WAITLIST_ENTRY_NOT_LIVE[33m 370[2mms[22m[39m
@agilityhub/api-client:test:  [32m✓[39m src/mocks/calendar-handlers.test.ts [2m([22m[2m10 tests[22m[2m)[22m[33m 2470[2mms[22m[39m
@agilityhub/api-client:test:    [32m✓[39m E4-W02 calendar MSW handlers follow the S06 contract (forms B and D) [2m(7)[22m
@agilityhub/api-client:test:      [33m[2m✓[22m[39m R-06-10 cancels with the notice text and R-06-09 checks the version[33m 301[2mms[22m[39m
@agilityhub/api-client:test:      [33m[2m✓[22m[39m R-06-05 answers RING_HAS_BOOKINGS when a class or a block moves onto a training booking[33m 357[2mms[22m[39m
@agilityhub/api-client:test:  [32m✓[39m src/mocks/day-grid-handlers.test.ts [2m([22m[2m16 tests[22m[2m)[22m[33m 3107[2mms[22m[39m
@agilityhub/api-client:test:    [32m✓[39m E4-W03 day-grid MSW handlers: roles, impersonation and tenant (S06 §6, MATRIU_PERMISOS) [2m(16)[22m
@agilityhub/api-client:test:      [33m[2m✓[22m[39m gives staff the instructor projection of a class and the full block[33m 301[2mms[22m[39m
@agilityhub/api-client:test:      [33m[2m✓[22m[39m scopes the fixtures to their club: another tenant gets 404 and empty days[33m 325[2mms[22m[39m
@agilityhub/api-client:test:  [32m✓[39m src/mocks/training-handlers.test.ts [2m([22m[2m11 tests[22m[2m)[22m[33m 3216[2mms[22m[39m
@agilityhub/api-client:test:    [32m✓[39m E5-W02 step 9 · the S09 mock world answers as the api (S09 §6, CATALEG_ERRORS §1 and rule 0) [2m(9)[22m
@agilityhub/api-client:test:      [33m[2m✓[22m[39m GET /me/training-summary: two eligible dogs, Rock by default at 2/3 with one cancellable session[33m 339[2mms[22m[39m
@agilityhub/api-client:test:      [33m[2m✓[22m[39m summary variants: no right, at the limit with and without cancellable sessions, group and levels off[33m 303[2mms[22m[39m
@agilityhub/api-client:test:      [33m[2m✓[22m[39m GET /training-slots (member): the window of four days, the holiday, and the 08 mockup cells[33m 323[2mms[22m[39m
@agilityhub/api-client:test:      [33m[2m✓[22m[39m GET /training-slots (instructor): any active ring on request, with occupants, block and class[33m 439[2mms[22m[39m
@agilityhub/api-client:test:      [33m[2m✓[22m[39m POST /training-bookings: 201 with the counter, the key replays, then DOG_ALREADY_BOOKED, SLOT_TAKEN and the limit[33m 503[2mms[22m[39m
@agilityhub/api-client:test:      [33m[2m✓[22m[39m POST /training-bookings refusals carry the api's status and details[33m 325[2mms[22m[39m
clubs:lint: cache bypass, force executing 3835739511ac91ed
@agilityhub/api-client:test:  [32m✓[39m src/mocks/mock-worlds.budget.test.ts [2m([22m[2m17 tests[22m[2m)[22m[33m 4252[2mms[22m[39m
@agilityhub/api-client:test:    [32m✓[39m E3-W10 build-time budget of the MSW mock worlds [2m(17)[22m
@agilityhub/api-client:test:      [33m[2m✓[22m[39m imports the mock modules afresh within the start-up budget[33m 1024[2mms[22m[39m
@agilityhub/api-client:test:      [33m[2m✓[22m[39m builds resetBackofficeMockState within its budget[33m 439[2mms[22m[39m
@agilityhub/api-client:test:      [33m[2m✓[22m[39m builds resetPlanningState within its budget[33m 472[2mms[22m[39m
clubs:lint: 
clubs:lint: > clubs@0.0.0 lint /Users/jordib/dev/agilityhub/agilityhub-core-web/apps/clubs
clubs:lint: > eslint . --max-warnings 0 --config ../../eslint.config.mjs
clubs:lint: 
@agilityhub/course-core:build: cache bypass, force executing 431d96cbc72fd83b
@agilityhub/course-core:build: 
@agilityhub/course-core:build: > @agilityhub/course-core@0.0.1 build /Users/jordib/dev/agilityhub/agilityhub-core-web/packages/course-core
@agilityhub/course-core:build: > tsc -p tsconfig.build.json
@agilityhub/course-core:build: 
@agilityhub/api-client:test:  [32m✓[39m src/mocks/fixtures.contract.test.ts [2m([22m[2m68 tests[22m[2m)[22m[33m 6200[2mms[22m[39m
@agilityhub/api-client:test:    [32m✓[39m E5-W02 step 9 · the training world follows the S09 contract (TrainingSlots, TrainingSummary, TrainingBooking) [2m(5)[22m
@agilityhub/api-client:test:      [33m[2m✓[22m[39m validates the member and staff grids, the summaries and every booking (default)[33m 1067[2mms[22m[39m
@agilityhub/api-client:test:      [33m[2m✓[22m[39m validates the member and staff grids, the summaries and every booking (atLimit)[33m 1050[2mms[22m[39m
@agilityhub/api-client:test:      [33m[2m✓[22m[39m validates the member and staff grids, the summaries and every booking (atLimitNone)[33m 908[2mms[22m[39m
@agilityhub/api-client:test:      [33m[2m✓[22m[39m validates the member and staff grids, the summaries and every booking (noRight)[33m 908[2mms[22m[39m
@agilityhub/api-client:test: 
@agilityhub/api-client:test: [2m Test Files [22m [1m[32m16 passed[39m[22m[90m (16)[39m
@agilityhub/api-client:test: [2m      Tests [22m [1m[32m261 passed[39m[22m[90m (261)[39m
@agilityhub/api-client:test: [2m   Start at [22m 21:42:41
@agilityhub/api-client:test: [2m   Duration [22m 9.87s[2m (tests 37%, import 33%, transform 30%)[22m
@agilityhub/api-client:test: 
@agilityhub/api-client:test: [2m  Transform [22m [33mtransforming modules took 20.75s[39m[2m · 30% of tracked time, re-done on every run[22m
@agilityhub/api-client:test: [2m            [22m [2mpersist transforms across runs with [22m[33mfsModuleCache: true[39m
@agilityhub/api-client:test: [2m            [22m [2mlearn more: https://vitest.dev/guide/improving-performance#caching-between-reruns[22m
@agilityhub/api-client:test: 
@agilityhub/shared-types:lint: cache bypass, force executing d383151fe730994b
@agilityhub/ui:test: cache bypass, force executing 5b89d300c562fb98
@agilityhub/shared-types:lint: 
@agilityhub/shared-types:lint: > @agilityhub/shared-types@0.0.1 lint /Users/jordib/dev/agilityhub/agilityhub-core-web/packages/shared-types
@agilityhub/shared-types:lint: > eslint src tests --max-warnings 0 --config ../../eslint.config.mjs
@agilityhub/shared-types:lint: 
@agilityhub/ui:test: 
@agilityhub/ui:test: > @agilityhub/ui@0.0.0 test /Users/jordib/dev/agilityhub/agilityhub-core-web/packages/ui
@agilityhub/ui:test: > vitest run
@agilityhub/ui:test: 
@agilityhub/ui:test: 
@agilityhub/ui:test: [1m[30m[46m RUN [49m[39m[22m [36mv5.0.0 [39m[90m/Users/jordib/dev/agilityhub/agilityhub-core-web/packages/ui[39m
@agilityhub/ui:test: 
@agilityhub/course-core:typecheck: cache bypass, force executing 671f426b6643ad21
@agilityhub/course-core:test: cache bypass, force executing 1c26edab867f42c5
@agilityhub/course-core:typecheck: 
@agilityhub/course-core:typecheck: > @agilityhub/course-core@0.0.1 typecheck /Users/jordib/dev/agilityhub/agilityhub-core-web/packages/course-core
@agilityhub/course-core:typecheck: > tsc --noEmit
@agilityhub/course-core:typecheck: 
@agilityhub/i18n:typecheck: cache bypass, force executing 87a8f6b590c32460
@agilityhub/course-core:test: 
@agilityhub/course-core:test: > @agilityhub/course-core@0.0.1 test /Users/jordib/dev/agilityhub/agilityhub-core-web/packages/course-core
@agilityhub/course-core:test: > vitest run
@agilityhub/course-core:test: 
@agilityhub/i18n:typecheck: 
@agilityhub/i18n:typecheck: > @agilityhub/i18n@0.0.0 typecheck /Users/jordib/dev/agilityhub/agilityhub-core-web/packages/i18n
@agilityhub/i18n:typecheck: > tsc --noEmit
@agilityhub/i18n:typecheck: 
@agilityhub/course-core:test: 
@agilityhub/course-core:test: [1m[30m[46m RUN [49m[39m[22m [36mv5.0.0 [39m[90m/Users/jordib/dev/agilityhub/agilityhub-core-web/packages/course-core[39m
@agilityhub/course-core:test: 
@agilityhub/ui:test:  [32m✓[39m src/on-primary.test.ts [2m([22m[2m3 tests[22m[2m)[22m[32m 40[2mms[22m[39m
@agilityhub/ui:test:  [32m✓[39m src/universal-list.test.tsx [2m([22m[2m5 tests[22m[2m)[22m[32m 7[2mms[22m[39m
@agilityhub/ui:test:  [32m✓[39m src/branding.test.tsx [2m([22m[2m5 tests[22m[2m)[22m[32m 45[2mms[22m[39m
@agilityhub/ui:test:  [32m✓[39m src/limited-markdown.test.tsx [2m([22m[2m1 test[22m[2m)[22m[33m 395[2mms[22m[39m
@agilityhub/ui:test:    [32m✓[39m LimitedMarkdown [2m(1)[22m
@agilityhub/ui:test:      [33m[2m✓[22m[39m renders the allowed subset and strips unsupported HTML and images[33m 394[2mms[22m[39m
@agilityhub/ui:test:  [32m✓[39m src/index.test.ts [2m([22m[2m2 tests[22m[2m)[22m[32m 5[2mms[22m[39m
@agilityhub/ui:test:  [32m✓[39m src/icons/Icon.test.tsx [2m([22m[2m1 test[22m[2m)[22m[32m 262[2mms[22m[39m
@agilityhub/ui:test: [90mstderr[2m | src/day-grid.test.tsx[2m > [22m[2mDayGrid presenter (screens 10 / 23)[2m > [22m[2mrenders the api's «Sense» column as delivered and never adds one of its own
@agilityhub/ui:test: [22m[39m[DayGrid] cells without a matching column are not drawn: cls-1 (ringId null)
@agilityhub/ui:test: 
@agilityhub/course-core:test:  [32m✓[39m tests/apriltag-36h11.test.ts [2m([22m[2m31 tests[22m[2m)[22m[32m 39[2mms[22m[39m
@agilityhub/course-core:test:  [32m✓[39m tests/geometry-primitives.test.ts [2m([22m[2m15 tests[22m[2m)[22m[32m 7[2mms[22m[39m
@agilityhub/course-core:test:  [32m✓[39m tests/wrapper.test.ts [2m([22m[2m5 tests[22m[2m)[22m[32m 4[2mms[22m[39m
@agilityhub/ui:test:  [32m✓[39m src/schedule-grid.test.tsx [2m([22m[2m2 tests[22m[2m)[22m[33m 480[2mms[22m[39m
@agilityhub/ui:test:    [32m✓[39m ScheduleGrid [2m(2)[22m
@agilityhub/ui:test:      [33m[2m✓[22m[39m stacks cells per slot, exposes day buttons and tints cells through --schedule-color[33m 465[2mms[22m[39m
@agilityhub/course-core:test:  [32m✓[39m tests/geometry-transform.test.ts [2m([22m[2m6 tests[22m[2m)[22m[32m 6[2mms[22m[39m
@agilityhub/course-core:test:  [32m✓[39m tests/coords.test.ts [2m([22m[2m5 tests[22m[2m)[22m[32m 6[2mms[22m[39m
@agilityhub/course-core:test:  [32m✓[39m tests/units.test.ts [2m([22m[2m5 tests[22m[2m)[22m[32m 4[2mms[22m[39m
@agilityhub/course-core:test:  [32m✓[39m tests/marker-id.test.ts [2m([22m[2m11 tests[22m[2m)[22m[32m 7[2mms[22m[39m
@agilityhub/course-core:test:  [32m✓[39m tests/marker-svg.test.ts [2m([22m[2m29 tests[22m[2m)[22m[32m 17[2mms[22m[39m
@agilityhub/course-core:test:  [32m✓[39m tests/calibration.test.ts [2m([22m[2m9 tests[22m[2m)[22m[32m 6[2mms[22m[39m
@agilityhub/course-core:test:  [32m✓[39m tests/ring.test.ts [2m([22m[2m7 tests[22m[2m)[22m[32m 8[2mms[22m[39m
@agilityhub/ui:test:  [32m✓[39m src/day-grid.test.tsx [2m([22m[2m10 tests[22m[2m)[22m[33m 643[2mms[22m[39m
@agilityhub/ui:test:    [32m✓[39m DayGrid presenter (screens 10 / 23) [2m(10)[22m
@agilityhub/ui:test:      [33m[2m✓[22m[39m keeps identical ring columns and strips the leading zero of each start time[33m 328[2mms[22m[39m
@agilityhub/course-core:test:  [32m✓[39m tests/placement.test.ts [2m([22m[2m20 tests[22m[2m)[22m[32m 10[2mms[22m[39m
@agilityhub/course-core:test:  [32m✓[39m tests/summarize-course.test.ts [2m([22m[2m8 tests[22m[2m)[22m[32m 21[2mms[22m[39m
@agilityhub/course-core:test:  [32m✓[39m tests/parse-smarter-txt.test.ts [2m([22m[2m113 tests[22m[2m)[22m[32m 33[2mms[22m[39m
@agilityhub/course-core:test:  [32m✓[39m tests/smarter-writer.test.ts [2m([22m[2m8 tests[22m[2m)[22m[32m 18[2mms[22m[39m
@agilityhub/ui:test:  [32m✓[39m src/slot-grid.test.tsx [2m([22m[2m6 tests[22m[2m)[22m[33m 632[2mms[22m[39m
@agilityhub/ui:test:    [32m✓[39m SlotGrid presenter (S09 screens 08 and 24) [2m(6)[22m
@agilityhub/ui:test:      [33m[2m✓[22m[39m draws each variant of the api's state and reason, and only a bookable FREE cell is pressable[33m 420[2mms[22m[39m
@agilityhub/course-core:test:  [32m✓[39m tests/parse-smarter-colors-txt.test.ts [2m([22m[2m6 tests[22m[2m)[22m[32m 5[2mms[22m[39m
@agilityhub/ui:test:  [32m✓[39m src/components.test.tsx [2m([22m[2m28 tests[22m[2m)[22m[33m 764[2mms[22m[39m
@agilityhub/course-core:test:  [32m✓[39m tests/warnings-engine.test.ts [2m([22m[2m13 tests[22m[2m)[22m[32m 12[2mms[22m[39m
@agilityhub/course-core:test:  [32m✓[39m tests/warnings-rules.test.ts [2m([22m[2m26 tests[22m[2m)[22m[32m 27[2mms[22m[39m
@agilityhub/ui:test:  [32m✓[39m src/rich-text.test.tsx [2m([22m[2m13 tests[22m[2m)[22m[33m 853[2mms[22m[39m
@agilityhub/ui:test:    [32m✓[39m SafeHtml [2m(2)[22m
@agilityhub/ui:test:      [33m[2m✓[22m[39m re-applies the allow-list before rendering and adds rel/target to links[33m 310[2mms[22m[39m
@agilityhub/ui:test: 
@agilityhub/ui:test: [2m Test Files [22m [1m[32m11 passed[39m[22m[90m (11)[39m
@agilityhub/ui:test: [2m      Tests [22m [1m[32m76 passed[39m[22m[90m (76)[39m
@agilityhub/ui:test: [2m   Start at [22m 21:42:53
@agilityhub/ui:test: [2m   Duration [22m 5.23s[2m (environment 56%, setup 20%, transform 13%, tests 9%, import 2%, worker 1%)[22m
@agilityhub/ui:test: 
@agilityhub/course-core:test:  [32m✓[39m tests/smarter-fixtures.test.ts [2m([22m[2m25 tests[22m[2m)[22m[32m 17[2mms[22m[39m
@agilityhub/course-core:test: 
@agilityhub/course-core:test: [2m Test Files [22m [1m[32m18 passed[39m[22m[90m (18)[39m
@agilityhub/course-core:test: [2m      Tests [22m [1m[32m342 passed[39m[22m[90m (342)[39m
@agilityhub/course-core:test: [2m   Start at [22m 21:42:57
@agilityhub/course-core:test: [2m   Duration [22m 1.67s[2m (transform 82%, import 14%, tests 2%, worker 2%)[22m
@agilityhub/course-core:test: 
@agilityhub/course-core:test: [2m  Transform [22m [33mtransforming modules took 8.55s[39m[2m · 82% of tracked time, re-done on every run[22m
@agilityhub/course-core:test: [2m            [22m [2mpersist transforms across runs with [22m[33mfsModuleCache: true[39m
@agilityhub/course-core:test: [2m            [22m [2mlearn more: https://vitest.dev/guide/improving-performance#caching-between-reruns[22m
@agilityhub/course-core:test: 
@agilityhub/i18n:test: cache bypass, force executing 324755683a07fbd7
@agilityhub/shared-types:build: cache bypass, force executing d3d69457da5c20b5
@agilityhub/i18n:test: 
@agilityhub/i18n:test: > @agilityhub/i18n@0.0.0 test /Users/jordib/dev/agilityhub/agilityhub-core-web/packages/i18n
@agilityhub/i18n:test: > vitest run
@agilityhub/i18n:test: 
@agilityhub/shared-types:build: 
@agilityhub/shared-types:build: > @agilityhub/shared-types@0.0.1 build /Users/jordib/dev/agilityhub/agilityhub-core-web/packages/shared-types
@agilityhub/shared-types:build: > tsc -p tsconfig.build.json
@agilityhub/shared-types:build: 
id:build: cache bypass, force executing d44ce7b2c1c23282
@agilityhub/i18n:test: 
@agilityhub/i18n:test: [1m[30m[46m RUN [49m[39m[22m [36mv5.0.0 [39m[90m/Users/jordib/dev/agilityhub/agilityhub-core-web/packages/i18n[39m
@agilityhub/i18n:test: 
id:build: 
id:build: > id@0.0.0 build /Users/jordib/dev/agilityhub/agilityhub-core-web/apps/id
id:build: > tsc --noEmit && vite build
id:build: 
clubs-admin:build: cache bypass, force executing 39cbba81671e4ce5
clubs:build: cache bypass, force executing efde5903e26f378b
@agilityhub/i18n:test:  [32m✓[39m src/masking.test.ts [2m([22m[2m9 tests[22m[2m)[22m[32m 8[2mms[22m[39m
@agilityhub/i18n:test:  [32m✓[39m src/locale.test.ts [2m([22m[2m3 tests[22m[2m)[22m[32m 10[2mms[22m[39m
@agilityhub/i18n:test:  [32m✓[39m src/activities.test.ts [2m([22m[2m5 tests[22m[2m)[22m[32m 157[2mms[22m[39m
clubs-admin:build: 
clubs-admin:build: > clubs-admin@0.0.0 build /Users/jordib/dev/agilityhub/agilityhub-core-web/apps/clubs-admin
clubs-admin:build: > tsc --noEmit && vite build
clubs-admin:build: 
clubs:build: 
clubs:build: > clubs@0.0.0 build /Users/jordib/dev/agilityhub/agilityhub-core-web/apps/clubs
clubs:build: > tsc --noEmit && vite build
clubs:build: 
@agilityhub/i18n:test:  [32m✓[39m src/format.test.ts [2m([22m[2m60 tests[22m[2m)[22m[32m 72[2mms[22m[39m
@agilityhub/i18n:test:  [32m✓[39m src/index.test.ts [2m([22m[2m3 tests[22m[2m)[22m[32m 58[2mms[22m[39m
@agilityhub/i18n:test: 
@agilityhub/i18n:test: [2m Test Files [22m [1m[32m5 passed[39m[22m[90m (5)[39m
@agilityhub/i18n:test: [2m      Tests [22m [1m[32m80 passed[39m[22m[90m (80)[39m
@agilityhub/i18n:test: [2m   Start at [22m 21:43:00
@agilityhub/i18n:test: [2m   Duration [22m 1.18s[2m (transform 76%, import 12%, tests 11%, worker 1%)[22m
@agilityhub/i18n:test: 
@agilityhub/i18n:test: [2m  Transform [22m [33mtransforming modules took 2.13s[39m[2m · 76% of tracked time, re-done on every run[22m
@agilityhub/i18n:test: [2m            [22m [2mpersist transforms across runs with [22m[33mfsModuleCache: true[39m
@agilityhub/i18n:test: [2m            [22m [2mlearn more: https://vitest.dev/guide/improving-performance#caching-between-reruns[22m
@agilityhub/i18n:test: 
@agilityhub/shared-types:test: cache bypass, force executing 30c0e8b7888e66b3
@agilityhub/shared-types:typecheck: cache bypass, force executing c4a7a4d38f585971
@agilityhub/auth:typecheck: cache bypass, force executing b35285cb63ae454c
@agilityhub/shared-types:test: 
@agilityhub/shared-types:test: > @agilityhub/shared-types@0.0.1 test /Users/jordib/dev/agilityhub/agilityhub-core-web/packages/shared-types
@agilityhub/shared-types:test: > vitest run
@agilityhub/shared-types:test: 
@agilityhub/shared-types:typecheck: 
@agilityhub/shared-types:typecheck: > @agilityhub/shared-types@0.0.1 typecheck /Users/jordib/dev/agilityhub/agilityhub-core-web/packages/shared-types
@agilityhub/shared-types:typecheck: > tsc --noEmit
@agilityhub/shared-types:typecheck: 
@agilityhub/auth:typecheck: 
@agilityhub/auth:typecheck: > @agilityhub/auth@0.0.0 typecheck /Users/jordib/dev/agilityhub/agilityhub-core-web/packages/auth
@agilityhub/auth:typecheck: > tsc --noEmit
@agilityhub/auth:typecheck: 
@agilityhub/auth:test: cache bypass, force executing 86ba5d552ffdacd8
@agilityhub/shared-types:test: 
@agilityhub/shared-types:test: [1m[30m[46m RUN [49m[39m[22m [36mv5.0.0 [39m[90m/Users/jordib/dev/agilityhub/agilityhub-core-web/packages/shared-types[39m
@agilityhub/shared-types:test: 
@agilityhub/auth:test: 
@agilityhub/auth:test: > @agilityhub/auth@0.0.0 test /Users/jordib/dev/agilityhub/agilityhub-core-web/packages/auth
@agilityhub/auth:test: > vitest run
@agilityhub/auth:test: 
@agilityhub/auth:test: 
@agilityhub/auth:test: [1m[30m[46m RUN [49m[39m[22m [36mv5.0.0 [39m[90m/Users/jordib/dev/agilityhub/agilityhub-core-web/packages/auth[39m
@agilityhub/auth:test: 
@agilityhub/shared-types:test:  [32m✓[39m tests/build-session-export.test.ts [2m([22m[2m21 tests[22m[2m)[22m[32m 39[2mms[22m[39m
@agilityhub/shared-types:test: 
@agilityhub/shared-types:test: [2m Test Files [22m [1m[32m1 passed[39m[22m[90m (1)[39m
@agilityhub/shared-types:test: [2m      Tests [22m [1m[32m21 passed[39m[22m[90m (21)[39m
@agilityhub/shared-types:test: [2m   Start at [22m 21:43:02
@agilityhub/shared-types:test: [2m   Duration [22m 999ms[2m (transform 82%, import 12%, tests 5%, worker 1%)[22m
@agilityhub/shared-types:test: 
@agilityhub/auth:test:  [32m✓[39m src/auth-client.test.ts [2m([22m[2m14 tests[22m[2m)[22m[32m 183[2mms[22m[39m
@agilityhub/auth:test:  [32m✓[39m src/session.test.tsx [2m([22m[2m3 tests[22m[2m)[22m[33m 338[2mms[22m[39m
@agilityhub/auth:test: 
@agilityhub/auth:test: [2m Test Files [22m [1m[32m2 passed[39m[22m[90m (2)[39m
@agilityhub/auth:test: [2m      Tests [22m [1m[32m17 passed[39m[22m[90m (17)[39m
@agilityhub/auth:test: [2m   Start at [22m 21:43:03
@agilityhub/auth:test: [2m   Duration [22m 2.71s[2m (environment 45%, transform 25%, import 16%, tests 12%, worker 2%)[22m
@agilityhub/auth:test: 
clubs:test: cache bypass, force executing a2fd1c9845a662a5
clubs-admin:typecheck: cache bypass, force executing d76570206fcce228
id:test: cache bypass, force executing 472cda4c32b469e5
clubs:typecheck: cache bypass, force executing 2c3a9619a4e48f1e
clubs-admin:test: cache bypass, force executing 04c7a130ea6e846e
id:test: 
id:test: > id@0.0.0 test /Users/jordib/dev/agilityhub/agilityhub-core-web/apps/id
id:test: > vitest run
id:test: 
clubs:test: 
clubs:test: > clubs@0.0.0 test /Users/jordib/dev/agilityhub/agilityhub-core-web/apps/clubs
clubs:test: > vitest run
clubs:test: 
clubs-admin:test: 
clubs-admin:test: > clubs-admin@0.0.0 test /Users/jordib/dev/agilityhub/agilityhub-core-web/apps/clubs-admin
clubs-admin:test: > vitest run
clubs-admin:test: 
clubs:typecheck: 
clubs:typecheck: > clubs@0.0.0 typecheck /Users/jordib/dev/agilityhub/agilityhub-core-web/apps/clubs
clubs:typecheck: > tsc --noEmit
clubs:typecheck: 
clubs-admin:typecheck: 
clubs-admin:typecheck: > clubs-admin@0.0.0 typecheck /Users/jordib/dev/agilityhub/agilityhub-core-web/apps/clubs-admin
clubs-admin:typecheck: > tsc --noEmit
clubs-admin:typecheck: 
id:build: vite v8.2.2 building client environment for production...
id:build: transforming...
id:test: 
id:test: [1m[30m[46m RUN [49m[39m[22m [36mv5.0.0 [39m[90m/Users/jordib/dev/agilityhub/agilityhub-core-web/apps/id[39m
id:test: 
clubs-admin:test: 
clubs-admin:test: [1m[30m[46m RUN [49m[39m[22m [36mv5.0.0 [39m[90m/Users/jordib/dev/agilityhub/agilityhub-core-web/apps/clubs-admin[39m
clubs-admin:test: 
id:build: ✓ 477 modules transformed.
clubs:test: 
clubs:test: [1m[30m[46m RUN [49m[39m[22m [36mv5.0.0 [39m[90m/Users/jordib/dev/agilityhub/agilityhub-core-web/apps/clubs[39m
clubs:test: 
id:build: rendering chunks...
id:build: computing gzip size...
id:build: dist/index.html                                           0.39 kB │ gzip:   0.27 kB
id:build: dist/assets/sprite-BOr1Ydze.svg                           5.78 kB │ gzip:   1.52 kB
id:build: dist/assets/montserrat-latin-600-normal-UVxSCcoG.woff2   18.68 kB
id:build: dist/assets/montserrat-latin-500-normal-DRFEGfly.woff2   18.74 kB
id:build: dist/assets/montserrat-latin-400-normal-BLhwKU8k.woff2   18.78 kB
id:build: dist/assets/montserrat-latin-700-normal-BdjcYUrC.woff2   18.82 kB
id:build: dist/assets/montserrat-latin-600-normal-CdhFl4lI.woff    20.54 kB
id:build: dist/assets/montserrat-latin-500-normal-Dok2oTci.woff    20.60 kB
id:build: dist/assets/montserrat-latin-400-normal-xItZbAXg.woff    20.64 kB
id:build: dist/assets/montserrat-latin-700-normal-BWkrl476.woff    20.67 kB
id:build: dist/assets/index-CvE-aHdE.css                           44.05 kB │ gzip:   8.37 kB
id:build: dist/assets/admin-training-CUhpZeIX.js                    1.29 kB │ gzip:   0.60 kB
id:build: dist/assets/admin-training-DW_92FHy.js                    1.35 kB │ gzip:   0.66 kB
id:build: dist/assets/shell-C3zfcorx.js                             1.36 kB │ gzip:   0.72 kB
id:build: dist/assets/admin-training-BANDClBZ.js                    1.37 kB │ gzip:   0.67 kB
id:build: dist/assets/shell-BmxdWk_P.js                             1.41 kB │ gzip:   0.81 kB
id:build: dist/assets/shell-B7DPfaUC.js                             1.44 kB │ gzip:   0.81 kB
id:build: dist/assets/training-CYuCURIa.js                          1.57 kB │ gzip:   0.80 kB
id:build: dist/assets/home-CLVBc5a3.js                              1.59 kB │ gzip:   0.79 kB
id:build: dist/assets/training-DhvOYmdN.js                          1.62 kB │ gzip:   0.85 kB
id:build: dist/assets/training-B5riWOVN.js                          1.63 kB │ gzip:   0.86 kB
id:build: dist/assets/home-DIaHUeYG.js                              1.65 kB │ gzip:   0.84 kB
id:build: dist/assets/home-vQT0WHAi.js                              1.67 kB │ gzip:   0.84 kB
id:build: dist/assets/activities-_j5UPNJ2.js                        1.79 kB │ gzip:   0.83 kB
id:build: dist/assets/instructor-i3oXhbZa.js                        1.83 kB │ gzip:   0.90 kB
id:build: dist/assets/activities-D_fvQi10.js                        1.86 kB │ gzip:   0.91 kB
id:build: dist/assets/activities-BKuUowmB.js                        1.88 kB │ gzip:   0.91 kB
id:build: dist/assets/common-BvaxCg6n.js                            1.88 kB │ gzip:   0.93 kB
id:build: dist/assets/instructor-BNySCTuk.js                        1.91 kB │ gzip:   0.97 kB
id:build: dist/assets/instructor-DpVLmKdo.js                        1.92 kB │ gzip:   0.96 kB
id:build: dist/assets/common-DG4b_QZb.js                            1.97 kB │ gzip:   1.01 kB
id:build: dist/assets/common-5Y_Dx5yj.js                            2.01 kB │ gzip:   1.03 kB
id:build: dist/assets/admin-dashboard-VZhOZ68T.js                   2.07 kB │ gzip:   1.02 kB
id:build: dist/assets/admin-dashboard-MI69Hia9.js                   2.13 kB │ gzip:   1.10 kB
id:build: dist/assets/admin-dashboard-DNVY2TkD.js                   2.18 kB │ gzip:   1.11 kB
id:build: dist/assets/id-cJQwgM2i.js                                2.89 kB │ gzip:   1.28 kB
id:build: dist/assets/admin-audit-B0Z1oVf2.js                       2.95 kB │ gzip:   1.39 kB
id:build: dist/assets/id-Dio3OKNo.js                                3.04 kB │ gzip:   1.41 kB
id:build: dist/assets/id-Rnv2hXs4.js                                3.10 kB │ gzip:   1.42 kB
id:build: dist/assets/admin-audit-BS32JsSa.js                       3.20 kB │ gzip:   1.54 kB
id:build: dist/assets/admin-audit-CkyykZV1.js                       3.28 kB │ gzip:   1.56 kB
id:build: dist/assets/enums-BbsARUaw.js                             3.48 kB │ gzip:   1.49 kB
id:build: dist/assets/enums-B_0xqdvq.js                             3.58 kB │ gzip:   1.56 kB
id:build: dist/assets/enums-Cz9stlHN.js                             3.59 kB │ gzip:   1.56 kB
id:build: dist/assets/auth-CPk47kNm.js                              4.25 kB │ gzip:   1.86 kB
id:build: dist/assets/auth-UGh5pJ7A.js                              4.69 kB │ gzip:   2.06 kB
id:build: dist/assets/auth-JamjDQZz.js                              4.75 kB │ gzip:   2.07 kB
id:build: dist/assets/booking-Bzzfkcsu.js                           4.79 kB │ gzip:   1.82 kB
id:build: dist/assets/booking-DFimaro9.js                           5.11 kB │ gzip:   2.00 kB
id:build: dist/assets/booking-CG4lcbly.js                           5.14 kB │ gzip:   2.01 kB
id:build: dist/assets/admin-catalogs-p29fM8xq.js                    5.41 kB │ gzip:   2.01 kB
id:build: dist/assets/signup-CwSXGnPb.js                            5.58 kB │ gzip:   2.51 kB
id:build: dist/assets/admin-catalogs-dZtpqy8S.js                    5.67 kB │ gzip:   2.23 kB
id:build: dist/assets/signup-Dk1wxP-u.js                            5.81 kB │ gzip:   2.76 kB
id:build: dist/assets/admin-catalogs-D4wG5vIy.js                    5.87 kB │ gzip:   2.26 kB
id:build: dist/assets/signup-fw3CD9CG.js                            5.91 kB │ gzip:   2.78 kB
id:build: dist/assets/census-Bwnvx8Ki.js                            6.00 kB │ gzip:   2.39 kB
id:build: dist/assets/admin-activities-Cmq1QEmn.js                  6.01 kB │ gzip:   2.42 kB
id:build: dist/assets/admin-activities-p-Yew4Zm.js                  6.17 kB │ gzip:   2.62 kB
id:build: dist/assets/census-DnEV9q-4.js                            6.35 kB │ gzip:   2.64 kB
id:build: dist/assets/admin-activities-7OuSwNid.js                  6.38 kB │ gzip:   2.68 kB
id:build: dist/assets/census-CnDkuqii.js                            6.53 kB │ gzip:   2.67 kB
id:build: dist/assets/admin-scheduling-nhXWwjRG.js                  8.23 kB │ gzip:   3.04 kB
id:build: dist/assets/admin-scheduling-DeLeUPtJ.js                  8.64 kB │ gzip:   3.30 kB
id:build: dist/assets/admin-scheduling-BhSriSnV.js                  8.64 kB │ gzip:   3.31 kB
id:build: dist/assets/admin-census-BvOmzvvC.js                     10.88 kB │ gzip:   4.30 kB
id:build: dist/assets/admin-census-Bgj4i9-Z.js                     11.49 kB │ gzip:   4.60 kB
id:build: dist/assets/admin-census-5co9ouCz.js                     11.84 kB │ gzip:   4.69 kB
id:build: dist/assets/admin-settings-B1ONV6DO.js                   21.68 kB │ gzip:   7.68 kB
id:build: dist/assets/errors-BEYdY0lY.js                           21.94 kB │ gzip:   7.14 kB
id:build: dist/assets/admin-settings-Ch6Tk865.js                   23.18 kB │ gzip:   8.29 kB
id:build: dist/assets/errors-cd5PNlr5.js                           23.28 kB │ gzip:   7.55 kB
id:build: dist/assets/errors-BTkZn-KS.js                           23.29 kB │ gzip:   7.51 kB
id:build: dist/assets/admin-settings-s46_PTCU.js                   23.62 kB │ gzip:   8.30 kB
id:build: dist/assets/index-rKpZNqfx.js                           321.92 kB │ gzip:  99.71 kB
id:build: dist/assets/browser-DAoIe0Z9.js                         901.41 kB │ gzip: 383.81 kB
id:build: 
id:build: [plugin builtin:vite-reporter] 
id:build: (!) Some chunks are larger than 500 kB after minification. Consider:
id:build: - Using dynamic import() to code-split the application
id:build: - Use build.rolldownOptions.output.codeSplitting to improve chunking: https://rolldown.rs/reference/OutputOptions.codeSplitting
id:build: - Adjust chunk size limit for this warning via build.chunkSizeWarningLimit.
id:build: ✓ built in 1.01s
id:typecheck: cache bypass, force executing 65d7e3b4c6a889dc
id:typecheck: 
id:typecheck: > id@0.0.0 typecheck /Users/jordib/dev/agilityhub/agilityhub-core-web/apps/id
id:typecheck: > tsc --noEmit
id:typecheck: 
id:test:  [32m✓[39m src/App.test.tsx [2m([22m[2m9 tests[22m[2m)[22m[33m 995[2mms[22m[39m
id:test: 
id:test: [2m Test Files [22m [1m[32m1 passed[39m[22m[90m (1)[39m
id:test: [2m      Tests [22m [1m[32m9 passed[39m[22m[90m (9)[39m
id:test: [2m   Start at [22m 21:43:09
id:test: [2m   Duration [22m 7.75s[2m (environment 61%, tests 14%, transform 14%, setup 10%, import 2%, worker 1%)[22m
id:test: 
clubs:test:  [32m✓[39m src/today/literals.test.ts [2m([22m[2m2 tests[22m[2m)[22m[33m 412[2mms[22m[39m
clubs:test:    [32m✓[39m T-06-30 screens 10 / 23 vocabulary and ca literals [2m(2)[22m
clubs:test:      [33m[2m✓[22m[39m has no forbidden term nor internal code in home, instructor and enums (ca/es/en)[33m 338[2mms[22m[39m
clubs:test:  [32m✓[39m src/InfoPage.test.tsx [2m([22m[2m2 tests[22m[2m)[22m[33m 536[2mms[22m[39m
clubs:test:    [32m✓[39m T-05-CP-07 screen 30 Info [2m(2)[22m
clubs:test:      [33m[2m✓[22m[39m shows FAQ, rules and other active pages only[33m 490[2mms[22m[39m
clubs-admin:test:  [32m✓[39m src/catalogs/ParameterSettings.test.tsx [2m([22m[2m2 tests[22m[2m)[22m[33m 1944[2mms[22m[39m
clubs-admin:test:    [32m✓[39m T-02-13 D11 parameter rows [2m(2)[22m
clubs-admin:test:      [33m[2m✓[22m[39m keeps module-less parameters that the core sends with module null[33m 1250[2mms[22m[39m
clubs-admin:test:      [33m[2m✓[22m[39m E4-W13 step 0 (api E5-T20): «Alta i consentiments» shows signup.onboardingFields and legal.maxPostpones; the learn keys, in the core's system block, show nowhere[33m 538[2mms[22m[39m
clubs-admin:test:  [32m✓[39m src/planning/TemplateDayPage.test.tsx [2m([22m[2m7 tests[22m[2m)[22m[33m 3127[2mms[22m[39m
clubs-admin:test:    [32m✓[39m T-06-27 D3b day view per ring / per instructor [2m(7)[22m
clubs-admin:test:      [33m[2m✓[22m[39m shows only the rings used that day in catalog order, plus «Sense» when a class has no ring[33m 1616[2mms[22m[39m
clubs-admin:test:      [33m[2m✓[22m[39m switches to one column per instructor with a class that day[33m 370[2mms[22m[39m
clubs:test:  [32m✓[39m src/training/i18n.test.tsx [2m([22m[2m4 tests[22m[2m)[22m[33m 2706[2mms[22m[39m
clubs:test:    [32m✓[39m T-09-41 training and instructor vocabulary, locales and club time zone [2m(4)[22m
clubs:test:      [33m[2m✓[22m[39m has no forbidden term nor requirement code in training, instructor and enums (ca/es/en)[33m 497[2mms[22m[39m
clubs:test:      [33m[2m✓[22m[39m keeps the exact ca literals of mockups 08 and 24 and the S09 §10 keys[33m 372[2mms[22m[39m
clubs:test:      [33m[2m✓[22m[39m formats in the club's zone, never the viewer's: an October 06:30Z slot reads «8:30»[33m 1577[2mms[22m[39m
clubs-admin:test: Not implemented: navigation to another Document
clubs-admin:test:  [32m✓[39m src/dashboard/DashboardPage.test.tsx [2m([22m[2m20 tests[22m[2m)[22m[33m 3555[2mms[22m[39m
clubs-admin:test:    [32m✓[39m T-14-25 D1 dashboard [2m(4)[22m
clubs-admin:test:      [33m[2m✓[22m[39m renders the server aggregate, all risk rows, pending signups, and accessible chart[33m 1056[2mms[22m[39m
clubs-admin:test:  [32m✓[39m src/census/MemberBookingsCard.test.tsx [2m([22m[2m4 tests[22m[2m)[22m[33m 3551[2mms[22m[39m
clubs-admin:test:    [32m✓[39m E5-W03 step 3 · D10 «Reserves» (S08 §2, S09 §2, R-08-19) [2m(4)[22m
clubs-admin:test:      [33m[2m✓[22m[39m shows the member's class bookings (newest first) and training bookings, read-only, with the «Entra com l'abonat» note[33m 1505[2mms[22m[39m
clubs-admin:test:      [33m[2m✓[22m[39m E5-W03 round 2 · review #4: «Mostra'n més» pages through the member's class bookings, never asking for 1000[33m 1366[2mms[22m[39m
clubs-admin:test:      [33m[2m✓[22m[39m «Mostra'n més» is busy while its page is read[33m 429[2mms[22m[39m
clubs:test:  [32m✓[39m src/booking/book.test.tsx [2m([22m[2m9 tests[22m[2m)[22m[33m 3138[2mms[22m[39m
clubs:test:    [32m✓[39m T-08-37 screen 04 «Reservar»: every row state with its mockup badge (S08 §2, R-08-03) [2m(9)[22m
clubs:test:      [33m[2m✓[22m[39m Duna: the chips without «Tots», the pack, the intro, the activities and the six mockup rows[33m 1202[2mms[22m[39m
clubs:test:      [33m[2m✓[22m[39m Rock: «Sense sessions» is inert with an expiring pack; Toby: the block banner and inert rows without a badge[33m 498[2mms[22m[39m
clubs:test:      [33m[2m✓[22m[39m a refused join keeps its message inside the dialog (409 WAITLIST_LIMIT)[33m 328[2mms[22m[39m
clubs-admin:test:  [32m✓[39m src/App.test.tsx [2m([22m[2m12 tests[22m[2m)[22m[33m 2395[2mms[22m[39m
clubs-admin:test:    [32m✓[39m T-02-14 clubs-admin shell [2m(6)[22m
clubs-admin:test:      [33m[2m✓[22m[39m uses the compact mark with the runtime club name[33m 686[2mms[22m[39m
clubs-admin:test:    [32m✓[39m E3-W07 step 9 menu counters (S14 R-14-08) [2m(2)[22m
clubs-admin:test:      [33m[2m✓[22m[39m reads the counters once for an ADMIN, again on focus, and not on every navigation[33m 702[2mms[22m[39m
clubs:test:  [32m✓[39m src/booking/home.test.tsx [2m([22m[2m11 tests[22m[2m)[22m[33m 3272[2mms[22m[39m
clubs:test:    [32m✓[39m screen 03 «Inici» (S08 §2, R-08-02, R-08-20, R-08-23) [2m(8)[22m
clubs:test:      [33m[2m✓[22m[39m the greeting and the bell, «Tots» last and pressed, the counters and the rows as the api delivers them[33m 1407[2mms[22m[39m
clubs:test:      [33m[2m✓[22m[39m a dog selected: its rows without « · amb …» and the member's activity still there (the api keeps it), its counters, and «Tots» brings them back[33m 344[2mms[22m[39m
clubs:test:  [32m✓[39m src/activities/activities.test.tsx [2m([22m[2m29 tests[22m[2m)[22m[33m 4174[2mms[22m[39m
clubs:test:    [32m✓[39m T-07-30 app: block «Activitats» of 04, detail, rows of 03 and 25 [2m(19)[22m
clubs:test:      [33m[2m✓[22m[39m draws the 04 block with the exact badges; the full row with waitlist stays tappable[33m 564[2mms[22m[39m
clubs:test:      [33m[2m✓[22m[39m R-07-14 without WAITLIST the full activity is «Completa» and inert; an open one without maximum is «Obertes»[33m 387[2mms[22m[39m
clubs:test:      [33m[2m✓[22m[39m OPEN: [INSCRIU-M'HI] registers and then offers [ANUL·LA LA INSCRIPCIÓ][33m 361[2mms[22m[39m
clubs:test:      [33m[2m✓[22m[39m FULL_WAITLIST: the waitlist dialog → toast «Ets a la llista d'espera» → [SURT DE LA LLISTA D'ESPERA][33m 371[2mms[22m[39m
clubs:test:      [33m[2m✓[22m[39m registered: [ANUL·LA LA INSCRIPCIÓ] with confirmation; after the start, the contact text[33m 402[2mms[22m[39m
clubs:test:  [32m✓[39m src/training/TrainingDetailPage.test.tsx [2m([22m[2m6 tests[22m[2m)[22m[33m 3744[2mms[22m[39m
clubs:test:    [32m✓[39m S09 training booking detail (/entrenaments/:id, the 07 pattern, R-09-10) [2m(6)[22m
clubs:test:      [33m[2m✓[22m[39m a future booking: title, state, line, who booked it, and the cancellation back to 03[33m 1740[2mms[22m[39m
clubs:test:      [33m[2m✓[22m[39m past cancellableUntil the button gives way to the notice; «Reservada pel club» for BACKOFFICE[33m 311[2mms[22m[39m
clubs:test:      [33m[2m✓[22m[39m cancelled by the club: its state, and nothing to do[33m 393[2mms[22m[39m
clubs:test:      [33m[2m✓[22m[39m 422 TRAINING_CANCEL_TOO_LATE: the threshold and the minutes left, from the details, in the dialog[33m 434[2mms[22m[39m
clubs:test:      [33m[2m✓[22m[39m 409 INVALID_STATE: the message and the booking read again (cancelled elsewhere)[33m 508[2mms[22m[39m
clubs:test:      [33m[2m✓[22m[39m es and en: the same page in the reader's language[33m 355[2mms[22m[39m
clubs:test:  [32m✓[39m src/today/TodayPage.test.tsx [2m([22m[2m18 tests[22m[2m)[22m[33m 4884[2mms[22m[39m
clubs:test:    [32m✓[39m T-06-29 screen 10 «Classes del dia» [2m(18)[22m
clubs:test:      [33m[2m✓[22m[39m draws the mockup grid with identical ring columns, the date header and the week chips[33m 712[2mms[22m[39m
clubs:test:      [33m[2m✓[22m[39m renders «Ocupada» + generic reason in grey without background and never a count[33m 515[2mms[22m[39m
clubs:test:      [33m[2m✓[22m[39m opens the risk balloon with the api riskText on tap and closes it on a second tap or elsewhere[33m 464[2mms[22m[39m
clubs:test:      [33m[2m✓[22m[39m shows the api «Sense» column as delivered and the activity cell[33m 362[2mms[22m[39m
clubs:test:      [33m[2m✓[22m[39m R-06-14 in Pacific/Kiritimati: requested date, header and chips name the club's calendar day[33m 346[2mms[22m[39m
clubs:test:      [33m[2m✓[22m[39m shows the empty state (dayGridEmpty) and the error toast with retry[33m 341[2mms[22m[39m
clubs:build: vite v8.2.2 building client environment for production...
clubs:build: transforming...
clubs:test:  [32m✓[39m src/booking/detail.test.tsx [2m([22m[2m19 tests[22m[2m)[22m[33m 4419[2mms[22m[39m
clubs:test:    [32m✓[39m T-08-39 screen 07: the booking, who booked it, and its cancellation (R-08-10) [2m(14)[22m
clubs:test:      [33m[2m✓[22m[39m shows the mockup card, and a cancellation in time asks first and leaves the green note[33m 1164[2mms[22m[39m
clubs:test:      [33m[2m✓[22m[39m inside the 4 h threshold the dialog warns, and the late note names «4 hores»[33m 365[2mms[22m[39m
clubs:test:      [33m[2m✓[22m[39m a booking cancelled by a swap, opened later: its state chip only, no «dins el termini» note (review #4)[33m 648[2mms[22m[39m
clubs:test:    [32m✓[39m T-08-39 the waiting entry (/espera/:id, R-08-16) [2m(5)[22m
clubs:test:      [33m[2m✓[22m[39m the card with «en llista d'espera», no position in ALL_AT_ONCE, and «SURT DE LA LLISTA D'ESPERA» back to 03[33m 324[2mms[22m[39m
clubs-admin:test:  [32m✓[39m src/dashboard/RiskReviewCard.test.tsx [2m([22m[2m12 tests[22m[2m)[22m[33m 4198[2mms[22m[39m
clubs-admin:test:    [32m✓[39m T-15-33 D1 «Revisió de classes en risc» from S15 §6 form A [2m(5)[22m
clubs-admin:test:      [33m[2m✓[22m[39m renders the four statuses with the mockup's exact literals and «4 avisos»[33m 635[2mms[22m[39m
clubs-admin:test:    [32m✓[39m T-15-33 E5-W03 round 2 · review #5: a D1 row opens D4 on that class (the example day's calendar world) [2m(4)[22m
clubs-admin:test:      [33m[2m✓[22m[39m «Cadells · avui 9:30 · Cadells» → D4 «anul·lades», that week, that class selected[33m 811[2mms[22m[39m
clubs-admin:test:      [33m[2m✓[22m[39m «Nivell D · avui 17:40 · Petita» → D4 «anul·lades», that week, that class selected[33m 699[2mms[22m[39m
clubs-admin:test:      [33m[2m✓[22m[39m «F i G · demà 20:00 · Carretera» → D4 «actives», that week, that class selected[33m 784[2mms[22m[39m
clubs-admin:test:      [33m[2m✓[22m[39m «Cadells · dc 9:30 · Cadells» → D4 «actives», that week, that class selected[33m 676[2mms[22m[39m
clubs-admin:test:  [32m✓[39m src/census/CensusRecordPage.test.tsx [2m([22m[2m8 tests[22m[2m)[22m[33m 5025[2mms[22m[39m
clubs-admin:test:    [32m✓[39m T-03-39 D10 member record [2m(3)[22m
clubs-admin:test:      [33m[2m✓[22m[39m renders the approved badges, masked account, consent warning, dog rights, and WhatsApp URL[33m 1790[2mms[22m[39m
clubs-admin:test:      [33m[2m✓[22m[39m blocks and unblocks new bookings with the required reason[33m 871[2mms[22m[39m
clubs-admin:test:      [33m[2m✓[22m[39m maps STALE_VERSION when another administrator edited the member[33m 603[2mms[22m[39m
clubs-admin:test:    [32m✓[39m T-03-39 E4-W15 step 8 D10 on the real core (E4-W13 report, question 4) [2m(3)[22m
clubs-admin:test:      [33m[2m✓[22m[39m names a pending document by its type's label, as D2 does, and a type the club no longer lists as «Document pendent»[33m 439[2mms[22m[39m
clubs-admin:test:      [33m[2m✓[22m[39m never shows the raw key while the labels load or when they cannot be read[33m 319[2mms[22m[39m
clubs-admin:test:    [32m✓[39m T-03-38 dog record [2m(2)[22m
clubs-admin:test:      [33m[2m✓[22m[39m shows the complete dog record and changes level without a booking warning[33m 354[2mms[22m[39m
clubs-admin:test:      [33m[2m✓[22m[39m deactivates and reactivates a dog without deleting its record[33m 399[2mms[22m[39m
clubs:build: ✓ 508 modules transformed.
clubs:build: rendering chunks...
clubs:build: computing gzip size...
clubs:build: dist/registerSW.js                                        0.13 kB
clubs:build: dist/index.html                                           2.78 kB │ gzip:   0.97 kB
clubs:build: dist/assets/sprite-BOr1Ydze.svg                           5.78 kB │ gzip:   1.52 kB
clubs:build: dist/assets/montserrat-latin-600-normal-UVxSCcoG.woff2   18.68 kB
clubs:build: dist/assets/montserrat-latin-500-normal-DRFEGfly.woff2   18.74 kB
clubs:build: dist/assets/montserrat-latin-400-normal-BLhwKU8k.woff2   18.78 kB
clubs:build: dist/assets/montserrat-latin-700-normal-BdjcYUrC.woff2   18.82 kB
clubs:build: dist/assets/montserrat-latin-600-normal-CdhFl4lI.woff    20.54 kB
clubs:build: dist/assets/montserrat-latin-500-normal-Dok2oTci.woff    20.60 kB
clubs:build: dist/assets/montserrat-latin-400-normal-xItZbAXg.woff    20.64 kB
clubs:build: dist/assets/montserrat-latin-700-normal-BWkrl476.woff    20.67 kB
clubs:build: dist/assets/index-DOLSBey8.css                           92.56 kB │ gzip:  15.15 kB
clubs:build: dist/assets/admin-training-CUhpZeIX.js                    1.29 kB │ gzip:   0.60 kB
clubs:build: dist/assets/admin-training-DW_92FHy.js                    1.35 kB │ gzip:   0.66 kB
clubs:build: dist/assets/admin-training-BANDClBZ.js                    1.37 kB │ gzip:   0.67 kB
clubs:build: dist/assets/training-CYuCURIa.js                          1.57 kB │ gzip:   0.80 kB
clubs:build: dist/assets/home-CLVBc5a3.js                              1.59 kB │ gzip:   0.79 kB
clubs:build: dist/assets/training-DhvOYmdN.js                          1.62 kB │ gzip:   0.85 kB
clubs:build: dist/assets/training-B5riWOVN.js                          1.63 kB │ gzip:   0.86 kB
clubs:build: dist/assets/home-DIaHUeYG.js                              1.65 kB │ gzip:   0.84 kB
clubs:build: dist/assets/home-vQT0WHAi.js                              1.67 kB │ gzip:   0.84 kB
clubs:build: dist/assets/activities-_j5UPNJ2.js                        1.79 kB │ gzip:   0.83 kB
clubs:build: dist/assets/instructor-i3oXhbZa.js                        1.83 kB │ gzip:   0.90 kB
clubs:build: dist/assets/activities-D_fvQi10.js                        1.86 kB │ gzip:   0.91 kB
clubs:build: dist/assets/activities-BKuUowmB.js                        1.88 kB │ gzip:   0.91 kB
clubs:build: dist/assets/instructor-BNySCTuk.js                        1.91 kB │ gzip:   0.97 kB
clubs:build: dist/assets/instructor-DpVLmKdo.js                        1.92 kB │ gzip:   0.96 kB
clubs:build: dist/assets/admin-dashboard-VZhOZ68T.js                   2.07 kB │ gzip:   1.02 kB
clubs:build: dist/assets/admin-dashboard-MI69Hia9.js                   2.13 kB │ gzip:   1.10 kB
clubs:build: dist/assets/admin-dashboard-DNVY2TkD.js                   2.18 kB │ gzip:   1.11 kB
clubs:build: dist/assets/id-cJQwgM2i.js                                2.89 kB │ gzip:   1.28 kB
clubs:build: dist/assets/admin-audit-B0Z1oVf2.js                       2.95 kB │ gzip:   1.39 kB
clubs:build: dist/assets/id-Dio3OKNo.js                                3.04 kB │ gzip:   1.41 kB
clubs:build: dist/assets/id-Rnv2hXs4.js                                3.10 kB │ gzip:   1.42 kB
clubs:build: dist/assets/admin-audit-BS32JsSa.js                       3.20 kB │ gzip:   1.54 kB
clubs:build: dist/assets/admin-audit-CkyykZV1.js                       3.28 kB │ gzip:   1.56 kB
clubs:build: dist/assets/enums-BbsARUaw.js                             3.48 kB │ gzip:   1.49 kB
clubs:build: dist/assets/enums-B_0xqdvq.js                             3.58 kB │ gzip:   1.56 kB
clubs:build: dist/assets/enums-Cz9stlHN.js                             3.59 kB │ gzip:   1.56 kB
clubs:build: dist/assets/auth-CPk47kNm.js                              4.25 kB │ gzip:   1.86 kB
clubs:build: dist/assets/auth-UGh5pJ7A.js                              4.69 kB │ gzip:   2.06 kB
clubs:build: dist/assets/auth-JamjDQZz.js                              4.75 kB │ gzip:   2.07 kB
clubs:build: dist/assets/booking-Bzzfkcsu.js                           4.79 kB │ gzip:   1.82 kB
clubs:build: dist/assets/booking-DFimaro9.js                           5.11 kB │ gzip:   2.00 kB
clubs:build: dist/assets/booking-CG4lcbly.js                           5.14 kB │ gzip:   2.01 kB
clubs:build: dist/assets/admin-catalogs-p29fM8xq.js                    5.41 kB │ gzip:   2.01 kB
clubs:build: dist/assets/signup-CwSXGnPb.js                            5.58 kB │ gzip:   2.51 kB
clubs:build: dist/assets/admin-catalogs-dZtpqy8S.js                    5.67 kB │ gzip:   2.23 kB
clubs:build: dist/assets/signup-Dk1wxP-u.js                            5.81 kB │ gzip:   2.76 kB
clubs:build: dist/assets/admin-catalogs-D4wG5vIy.js                    5.87 kB │ gzip:   2.26 kB
clubs:build: dist/assets/signup-fw3CD9CG.js                            5.91 kB │ gzip:   2.78 kB
clubs:build: dist/assets/census-Bwnvx8Ki.js                            6.00 kB │ gzip:   2.39 kB
clubs:build: dist/assets/admin-activities-Cmq1QEmn.js                  6.01 kB │ gzip:   2.42 kB
clubs:build: dist/assets/admin-activities-p-Yew4Zm.js                  6.17 kB │ gzip:   2.62 kB
clubs:build: dist/assets/census-DnEV9q-4.js                            6.35 kB │ gzip:   2.64 kB
clubs:build: dist/assets/admin-activities-7OuSwNid.js                  6.38 kB │ gzip:   2.68 kB
clubs:build: dist/assets/census-CnDkuqii.js                            6.53 kB │ gzip:   2.67 kB
clubs:build: dist/assets/admin-scheduling-nhXWwjRG.js                  8.23 kB │ gzip:   3.04 kB
clubs:build: dist/assets/admin-scheduling-DeLeUPtJ.js                  8.64 kB │ gzip:   3.30 kB
clubs:build: dist/assets/admin-scheduling-BhSriSnV.js                  8.64 kB │ gzip:   3.31 kB
clubs:build: dist/assets/admin-census-BvOmzvvC.js                     10.88 kB │ gzip:   4.30 kB
clubs:build: dist/assets/admin-census-Bgj4i9-Z.js                     11.49 kB │ gzip:   4.60 kB
clubs:build: dist/assets/admin-census-5co9ouCz.js                     11.84 kB │ gzip:   4.69 kB
clubs:build: dist/assets/admin-settings-B1ONV6DO.js                   21.68 kB │ gzip:   7.68 kB
clubs:build: dist/assets/errors-BEYdY0lY.js                           21.94 kB │ gzip:   7.14 kB
clubs:build: dist/assets/admin-settings-Ch6Tk865.js                   23.18 kB │ gzip:   8.29 kB
clubs:build: dist/assets/errors-cd5PNlr5.js                           23.28 kB │ gzip:   7.55 kB
clubs:build: dist/assets/errors-BTkZn-KS.js                           23.29 kB │ gzip:   7.51 kB
clubs:build: dist/assets/admin-settings-s46_PTCU.js                   23.62 kB │ gzip:   8.30 kB
clubs:build: dist/assets/index-BwINCdoM.js                           542.05 kB │ gzip: 158.14 kB
clubs:build: dist/assets/browser-DAoIe0Z9.js                         901.41 kB │ gzip: 383.81 kB
clubs:build: 
clubs:build: [33m[INEFFECTIVE_DYNAMIC_IMPORT] [0m../../packages/i18n/src/locales/ca/common.json is dynamically imported by ../../packages/i18n/src/resources.ts but also statically imported by ../../packages/i18n/src/catalog.ts, dynamic import will not move module into another chunk.
clubs:build: 
clubs:build: [plugin builtin:vite-reporter] 
clubs:build: (!) Some chunks are larger than 500 kB after minification. Consider:
clubs:build: - Using dynamic import() to code-split the application
clubs:build: - Use build.rolldownOptions.output.codeSplitting to improve chunking: https://rolldown.rs/reference/OutputOptions.codeSplitting
clubs:build: - Adjust chunk size limit for this warning via build.chunkSizeWarningLimit.
clubs:build: [33m[INEFFECTIVE_DYNAMIC_IMPORT] [0m../../packages/i18n/src/locales/ca/shell.json is dynamically imported by ../../packages/i18n/src/resources.ts but also statically imported by ../../packages/i18n/src/catalog.ts, dynamic import will not move module into another chunk.
clubs:build: 
clubs:build: [33m[INEFFECTIVE_DYNAMIC_IMPORT] [0m../../packages/i18n/src/locales/en/common.json is dynamically imported by ../../packages/i18n/src/resources.ts but also statically imported by ../../packages/i18n/src/catalog.ts, dynamic import will not move module into another chunk.
clubs:build: 
clubs:build: [33m[INEFFECTIVE_DYNAMIC_IMPORT] [0m../../packages/i18n/src/locales/en/shell.json is dynamically imported by ../../packages/i18n/src/resources.ts but also statically imported by ../../packages/i18n/src/catalog.ts, dynamic import will not move module into another chunk.
clubs:build: 
clubs:build: [33m[INEFFECTIVE_DYNAMIC_IMPORT] [0m../../packages/i18n/src/locales/es/common.json is dynamically imported by ../../packages/i18n/src/resources.ts but also statically imported by ../../packages/i18n/src/catalog.ts, dynamic import will not move module into another chunk.
clubs:build: 
clubs:build: [33m[INEFFECTIVE_DYNAMIC_IMPORT] [0m../../packages/i18n/src/locales/es/shell.json is dynamically imported by ../../packages/i18n/src/resources.ts but also statically imported by ../../packages/i18n/src/catalog.ts, dynamic import will not move module into another chunk.
clubs:build: 
clubs:build: ✓ built in 667ms
clubs-admin:test:  [32m✓[39m src/planning/calendar-shared.test.ts [2m([22m[2m8 tests[22m[2m)[22m[32m 167[2mms[22m[39m
clubs:test:  [32m✓[39m src/today/OverviewPage.test.tsx [2m([22m[2m10 tests[22m[2m)[22m[33m 5962[2mms[22m[39m
clubs:test:    [32m✓[39m T-06-29 screen 23 «Visió global» [2m(7)[22m
clubs:test:      [33m[2m✓[22m[39m shows n/n +e with the planned instructor, training names, the block and the cancelled class[33m 854[2mms[22m[39m
clubs:test:      [33m[2m✓[22m[39m E5-W03 step 1 lists the class's registrants and the «En espera» line in the drawer, read-only (S08 §6)[33m 779[2mms[22m[39m
clubs:test:      [33m[2m✓[22m[39m opens the class drawer with the instructor projection of the tapped class[33m 605[2mms[22m[39m
clubs:test:      [33m[2m✓[22m[39m opens the block drawer and cancels the block (POST /ring-blocks/{id}/cancellation)[33m 328[2mms[22m[39m
clubs:test:      [33m[2m✓[22m[39m maps 409 INVALID_STATE and 422 RING_BLOCK_MANAGED_BY_ACTIVITY on the block cancellation[33m 457[2mms[22m[39m
clubs:test:    [32m✓[39m T-06-29 E4-W11 screen 23's class drawer reads the class detail (api E5-T15) [2m(2)[22m
clubs:test:      [33m[2m✓[22m[39m names the instructors (instructorNames[]) and the ring (ring.name) of GET /class-sessions/{id}, not of the tapped cell[33m 381[2mms[22m[39m
clubs:test:      [33m[2m✓[22m[39m a class without a ring (ring: null) has no «Pista» row; without names, no «Instructor» row[33m 488[2mms[22m[39m
clubs:test:    [32m✓[39m T-06-29 E4-W14 screen 23's drawer: the instructors' label follows the count, the names are a list [2m(1)[22m
clubs:test:      [33m[2m✓[22m[39m ca «Instructor: Marc» / «Instructors: Marc i Núria»; es «Instructores: Marc y Núria»; en «Instructors: Marc and Núria»[33m 1749[2mms[22m[39m
clubs-admin:test:  [32m✓[39m src/catalogs/JobsCard.test.tsx [2m([22m[2m18 tests[22m[2m)[22m[33m 5411[2mms[22m[39m
clubs-admin:test:    [32m✓[39m T-15-32 D11 «Processos automàtics» (S15 §2, R-15-01, R-15-08, R-15-09) [2m(14)[22m
clubs-admin:test:      [33m[2m✓[22m[39m lists the ten processes of the full club and the eight of the club mínim, each with its cadence and last run[33m 1156[2mms[22m[39m
clubs-admin:test:      [33m[2m✓[22m[39m asks before disabling (S15 §2 literal) and writes PUT /jobs/{name}/switch {enabled: false} only after the confirmation[33m 562[2mms[22m[39m
clubs-admin:test:      [33m[2m✓[22m[39m R-15-09 [Executa ara] asks, runs {dryRun: false} and shows the run's summary, then reads the list again[33m 313[2mms[22m[39m
clubs-admin:test:      [33m[2m✓[22m[39m keeps one Idempotency-Key per payload while the outcome is unknown: a retry after a lost answer reuses it[33m 441[2mms[22m[39m
clubs-admin:test:      [33m[2m✓[22m[39m opens a process's run history and a run's sheet (effects and errors)[33m 313[2mms[22m[39m
clubs-admin:test:      [33m[2m✓[22m[39m E5-W03 round 2 · review #1: the run history pages through the api's list, and its filters narrow it[33m 880[2mms[22m[39m
clubs-admin:test:  [32m✓[39m src/audit/AuditPage.test.tsx [2m([22m[2m8 tests[22m[2m)[22m[33m 6057[2mms[22m[39m
clubs-admin:test:    [32m✓[39m T-14-26 member audit and exports [2m(8)[22m
clubs-admin:test:      [33m[2m✓[22m[39m filters by action and opens the masked before/after change drawer[33m 1606[2mms[22m[39m
clubs-admin:test:      [33m[2m✓[22m[39m E3-W07 step 0 labels a readmission submitted from the public form (SIGNUP_SUBMITTED, PUBLIC)[33m 337[2mms[22m[39m
clubs-admin:test:      [33m[2m✓[22m[39m E4-W15 step 8 (E4-W13 report, question 4): «Entitat» and «Actor» ask for the keys they fall back to, entityType and actorRole[33m 511[2mms[22m[39m
clubs-admin:test:      [33m[2m✓[22m[39m opens the exports drawer for a queued job and exposes its READY download[33m 2102[2mms[22m[39m
clubs-admin:test:      [33m[2m✓[22m[39m shows the catalogued EXPORT_LIMIT explanation in the exports drawer[33m 537[2mms[22m[39m
clubs-admin:test:      [33m[2m✓[22m[39m routes a queued members list export into the global drawer[33m 373[2mms[22m[39m
clubs-admin:test:      [33m[2m✓[22m[39m routes a queued dogs list export into the global drawer[33m 577[2mms[22m[39m
clubs-admin:test:  [32m✓[39m src/catalogs/ClubPagesCard.test.tsx [2m([22m[2m2 tests[22m[2m)[22m[33m 954[2mms[22m[39m
clubs-admin:test:    [32m✓[39m T-05-CP-07 club page editor [2m(2)[22m
clubs-admin:test:      [33m[2m✓[22m[39m warns about provisional text and confirms the next consent version before publishing[33m 694[2mms[22m[39m
clubs:test:  [32m✓[39m src/App.test.tsx [2m([22m[2m25 tests[22m[2m)[22m[33m 5765[2mms[22m[39m
clubs:test:    [32m✓[39m T-02-14 clubs shell [2m(5)[22m
clubs:test:      [33m[2m✓[22m[39m uses the compact mark with the runtime club name[33m 774[2mms[22m[39m
clubs:test:    [32m✓[39m T-01-18 access screen [2m(2)[22m
clubs:test:      [33m[2m✓[22m[39m uses the exact access actions, focuses an empty email and gates signup[33m 402[2mms[22m[39m
clubs:test:    [32m✓[39m T-01-19 activation screen [2m(1)[22m
clubs:test:      [33m[2m✓[22m[39m renders gender-aware, reset and invalid-link variants[33m 391[2mms[22m[39m
clubs:test:    [32m✓[39m T-07-30 E4-W08 S07 §6 /activitats/:id is for MEMBER and impersonated sessions (AGENTS rule 3) [2m(3)[22m
clubs:test:      [33m[2m✓[22m[39m an instructor-only session gets the usual no-access path: no detail, no /me/activities call[33m 490[2mms[22m[39m
clubs:test:    [32m✓[39m T-01-26 imported-account onboarding and policy re-consent [2m(4)[22m
clubs:test:      [33m[2m✓[22m[39m renders the screen and pop-up in Catalan, Spanish and English[33m 379[2mms[22m[39m
clubs-admin:test:  [32m✓[39m src/planning/CalendarDayPage.test.tsx [2m([22m[2m2 tests[22m[2m)[22m[33m 858[2mms[22m[39m
clubs-admin:test:    [32m✓[39m T-06-28 D4 day view (/calendari/dia/:date, form D) [2m(2)[22m
clubs-admin:test:      [33m[2m✓[22m[39m takes the api's «Sense» column as delivered and never adds its own[33m 591[2mms[22m[39m
clubs:test:  [32m✓[39m src/booking/confirm.test.tsx [2m([22m[2m17 tests[22m[2m)[22m[33m 6065[2mms[22m[39m
clubs:test:    [32m✓[39m T-08-36 the 30 s hold counts on the api clock, not the device's (R-08-07) [2m(2)[22m
clubs:test:      [33m[2m✓[22m[39m a device clock 5 min ahead still starts at 0:30, reaches 0 at the right instant, then the red note returns to 04[33m 902[2mms[22m[39m
clubs:test:      [33m[2m✓[22m[39m 409 SEAT_HOLD_EXPIRED on the confirmation shows the same red note[33m 689[2mms[22m[39m
clubs:test:    [32m✓[39m T-08-38 screen 06: the swap when the week's limit is reached (R-08-09) [2m(3)[22m
clubs:test:      [33m[2m✓[22m[39m single selection among the swappable bookings, the done one inert, the button names both days, then the swap is confirmed[33m 563[2mms[22m[39m
clubs:test:      [33m[2m✓[22m[39m «CANCEL·LAR LA NOVA RESERVA» releases the hold (DELETE) and goes back to 04[33m 552[2mms[22m[39m
clubs:test:      [33m[2m✓[22m[39m the back gesture leaves the page and releases the hold too[33m 416[2mms[22m[39m
clubs:test:    [32m✓[39m 29: the normal confirmation and the informative variants (S08 §2 29, decision B1) [2m(6)[22m
clubs:test:      [33m[2m✓[22m[39m normal: no swap, «CONFIRMAR LA RESERVA», then the calendar links and the booking[33m 380[2mms[22m[39m
clubs:test:      [33m[2m✓[22m[39m a seat another hold takes: the retry note, and a retry that gets the seat shows the countdown[33m 306[2mms[22m[39m
clubs:test:    [32m✓[39m R-08-18 SINGLE_CLASS on 29, and one Idempotency-Key per payload (R-08-08) [2m(4)[22m
clubs:test:      [33m[2m✓[22m[39m CHARGE_ON_ATTENDANCE: the note above the normal button[33m 313[2mms[22m[39m
clubs-admin:test:  [32m✓[39m src/planning/description.test.ts [2m([22m[2m7 tests[22m[2m)[22m[32m 61[2mms[22m[39m
clubs-admin:test:  [32m✓[39m src/planning/calendar-literals.test.ts [2m([22m[2m2 tests[22m[2m)[22m[32m 98[2mms[22m[39m
clubs-admin:test:  [32m✓[39m src/census/CensusListPage.test.tsx [2m([22m[2m4 tests[22m[2m)[22m[33m 6955[2mms[22m[39m
clubs-admin:test:    [32m✓[39m T-03-38 D5 universal member list [2m(3)[22m
clubs-admin:test:      [33m[2m✓[22m[39m renders applied filters and preserves selection when page size changes[33m 2555[2mms[22m[39m
clubs-admin:test:      [33m[2m✓[22m[39m E4-W12 step 5: a fresh /abonats applies only the status chip «Alta», so a club whose plan ids differ from the fixture's lists its members[33m 434[2mms[22m[39m
clubs-admin:test:      [33m[2m✓[22m[39m toggles visible columns and synchronizes the ordered fields to the URL[33m 1092[2mms[22m[39m
clubs-admin:test:    [32m✓[39m T-03-42 D15 translated dog list [2m(1)[22m
clubs-admin:test:      [33m[2m✓[22m[39m renders the approved columns and dog record links[33m 2867[2mms[22m[39m
clubs-admin:test:  [32m✓[39m src/training/TrainingRegisterPage.test.tsx [2m([22m[2m8 tests[22m[2m)[22m[33m 6734[2mms[22m[39m
clubs-admin:test:    [32m✓[39m E5-W03 step 2 · «Entrenaments», the ring-usage register (S09 §2 and §13-8) [2m(8)[22m
clubs-admin:test:      [33m[2m✓[22m[39m tab 1 reads GET /training-bookings with the current week and startsAt,desc, and links the member to D10 (ADMIN)[33m 1417[2mms[22m[39m
clubs-admin:test:      [33m[2m✓[22m[39m offers the api's values with their counts in the universal filter (no filter-values route: counted from the list)[33m 753[2mms[22m[39m
clubs-admin:test:      [33m[2m✓[22m[39m S14 R-14-12 exports the list's filters and columns (ADMIN) and never for an INSTRUCTOR[33m 857[2mms[22m[39m
clubs-admin:test:      [33m[2m✓[22m[39m tab 2 lists the blocks and ring reservations; [Anul·la el bloqueig] is hidden for an activity's block and cancels the others[33m 750[2mms[22m[39m
clubs-admin:test:      [33m[2m✓[22m[39m 409 INVALID_STATE on a cancellation shows why and reads the list again; an INSTRUCTOR has no row action[33m 824[2mms[22m[39m
clubs-admin:test:      [33m[2m✓[22m[39m E5-W03 round 2 · review #9: the date and relation filters offer only operators that take one value, and the query says so[33m 1463[2mms[22m[39m
clubs-admin:test:      [33m[2m✓[22m[39m E5-W03 round 2 · review #8: a past block on a deactivated ring names its ring, never its id[33m 366[2mms[22m[39m
clubs-admin:test:  [32m✓[39m src/catalogs/derived-settings.test.ts [2m([22m[2m2 tests[22m[2m)[22m[32m 5[2mms[22m[39m
clubs-admin:test:  [32m✓[39m src/planning/plain-dates.test.ts [2m([22m[2m9 tests[22m[2m)[22m[32m 31[2mms[22m[39m
clubs-admin:test:  [32m✓[39m src/planning/ClassRegistrantsPanel.test.tsx [2m([22m[2m7 tests[22m[2m)[22m[33m 1476[2mms[22m[39m
clubs-admin:test:    [32m✓[39m E5-W03 step 1 · the registrants panel of a class (S08 §6, R-08-12, R-08-16) [2m(7)[22m
clubs-admin:test:      [33m[2m✓[22m[39m lists every booking as the api orders it, with its state, and the D12 «En espera: …» line[33m 549[2mms[22m[39m
clubs:build: 
clubs:build: PWA v1.3.0
clubs:build: mode      generateSW
clubs:build: precache  63 entries (1861.68 KiB)
clubs:build: files generated
clubs:build:   dist/sw.js
clubs:build:   dist/workbox-9c191d2f.js
clubs:test:  [32m✓[39m src/instructor/RingBlockPage.test.tsx [2m([22m[2m9 tests[22m[2m)[22m[33m 7308[2mms[22m[39m
clubs:test:    [32m✓[39m screen 24 «Reservar o bloquejar pista» (S09 §2 row 24, R-09-11) [2m(9)[22m
clubs:test:      [33m[2m✓[22m[39m «Reserva de pista» first with its four reasons; «Bloqueig» hides them and offers its two[33m 1626[2mms[22m[39m
clubs:test:      [33m[2m✓[22m[39m every active ring (also those closed to training), the route's ring preselected[33m 483[2mms[22m[39m
clubs:test:      [33m[2m✓[22m[39m a contiguous selection writes the summary and posts the block, then 23 with its toast[33m 1240[2mms[22m[39m
clubs:test:      [33m[2m✓[22m[39m 409 RING_BLOCK_CONFLICT marks the conflicting cells, lists the overlaps and reads the grid again[33m 1463[2mms[22m[39m
clubs:test:      [33m[2m✓[22m[39m 422 RING_HAS_BOOKINGS: the instructor is told to ask the administration, and nothing forces it[33m 578[2mms[22m[39m
clubs:test:      [33m[2m✓[22m[39m FREE_TRAINING off: only «Bloqueig», and the times are taken without a grid (the api validates)[33m 564[2mms[22m[39m
clubs:test:      [33m[2m✓[22m[39m E5-W02 round 2 · review #5: without a grid the band's last half hour can be taken (13:30–14:00)[33m 543[2mms[22m[39m
clubs:test:      [33m[2m✓[22m[39m while the block is sent the button is busy and the grid, kinds and rings are inert[33m 472[2mms[22m[39m
clubs:test:      [33m[2m✓[22m[39m a time refusal is shown by code (400 INVALID_TIME_RANGE), and a lost answer keeps its key[33m 337[2mms[22m[39m
clubs-admin:test:  [32m✓[39m src/catalogs/SettingsPage.test.tsx [2m([22m[2m9 tests[22m[2m)[22m[33m 7795[2mms[22m[39m
clubs-admin:test:    [32m✓[39m T-02-13 E4-W06 S05 §2 D11 «Nivells»: the «Progressió» switch (S05 §3 Level.progression, E29) [2m(4)[22m
clubs-admin:test:      [33m[2m✓[22m[39m shows one switch per level with the help text: Teràpia is off, the progression levels on[33m 1541[2mms[22m[39m
clubs-admin:test:      [33m[2m✓[22m[39m saves a toggle with PATCH /levels/{id} {progression, version} and keeps the saved level[33m 1215[2mms[22m[39m
clubs-admin:test:      [33m[2m✓[22m[39m shows a refused toggle by its code next to the table and keeps the switch as saved; STALE_VERSION reloads the levels[33m 1189[2mms[22m[39m
clubs-admin:test:      [33m[2m✓[22m[39m the level form carries «Progressió»: a new level outside the progression is created with progression false; an edit keeps the level's value[33m 1673[2mms[22m[39m
clubs-admin:test:    [32m✓[39m T-02-13 E4-W14 S05 §2 D11 «Nivells» follow-ups of the E4-W06 review [2m(5)[22m
clubs-admin:test:      [33m[2m✓[22m[39m S05 §2 the «Progressió» help names no club level, in ca, es and en[33m 645[2mms[22m[39m
clubs-admin:test:      [33m[2m✓[22m[39m a second toggle never re-enables a switch whose PATCH is still pending; each row keeps its own error[33m 715[2mms[22m[39m
clubs-admin:test:  [32m✓[39m src/training/RingBlockCard.test.tsx [2m([22m[2m7 tests[22m[2m)[22m[33m 2707[2mms[22m[39m
clubs-admin:test:    [32m✓[39m D12 card «Reservar o bloquejar pista (sense alumne)» (S09 §2 row D12, R-09-11) [2m(7)[22m
clubs-admin:test:      [33m[2m✓[22m[39m the mockup's controls: kinds, «motiu: …», day and times, ring, RESERVA[33m 832[2mms[22m[39m
clubs-admin:test:      [33m[2m✓[22m[39m offers only the free half hours of the ring and their runs, and posts the block[33m 515[2mms[22m[39m
clubs-admin:test:      [33m[2m✓[22m[39m an instructor with live bookings in the way is told to ask the administration[33m 395[2mms[22m[39m
clubs-admin:test:      [33m[2m✓[22m[39m E5-W02 round 2 · review #2: after the refreshed grid the ADMIN still confirms 17:30–18:00 and resends it with cancelBookings (R-09-13)[33m 400[2mms[22m[39m
clubs-admin:build: vite v8.2.2 building client environment for production...
clubs-admin:build: transforming...
clubs-admin:build: ✓ 528 modules transformed.
clubs-admin:build: rendering chunks...
clubs-admin:build: computing gzip size...
clubs-admin:build: dist/index.html                                           2.65 kB │ gzip:   0.91 kB
clubs-admin:build: dist/assets/sprite-BOr1Ydze.svg                           5.78 kB │ gzip:   1.52 kB
clubs-admin:build: dist/assets/montserrat-latin-600-normal-UVxSCcoG.woff2   18.68 kB
clubs-admin:build: dist/assets/montserrat-latin-500-normal-DRFEGfly.woff2   18.74 kB
clubs-admin:build: dist/assets/montserrat-latin-400-normal-BLhwKU8k.woff2   18.78 kB
clubs-admin:build: dist/assets/montserrat-latin-700-normal-BdjcYUrC.woff2   18.82 kB
clubs-admin:build: dist/assets/montserrat-latin-600-normal-CdhFl4lI.woff    20.54 kB
clubs-admin:build: dist/assets/montserrat-latin-500-normal-Dok2oTci.woff    20.60 kB
clubs-admin:build: dist/assets/montserrat-latin-400-normal-xItZbAXg.woff    20.64 kB
clubs-admin:build: dist/assets/montserrat-latin-700-normal-BWkrl476.woff    20.67 kB
clubs-admin:build: dist/assets/index-Cyy3cfi5.css                           99.36 kB │ gzip:  15.81 kB
clubs-admin:build: dist/assets/admin-training-CUhpZeIX.js                    1.29 kB │ gzip:   0.60 kB
clubs-admin:build: dist/assets/admin-training-DW_92FHy.js                    1.35 kB │ gzip:   0.66 kB
clubs-admin:build: dist/assets/admin-training-BANDClBZ.js                    1.37 kB │ gzip:   0.67 kB
clubs-admin:build: dist/assets/training-CYuCURIa.js                          1.57 kB │ gzip:   0.80 kB
clubs-admin:build: dist/assets/home-CLVBc5a3.js                              1.59 kB │ gzip:   0.79 kB
clubs-admin:build: dist/assets/training-DhvOYmdN.js                          1.62 kB │ gzip:   0.85 kB
clubs-admin:build: dist/assets/training-B5riWOVN.js                          1.63 kB │ gzip:   0.86 kB
clubs-admin:build: dist/assets/home-DIaHUeYG.js                              1.65 kB │ gzip:   0.84 kB
clubs-admin:build: dist/assets/home-vQT0WHAi.js                              1.67 kB │ gzip:   0.84 kB
clubs-admin:build: dist/assets/activities-_j5UPNJ2.js                        1.79 kB │ gzip:   0.83 kB
clubs-admin:build: dist/assets/instructor-i3oXhbZa.js                        1.83 kB │ gzip:   0.90 kB
clubs-admin:build: dist/assets/activities-D_fvQi10.js                        1.86 kB │ gzip:   0.91 kB
clubs-admin:build: dist/assets/activities-BKuUowmB.js                        1.88 kB │ gzip:   0.91 kB
clubs-admin:build: dist/assets/instructor-BNySCTuk.js                        1.91 kB │ gzip:   0.97 kB
clubs-admin:build: dist/assets/instructor-DpVLmKdo.js                        1.92 kB │ gzip:   0.96 kB
clubs-admin:build: dist/assets/admin-dashboard-VZhOZ68T.js                   2.07 kB │ gzip:   1.02 kB
clubs-admin:build: dist/assets/admin-dashboard-MI69Hia9.js                   2.13 kB │ gzip:   1.10 kB
clubs-admin:build: dist/assets/admin-dashboard-DNVY2TkD.js                   2.18 kB │ gzip:   1.11 kB
clubs-admin:build: dist/assets/id-cJQwgM2i.js                                2.89 kB │ gzip:   1.28 kB
clubs-admin:build: dist/assets/admin-audit-B0Z1oVf2.js                       2.95 kB │ gzip:   1.39 kB
clubs-admin:build: dist/assets/id-Dio3OKNo.js                                3.04 kB │ gzip:   1.41 kB
clubs-admin:build: dist/assets/id-Rnv2hXs4.js                                3.10 kB │ gzip:   1.42 kB
clubs-admin:build: dist/assets/admin-audit-BS32JsSa.js                       3.20 kB │ gzip:   1.54 kB
clubs-admin:build: dist/assets/admin-audit-CkyykZV1.js                       3.28 kB │ gzip:   1.56 kB
clubs-admin:build: dist/assets/enums-BbsARUaw.js                             3.48 kB │ gzip:   1.49 kB
clubs-admin:build: dist/assets/enums-B_0xqdvq.js                             3.58 kB │ gzip:   1.56 kB
clubs-admin:build: dist/assets/enums-Cz9stlHN.js                             3.59 kB │ gzip:   1.56 kB
clubs-admin:build: dist/assets/auth-CPk47kNm.js                              4.25 kB │ gzip:   1.86 kB
clubs-admin:build: dist/assets/auth-UGh5pJ7A.js                              4.69 kB │ gzip:   2.06 kB
clubs-admin:build: dist/assets/auth-JamjDQZz.js                              4.75 kB │ gzip:   2.07 kB
clubs-admin:build: dist/assets/booking-Bzzfkcsu.js                           4.79 kB │ gzip:   1.82 kB
clubs-admin:build: dist/assets/booking-DFimaro9.js                           5.11 kB │ gzip:   2.00 kB
clubs-admin:build: dist/assets/booking-CG4lcbly.js                           5.14 kB │ gzip:   2.01 kB
clubs-admin:build: dist/assets/admin-catalogs-p29fM8xq.js                    5.41 kB │ gzip:   2.01 kB
clubs-admin:build: dist/assets/signup-CwSXGnPb.js                            5.58 kB │ gzip:   2.51 kB
clubs-admin:build: dist/assets/admin-catalogs-dZtpqy8S.js                    5.67 kB │ gzip:   2.23 kB
clubs-admin:build: dist/assets/signup-Dk1wxP-u.js                            5.81 kB │ gzip:   2.76 kB
clubs-admin:build: dist/assets/admin-catalogs-D4wG5vIy.js                    5.87 kB │ gzip:   2.26 kB
clubs-admin:build: dist/assets/signup-fw3CD9CG.js                            5.91 kB │ gzip:   2.78 kB
clubs-admin:build: dist/assets/census-Bwnvx8Ki.js                            6.00 kB │ gzip:   2.39 kB
clubs-admin:build: dist/assets/admin-activities-Cmq1QEmn.js                  6.01 kB │ gzip:   2.42 kB
clubs-admin:build: dist/assets/admin-activities-p-Yew4Zm.js                  6.17 kB │ gzip:   2.62 kB
clubs-admin:build: dist/assets/census-DnEV9q-4.js                            6.35 kB │ gzip:   2.64 kB
clubs-admin:build: dist/assets/admin-activities-7OuSwNid.js                  6.38 kB │ gzip:   2.68 kB
clubs-admin:build: dist/assets/census-CnDkuqii.js                            6.53 kB │ gzip:   2.67 kB
clubs-admin:build: dist/assets/admin-scheduling-nhXWwjRG.js                  8.23 kB │ gzip:   3.04 kB
clubs-admin:build: dist/assets/admin-scheduling-DeLeUPtJ.js                  8.64 kB │ gzip:   3.30 kB
clubs-admin:build: dist/assets/admin-scheduling-BhSriSnV.js                  8.64 kB │ gzip:   3.31 kB
clubs-admin:build: dist/assets/admin-census-BvOmzvvC.js                     10.88 kB │ gzip:   4.30 kB
clubs-admin:build: dist/assets/admin-census-Bgj4i9-Z.js                     11.49 kB │ gzip:   4.60 kB
clubs-admin:build: dist/assets/admin-census-5co9ouCz.js                     11.84 kB │ gzip:   4.69 kB
clubs-admin:build: dist/assets/admin-settings-B1ONV6DO.js                   21.68 kB │ gzip:   7.68 kB
clubs-admin:build: dist/assets/errors-BEYdY0lY.js                           21.94 kB │ gzip:   7.14 kB
clubs-admin:build: dist/assets/admin-settings-Ch6Tk865.js                   23.18 kB │ gzip:   8.29 kB
clubs-admin:build: dist/assets/errors-cd5PNlr5.js                           23.28 kB │ gzip:   7.55 kB
clubs-admin:build: dist/assets/errors-BTkZn-KS.js                           23.29 kB │ gzip:   7.51 kB
clubs-admin:build: dist/assets/admin-settings-s46_PTCU.js                   23.62 kB │ gzip:   8.30 kB
clubs-admin:build: dist/assets/browser-qP5tRcF3.js                         713.03 kB │ gzip: 240.48 kB
clubs-admin:build: dist/assets/index-D4FfA3Pn.js                           990.17 kB │ gzip: 358.56 kB
clubs-admin:build: 
clubs-admin:build: [33m[INEFFECTIVE_DYNAMIC_IMPORT] [0m../../packages/i18n/src/locales/ca/common.json is dynamically imported by ../../packages/i18n/src/resources.ts but also statically imported by ../../packages/i18n/src/catalog.ts, dynamic import will not move module into another chunk.
clubs-admin:build: 
clubs-admin:build: [plugin builtin:vite-reporter] 
clubs-admin:build: (!) Some chunks are larger than 500 kB after minification. Consider:
clubs-admin:build: - Using dynamic import() to code-split the application
clubs-admin:build: - Use build.rolldownOptions.output.codeSplitting to improve chunking: https://rolldown.rs/reference/OutputOptions.codeSplitting
clubs-admin:build: - Adjust chunk size limit for this warning via build.chunkSizeWarningLimit.
clubs-admin:build: [33m[INEFFECTIVE_DYNAMIC_IMPORT] [0m../../packages/i18n/src/locales/ca/shell.json is dynamically imported by ../../packages/i18n/src/resources.ts but also statically imported by ../../packages/i18n/src/catalog.ts, dynamic import will not move module into another chunk.
clubs-admin:build: 
clubs-admin:build: [33m[INEFFECTIVE_DYNAMIC_IMPORT] [0m../../packages/i18n/src/locales/en/common.json is dynamically imported by ../../packages/i18n/src/resources.ts but also statically imported by ../../packages/i18n/src/catalog.ts, dynamic import will not move module into another chunk.
clubs-admin:build: 
clubs-admin:build: [33m[INEFFECTIVE_DYNAMIC_IMPORT] [0m../../packages/i18n/src/locales/en/shell.json is dynamically imported by ../../packages/i18n/src/resources.ts but also statically imported by ../../packages/i18n/src/catalog.ts, dynamic import will not move module into another chunk.
clubs-admin:build: 
clubs-admin:build: [33m[INEFFECTIVE_DYNAMIC_IMPORT] [0m../../packages/i18n/src/locales/es/common.json is dynamically imported by ../../packages/i18n/src/resources.ts but also statically imported by ../../packages/i18n/src/catalog.ts, dynamic import will not move module into another chunk.
clubs-admin:build: 
clubs-admin:build: [33m[INEFFECTIVE_DYNAMIC_IMPORT] [0m../../packages/i18n/src/locales/es/shell.json is dynamically imported by ../../packages/i18n/src/resources.ts but also statically imported by ../../packages/i18n/src/catalog.ts, dynamic import will not move module into another chunk.
clubs-admin:build: 
clubs-admin:build: ✓ built in 372ms
clubs:test:  [32m✓[39m src/training/TrainingPage.test.tsx [2m([22m[2m21 tests[22m[2m)[22m[33m 9592[2mms[22m[39m
clubs:test:    [32m✓[39m T-09-37 screen 08 exists only with a dog allowed to train alone [2m(3)[22m
clubs:test:      [33m[2m✓[22m[39m without eligible dogs the tab is absent and /entrenaments goes back to 03[33m 1490[2mms[22m[39m
clubs:test:      [33m[2m✓[22m[39m with Rock and Toby the tab exists and Rock (defaultDogId) is the selected chip[33m 679[2mms[22m[39m
clubs:test:      [33m[2m✓[22m[39m FREE_TRAINING off: no tab, and the route shows nothing of the module[33m 522[2mms[22m[39m
clubs:test:    [32m✓[39m T-09-38 screen 08 grid, «Qualsevol» and the confirmation [2m(4)[22m
clubs:test:      [33m[2m✓[22m[39m draws the api's cells: free outlined and pressable, struck, «classe» dimmed[33m 868[2mms[22m[39m
clubs:test:      [33m[2m✓[22m[39m «Qualsevol» with two free rings asks which one, Muntanya first, and books with it[33m 1082[2mms[22m[39m
clubs:test:      [33m[2m✓[22m[39m the counter card reads the selected day's week and follows the dog[33m 663[2mms[22m[39m
clubs:test:      [33m[2m✓[22m[39m a closed day says so and draws no grid[33m 357[2mms[22m[39m
clubs:test:    [32m✓[39m T-09-39 screen 08 at the weekly limit (R-09-05) [2m(2)[22m
clubs:test:      [33m[2m✓[22m[39m with cancellable sessions: no button, the message and a link to each[33m 517[2mms[22m[39m
clubs:test:      [33m[2m✓[22m[39m without any cancellable session: the short message[33m 343[2mms[22m[39m
clubs:test:    [32m✓[39m screen 08 refusals by code (S09 §6, R-09-06) [2m(5)[22m
clubs:test:      [33m[2m✓[22m[39m 409 SLOT_TAKEN: the message, the grid read again and the api's free rings offered[33m 506[2mms[22m[39m
clubs:test:      [33m[2m✓[22m[39m 409 TRAINING_LIMIT_REACHED on a stale counter: the R-09-05 message from the details[33m 320[2mms[22m[39m
clubs:test:      [33m[2m✓[22m[39m while the booking is sent the button is busy and the grid, days and dogs are inert[33m 324[2mms[22m[39m
clubs-admin:test:  [32m✓[39m src/audit/list-exports.test.tsx [2m([22m[2m28 tests[22m[2m)[22m[33m 9582[2mms[22m[39m
clubs-admin:test:    [32m✓[39m T-14-26 R-14-12 E4-W07 D5 members «Excel · PDF» → Excel [2m(4)[22m
clubs-admin:test:      [33m[2m✓[22m[39m 200: saves the api's file byte for byte, with its Content-Type and the Content-Disposition name, and sends the list's parameters[33m 1341[2mms[22m[39m
clubs-admin:test:      [33m[2m✓[22m[39m 202: opens the exports drawer with the queued job and saves nothing[33m 866[2mms[22m[39m
clubs-admin:test:      [33m[2m✓[22m[39m 422 EXPORT_LIMIT: shows the drawer's notice[33m 726[2mms[22m[39m
clubs-admin:test:      [33m[2m✓[22m[39m 422 EXPORT_TOO_LARGE: shows errors:EXPORT_TOO_LARGE next to the button[33m 535[2mms[22m[39m
clubs-admin:test:    [32m✓[39m T-14-26 R-14-12 E4-W07 D5 members «Exportar selecció» [2m(4)[22m
clubs-admin:test:      [33m[2m✓[22m[39m 200: saves the api's file byte for byte, with its Content-Type and the Content-Disposition name, and sends the list's parameters[33m 811[2mms[22m[39m
clubs-admin:test:      [33m[2m✓[22m[39m 202: opens the exports drawer with the queued job and saves nothing[33m 730[2mms[22m[39m
clubs-admin:test:      [33m[2m✓[22m[39m 422 EXPORT_LIMIT: shows the drawer's notice[33m 602[2mms[22m[39m
clubs-admin:test:      [33m[2m✓[22m[39m 422 EXPORT_TOO_LARGE: shows errors:EXPORT_TOO_LARGE next to the button[33m 553[2mms[22m[39m
clubs-admin:test:    [32m✓[39m T-14-26 R-14-12 E4-W07 D15 dogs «Excel · PDF» → PDF [2m(4)[22m
clubs-admin:test:      [33m[2m✓[22m[39m 202: opens the exports drawer with the queued job and saves nothing[33m 328[2mms[22m[39m
clubs-admin:test:      [33m[2m✓[22m[39m 422 EXPORT_LIMIT: shows the drawer's notice[33m 313[2mms[22m[39m
clubs-admin:test:    [32m✓[39m T-14-26 R-14-12 E4-W07 one export at a time [2m(4)[22m
clubs-admin:test:      [33m[2m✓[22m[39m R-03-24 «Exportar selecció» still exports the selected rows after a new search hides them[33m 618[2mms[22m[39m
clubs:test:  [32m✓[39m src/SignupPage.test.tsx [2m([22m[2m98 tests[22m[2m)[22m[33m 12096[2mms[22m[39m
clubs:test:    [32m✓[39m T-04-29 signup person and draft [2m(7)[22m
clubs:test:      [33m[2m✓[22m[39m persists a current draft, expires it after 24 hours and maps identity states[33m 1798[2mms[22m[39m
clubs:test:      [33m[2m✓[22m[39m masks and validates the browser-independent birth date control[33m 520[2mms[22m[39m
clubs:test:      [33m[2m✓[22m[39m M2 checks the ES postal code and a past birth date from 1900 before any request[33m 444[2mms[22m[39m
clubs:test:      [33m[2m✓[22m[39m GENERIC profile: the first document type of the profile and an editable prefix[33m 427[2mms[22m[39m
clubs:test:    [32m✓[39m T-04-30 signup dog, uploads, plans and module gates [2m(5)[22m
clubs:test:      [33m[2m✓[22m[39m uploads sequentially named vaccination pages and renders API plans[33m 387[2mms[22m[39m
clubs:test:      [33m[2m✓[22m[39m validates and normalises the chip per country profile and the birth month[33m 346[2mms[22m[39m
clubs:test:    [32m✓[39m E3-W08 step 7: the three narrow cases of the E3-W06 round-2 review [2m(5)[22m
clubs:test:      [33m[2m✓[22m[39m #1 a slow full page load: the departing page never renders nor consumes the destination's error[33m 411[2mms[22m[39m
clubs:test: 
clubs:test: [2m Test Files [22m [1m[32m15 passed[39m[22m[90m (15)[39m
clubs:test: [2m      Tests [22m [1m[32m280 passed[39m[22m[90m (280)[39m
clubs:test: [2m   Start at [22m 21:43:09
clubs:test: [2m   Duration [22m 20.17s[2m (tests 40%, environment 36%, transform 15%, import 5%, setup 4%)[22m
clubs:test: 
clubs-admin:test:  [32m✓[39m src/dashboard/SignupReviewPage.test.tsx [2m([22m[2m93 tests[22m[2m)[22m[33m 12296[2mms[22m[39m
clubs-admin:test:    [32m✓[39m T-04-33 D2 signup validation [2m(22)[22m
clubs-admin:test:      [33m[2m✓[22m[39m shows the mockup: DNI and phone in full, signed documents, consent warning, level, invoice and Stripe payment[33m 1290[2mms[22m[39m
clubs-admin:test:      [33m[2m✓[22m[39m E4-W12 step 2: the edit drawer labels a passport «Passaport» too[33m 305[2mms[22m[39m
clubs-admin:test:    [32m✓[39m E3-W07 step 1 · M12 each dog is saved with its own version (R-04-19) [2m(3)[22m
clubs-admin:test:      [33m[2m✓[22m[39m edits the member and the dog in one save: the dog PATCH carries the dog's version, not the member's[33m 466[2mms[22m[39m
clubs-admin:test:      [33m[2m✓[22m[39m add-dog: the person is read-only and the new dog is saved with its version 0 while the member is at 7 (R-04-25)[33m 329[2mms[22m[39m
clubs-admin:test:      [33m[2m✓[22m[39m after a partial save (the member saved, the dog failed) reloads, shows the error in the drawer and retries only the dog[33m 506[2mms[22m[39m
clubs-admin:test:    [32m✓[39m E3-W07 step 4 · M15 the plan and family decisions (R-04-13, T-04-33) [2m(4)[22m
clubs-admin:test:      [33m[2m✓[22m[39m a NOT_FOUND_PENDING claim shows what the applicant typed and is resolved by attaching the holder's group[33m 560[2mms[22m[39m
clubs-admin:test:  [32m✓[39m src/planning/TemplatesPage.test.tsx [2m([22m[2m29 tests[22m[2m)[22m[33m 14914[2mms[22m[39m
clubs-admin:test:    [32m✓[39m T-06-26 D3 weekly templates [2m(13)[22m
clubs-admin:test:      [33m[2m✓[22m[39m prefills band and day from an empty cell, fills the description by levels, keeps the manual text and asks for another class in the band[33m 3387[2mms[22m[39m
clubs-admin:test:      [33m[2m✓[22m[39m saves every change of a full cell at once with the template version[33m 2042[2mms[22m[39m
clubs-admin:test:      [33m[2m✓[22m[39m queues two quick changes of a full cell and sends each PATCH with the latest version[33m 1195[2mms[22m[39m
clubs-admin:test:      [33m[2m✓[22m[39m reloads the template and remounts the card on STALE_VERSION[33m 873[2mms[22m[39m
clubs-admin:test:      [33m[2m✓[22m[39m puts the form back to the saved class when a PATCH fails[33m 457[2mms[22m[39m
clubs-admin:test:      [33m[2m✓[22m[39m shows a failed load of the weeks and the coverage with [Torna-ho a provar] instead of a loading table[33m 335[2mms[22m[39m
clubs-admin:test:      [33m[2m✓[22m[39m marks the inconsistency on the cells and in the footer note and blocks the generation[33m 374[2mms[22m[39m
clubs-admin:test:    [32m✓[39m T-06-26 E4-W06 D3 edit-mode leftovers of the E4-W01 round-2 review [2m(3)[22m
clubs-admin:test:      [33m[2m✓[22m[39m S06 §3 #4 without the opening hours, OUTSIDE_OPENING_HOURS lands on the time the admin moved; a new band gets it without a field[33m 322[2mms[22m[39m
clubs-admin:test:    [32m✓[39m T-06-26 E4-W14 D3 the removal queue (E4-W06 review #3 and #4) [2m(4)[22m
clubs-admin:test:      [33m[2m✓[22m[39m R-06-02 «Esborra la franja» (removeBand) waits in the queue for the level PATCH before it; then the drawer closes[33m 410[2mms[22m[39m
clubs-admin:test:      [33m[2m✓[22m[39m R-06-02 a band removal never drops a class change queued after it: the PATCH is sent once the DELETE answers[33m 432[2mms[22m[39m
clubs-admin:test:      [33m[2m✓[22m[39m R-06-02 a failed «Treu de la plantilla» keeps the change queued after it: its PATCH is sent[33m 366[2mms[22m[39m
clubs-admin:test:      [33m[2m✓[22m[39m R-06-02 #7 a change dropped after a failed PATCH is never left on screen: its chip goes back and the first error stays[33m 308[2mms[22m[39m
clubs-admin:test:    [32m✓[39m T-06-26 E4-W14 round 2 D3 the queue drops only the removed or refused class's changes (review #2) [2m(3)[22m
clubs-admin:test:      [33m[2m✓[22m[39m R-06-02 class B's chip change, queued behind class A's removal, is saved with the template's new version[33m 447[2mms[22m[39m
clubs-admin:test:      [33m[2m✓[22m[39m R-06-02 class B's change queued behind class A's refused PATCH is sent; A's error goes to the page, since A's form is gone[33m 438[2mms[22m[39m
clubs-admin:test:      [33m[2m✓[22m[39m R-06-02 a change of class A queued after A's own removal is dropped with a message: the class no longer exists[33m 330[2mms[22m[39m
clubs-admin:test:    [32m✓[39m T-06-26 E4-W10 D3 closed days (S06 R-06-01, S02 R-02-09) [2m(2)[22m
clubs-admin:test:      [33m[2m✓[22m[39m R-06-01 R-02-09 a template whose kind has a closed day takes no band: the drawer says which day and sends nothing; the Saturday template still takes one[33m 449[2mms[22m[39m
clubs-admin:test:      [33m[2m✓[22m[39m S06 §3 a failed GET /club/opening-hours shows its error with [Torna-ho a provar] instead of assuming 07:00–22:00; after the retry the closed Monday is named again[33m 325[2mms[22m[39m
clubs-admin:test:    [32m✓[39m T-06-26 E4-W11 D3 follow-ups of the E4-W10 review [2m(2)[22m
clubs-admin:test:      [33m[2m✓[22m[39m R-06-01 R-02-09 the closed days read as a label with the days joined as a list: «Dies de tancament: dilluns i dimarts. …»[33m 339[2mms[22m[39m
clubs-admin:test:  [32m✓[39m src/activities/ActivitiesPage.test.tsx [2m([22m[2m46 tests[22m[2m)[22m[33m 14400[2mms[22m[39m
clubs-admin:test:    [32m✓[39m T-07-29 D7 activities (list, maintenance, publication, cancellation) [2m(21)[22m
clubs-admin:test:      [33m[2m✓[22m[39m draws the four mockup rows with the R-07-13 dates, rings, registrations and state chips[33m 1320[2mms[22m[39m
clubs-admin:test:      [33m[2m✓[22m[39m «Nova activitat» creates a draft with title and type and opens its maintenance[33m 1204[2mms[22m[39m
clubs-admin:test:      [33m[2m✓[22m[39m shows the mockup maintenance of «Torneig d'Estiu 2026» with the ring, level and waitlist chips[33m 763[2mms[22m[39m
clubs-admin:test:      [33m[2m✓[22m[39m disables the ring chips of an activity outside the club («— (fora del club)»)[33m 537[2mms[22m[39m
clubs-admin:test:      [33m[2m✓[22m[39m R-07-14 hides «Nivells» with levels.enabled=false and «Llista d'espera» without WAITLIST[33m 770[2mms[22m[39m
clubs-admin:test:      [33m[2m✓[22m[39m R-07-03 [DESA] sends only the allow-listed rich text of the editor, with the version[33m 664[2mms[22m[39m
clubs-admin:test:      [33m[2m✓[22m[39m R-07-05 [PUBLICA] with conflicts opens the dialog with the conflicts and the required notice text[33m 776[2mms[22m[39m
clubs-admin:test:      [33m[2m✓[22m[39m R-07-04 a draft without the registration period answers ACTIVITY_INCOMPLETE on the fields[33m 522[2mms[22m[39m
clubs-admin:test:      [33m[2m✓[22m[39m R-07-06 [CANCEL·LA L'ACTIVITAT] opens the modal with «CANCEL·LA I AVISA ELS 22 INSCRITS» disabled without text[33m 422[2mms[22m[39m
clubs-admin:test:      [33m[2m✓[22m[39m R-07-04 after an upload [DESA] sends only the admin's own edits with the fresh version[33m 387[2mms[22m[39m
clubs-admin:test:      [33m[2m✓[22m[39m R-07-05 a RING_BLOCK conflict is not forceable: no option for it and [PUBLICA I APLICA] disabled with the reason[33m 313[2mms[22m[39m
clubs-admin:test:      [33m[2m✓[22m[39m R-07-04/05 save mode: a resync conflict opens «DESA I APLICA»; STALE_VERSION closes it, refetches and says so[33m 415[2mms[22m[39m
clubs-admin:test:      [33m[2m✓[22m[39m [DESPUBLICA] answers ACTIVITY_HAS_REGISTRATIONS with registrants and unpublishes without them[33m 352[2mms[22m[39m
clubs-admin:test:    [32m✓[39m T-07-29 E4-W08 D7 follow-ups of the E4-W04 round-2 review [2m(6)[22m
clubs-admin:test:      [33m[2m✓[22m[39m R-07-05 away from the club the hours cover the whole day: 6:00 when the club opens at 7:00[33m 610[2mms[22m[39m
clubs-admin:test:    [32m✓[39m T-07-29 E4-W10 D7 follow-ups of the E4-W08 and E4-W09 reviews [2m(3)[22m
clubs-admin:test:      [33m[2m✓[22m[39m S07 §6 CONVENCIONS_API §4 the member filter reads every page: with 1,001 distinct registrants the member on the second page can be selected[33m 868[2mms[22m[39m
clubs-admin:test:      [33m[2m✓[22m[39m R-07-05 R-02-09 at the club with linked rings, a closed day shows «El club està tancat aquest dia» and offers no times; an open day or away from the club offers them[33m 301[2mms[22m[39m
clubs-admin:test:  [32m✓[39m src/planning/CalendarPage.test.tsx [2m([22m[2m44 tests[22m[2m)[22m[33m 15401[2mms[22m[39m
clubs-admin:test:    [32m✓[39m E3-W07 step 9 a D1 risk row opens D4 on its class [2m(1)[22m
clubs-admin:test:      [33m[2m✓[22m[39m selects the class of `?classe=` in the week of `?setmana=`[33m 1225[2mms[22m[39m
clubs-admin:test:    [32m✓[39m T-06-28 D4 / D4b / D4c class calendar (front half, MSW) [2m(24)[22m
clubs-admin:test:      [33m[2m✓[22m[39m opens «Esborrany» on the first week with drafts, with the validation card and its count[33m 1450[2mms[22m[39m
clubs-admin:test:      [33m[2m✓[22m[39m [VALIDAR LA SETMANA] turns every draft of the week active at once[33m 1061[2mms[22m[39m
clubs-admin:test:      [33m[2m✓[22m[39m cancels an active class with registrants through D4c: four rows, text required, «ANUL·LA I AVISA ELS 4 ALUMNES»[33m 1177[2mms[22m[39m
clubs-admin:test:      [33m[2m✓[22m[39m [ELIMINA] of an active class goes through the same D4c modal[33m 1096[2mms[22m[39m
clubs-admin:test:      [33m[2m✓[22m[39m R-06-09 saves the diff with the version; STALE_VERSION keeps its message after the refetch remounts the card[33m 1028[2mms[22m[39m
clubs-admin:test:      [33m[2m✓[22m[39m R-06-09 keeps the INVALID_STATE message of the «Exempta…» toggle after the refetch[33m 311[2mms[22m[39m
clubs-admin:test:      [33m[2m✓[22m[39m R-06-05 moving a class onto training bookings asks first and resends with cancelBookings[33m 457[2mms[22m[39m
clubs-admin:test:      [33m[2m✓[22m[39m R-06-11 a new ring after RING_HAS_BOOKINGS drops the confirmation: no cancelBookings for a ring not shown[33m 355[2mms[22m[39m
clubs-admin:test:      [33m[2m✓[22m[39m R-06-09 [Crear classe]: a new time or ring after RING_HAS_BOOKINGS drops the confirmation[33m 462[2mms[22m[39m
clubs-admin:test:      [33m[2m✓[22m[39m R-06-09 [Crear classe]: a RING_HAS_BOOKINGS answer that arrives after a ring change is dropped[33m 408[2mms[22m[39m
clubs-admin:test:      [33m[2m✓[22m[39m R-06-11 the block drawer locks ring, date and times until a delayed RING_HAS_BOOKINGS arrives[33m 347[2mms[22m[39m
clubs-admin:test:      [33m[2m✓[22m[39m R-06-09 keeps every editor disabled from [ACCEPTA] until the saved version is shown[33m 322[2mms[22m[39m
clubs-admin:test:      [33m[2m✓[22m[39m R-06-11 lists the RING_BLOCK_CONFLICT conflicts inside the block drawer[33m 330[2mms[22m[39m
clubs-admin:test:    [32m✓[39m T-06-28 E4-W09 D4 follow-ups of the E4-W02 round-4 review [2m(7)[22m
clubs-admin:test:      [33m[2m✓[22m[39m S06 §3 R-06-09 an opening at 07:05 with 10-minute slots: «Hora» and [Crear classe] offer 07:10 first, and the class is sent on slot boundaries[33m 364[2mms[22m[39m
clubs-admin:test:      [33m[2m✓[22m[39m R-06-09 after STALE_VERSION every editor stays locked until the refetched version is shown, so no edit is lost[33m 371[2mms[22m[39m
clubs-admin:test: 
clubs-admin:test: [2m Test Files [22m [1m[32m26 passed[39m[22m[90m (26)[39m
clubs-admin:test: [2m      Tests [22m [1m[32m398 passed[39m[22m[90m (398)[39m
clubs-admin:test: [2m   Start at [22m 21:43:09
clubs-admin:test: [2m   Duration [22m 24.63s[2m (tests 45%, environment 32%, transform 13%, import 5%, setup 4%)[22m
clubs-admin:test: 
clubs-admin:test: [2mEnvironment [22m [33mjsdom was created 26 times[39m[2m · 93.03s total, 32% of tracked time[22m
clubs-admin:test: [2m            [22m [2mcreate it once per worker with [22m[33mpool: 'vmThreads'[39m[2m (keeps per-file isolation) or [22m[33misolate: false[39m[2m (shares it across files)[22m
clubs-admin:test: [2m            [22m [2mlearn more: https://vitest.dev/guide/improving-performance#test-environments[22m
clubs-admin:test: 

 Tasks:    34 successful, 34 total
Cached:    0 cached, 34 total
  Time:    54.097s 

