
 RUN  v5.0.0 /Users/jordib/dev/agilityhub/agilityhub-core-web/apps/clubs

 ✓ src/history/history.test.tsx > T-10-31 screen 25 «Històric» (S10 §2, R-10-14) > mockup 25: the three dogs with «Tots» pressed by default, the four type chips, the window caption and the seven rows with their exact badges and lines 129ms
 ✓ src/history/history.test.tsx > T-10-31 screen 25 «Històric» (S10 §2, R-10-14) > every other line of R-10-14's table: a cancelled future class on top, «ha avisat» late and in time, the club on the member's behalf, the system, a cancelled training, and a club cancellation without a message 43ms
 ✓ src/instructor/tasks.test.tsx > T-10-28 (26) screen 26 «Tasques i notes» (S10 §2, R-10-10…R-10-12) > mockup 26: the title, the private observations, the three tasks (the done one struck through with «feta per la Laura el 02-08»), the history link, the member's note read-only and [DESA] waiting for a change 136ms
 ✓ src/instructor/tasks.test.tsx > T-10-28 (26) screen 26 «Tasques i notes» (S10 §2, R-10-10…R-10-12) > T-10-25 «＋ Afegir» uploads the video through the signed url (TASK, the signed headers, no bearer) and creates one task with one Idempotency-Key, even on a double tap; 22's counters follow 62ms
 ✓ src/instructor/tasks.test.tsx > T-10-28 (26) screen 26 «Tasques i notes» (S10 §2, R-10-10…R-10-12) > the pencil edits the text with the version read; the ✕ asks «Vols eliminar aquesta tasca?» and deletes with its key; ✓ completes (feta per l'Estel) and ↺ reopens 80ms
 ✓ src/instructor/tasks.test.tsx > T-10-28 (26) screen 26 «Tasques i notes» (S10 §2, R-10-10…R-10-12) > an edit opened before another instructor's change is sent with its own version: STALE_VERSION (409), and the typed text stays 56ms
 ✓ src/instructor/tasks.test.tsx > T-10-28 (26) screen 26 «Tasques i notes» (S10 §2, R-10-10…R-10-12) > errors by code inside the editor: TASK_ALREADY_DONE (422) after a completion the api refuses, then the list read again 32ms
 ✓ src/instructor/tasks.test.tsx > T-10-28 (26) screen 26 «Tasques i notes» (S10 §2, R-10-10…R-10-12) > [DESA] saves the observations with the version read and one key; a stale version (tasksStale) keeps the typed text to recover and saves it again on the new version 73ms
 ✓ src/instructor/tasks.test.tsx > T-10-28 (26) screen 26 «Tasques i notes» (S10 §2, R-10-10…R-10-12) > a file the api refuses (FILE_TOO_LARGE) is said inside the editor; with the club's limits readable (ADMIN) it is refused before any signed url 42ms
 ✓ src/instructor/tasks.test.tsx > T-10-28 (26) screen 26 «Tasques i notes» (S10 §2, R-10-10…R-10-12) > an observation file goes through the DOG_OBSERVATIONS upload and POST /attachments; a clip opens a fresh signed url 94ms
 ✓ src/instructor/tasks.test.tsx > T-10-28 (26) screen 26 «Tasques i notes» (S10 §2, R-10-10…R-10-12) > «Veure l'historial complet ›» reads every task, done ones included, in a read-only drawer 31ms
 ✓ src/instructor/tasks.test.tsx > T-10-28 (26) screen 26 «Tasques i notes» (S10 §2, R-10-10…R-10-12) > T-10-32 (26): es and en with no missing key 41ms
 ✓ src/history/history.test.tsx > T-10-31 screen 25 «Històric» (S10 §2, R-10-14) > a detail kind this front does not know yet renders no line (forward compatibility); the empty history says so 37ms
 ✓ src/history/history.test.tsx > T-10-31 screen 25 «Històric» (S10 §2, R-10-14) > the detail's instant is read in the club's time zone, never the device's (a late cancellation near midnight) 34ms
 ✓ src/history/history.test.tsx > T-10-31 screen 25 «Històric» (S10 §2, R-10-14) > a single accessible dog: no dog chips and no « · amb {gos}»; FREE_TRAINING and ACTIVITIES off: no type chips and no such rows 48ms
 × src/history/history.test.tsx > T-10-31 screen 25 «Històric» (S10 §2, R-10-14) > round 2 #5 (R-10-14, §9): a ?tipus= the club does not offer clears itself — historyNoModules with ?tipus=TRAINING drops it from the address and reads «Tot» again 10044ms
   → expected 0 to be greater than 0

Ignored nodes: comments, script, style
[36m<html[39m
  [33mdata-theme[39m=[32m"dark"[39m
  [33mstyle[39m=[32m"color-scheme: dark; --ah-color-primary: #E26A2A; --ah-color-primary-fg: #0B0B0B; --ah-color-background: #0B0B0B; --ah-color-surface: #161616; --ah-color-surface-2: #1E1E1E; --ah-color-text: #FFFFFF; --ah-color-text-muted: #B5B5B5; --ah-color-border: #2B2B2B; --ah-color-success: #4CAF7D; --ah-color-warning: #E5B93C; --ah-color-danger: #E05B5B; --ah-color-info: #85B8E8; --ah-font-sans: Montserrat, system-ui, sans-serif; --ah-font-display: Montserrat, system-ui, sans-serif; --ah-radius-sm: 4px; --ah-radius-md: 4px; --ah-color-ring-1: #F2B58C; --ah-color-ring-2: #8FCE8F; --ah-color-ring-3: #C9CDD3; --ah-color-ring-4: #F5D67A; --ah-color-ring-5: #85B8E8;"[39m
[36m>[39m
  [36m<head />[39m
  [36m<body>[39m
    [36m<div>[39m
      [36m<section[39m
        [33mclass[39m=[32m"history-screen"[39m
      [36m>[39m
        [36m<header[39m
          [33mclass[39m=[32m"ah-app-bar history-screen__bar"[39m
        [36m>[39m
          [36m<div[39m
            [33mclass[39m=[32m"ah-app-bar__side"[39m
          [36m>[39m
            [36m<button[39m
              [33maria-label[39m=[32m"Torna"[39m
              [33mclass[39m=[32m"ah-button ah-button--ghost ah-icon-button history-screen__back"[39m
              [33mtype[39m=[32m"button"[39m
            [36m>[39m
              [36m<span[39m
                [33mclass[39m=[32m"ah-button__content"[39m
              [36m>[39m
                [36m<svg[39m
                  [33maria-hidden[39m=[32m"true"[39m
                  [33mclass[39m=[32m"ah-icon"[39m
                [36m>[39m
                  [36m<use[39m
                    [33mhref[39m=[32m"http://localhost:3000/@fs/Users/jordib/dev/agilityhub/agilityhub-core-web/packages/ui/src/icons/sprite.svg#i-chev"[39m
                  [36m/>[39m
                [36m</svg>[39m
              [36m</span>[39m
            [36m</button>[39m
          [36m</div>[39m
          [36m<div[39m
            [33mclass[39m=[32m"ah-app-bar__title"[39m
          [36m>[39m
            [36m<h1>[39m
              [0mHistòric[0m
            [36m</h1>[39m
          [36m</div>[39m
          [36m<div[39m
            [33mclass[39m=[32m"ah-app-bar__side ah-app-bar__side--end"[39m
          [36m/>[39m
        [36m</header>[39m
        [36m<div[39m
          [33maria-label[39m=[32m"Gossos"[39m
          [33mclass[39m=[32m"dog-chips"[39m
          [33mrole[39m=[32m"group"[39m
        [36m>[39m
          [36m<button[39m
            [33maria-pressed[39m=[32m"false"[39m
            [33mclass[39m=[32m"ah-chip dog-chip"[39m
            [33mtype[39m=[32m"button"[39m
          [36m>[39m
            [36m<svg[39m
              [33maria-hidden[39m=[32m"true"[39m
              [33mclass[39m=[32m"ah-icon"[39m
            [36m>[39m
              [36m<use[39m
                [33mhref[39m=[32m"http://localhost:3000/@fs/Users/jordib/dev/agilityhub/agilityhub-core-web/packages/ui/src/icons/sprite.svg#i-paw"[39m
              [36m/>[39m
            [36m</svg>[39m
            [0mDuna · C[0m
          [36m</button>[39m
          [36m<button[39m
            [33maria-pressed[39m=[32m"false"[39m
            [33mclass[39m=[32m"ah-chip dog-chip"[39m
            [33mtype[39m=[32m"button"[39m
          [36m>[39m
            [0mRock · D[0m
          [36m</button>[39m
          [36m<button[39m
            [33maria-pressed[39m=[32m"false"[39m
            [33mclass[39m=[32m"ah-chip dog-chip"[39m
            [33mtype[39m=[32m"button"[39m
          [36m>[39m
            [0mToby · B (Joan Antoni)[0m
          [36m</button>[39m
          [36m<button[39m
            [33maria-pressed[39m=[32m"true"[39m
            [33mclass[39m=[32m"ah-chip dog-chip dog-chip--selected"[39m
            [33mtype[39m=[32m"button"[39m
          [36m>[39m
            [0mTots[0m
          [36m</button>[39m
        [36m</div>[39m
        [36m<p[39m
          [33mclass[39m=[32m"history-screen__window"[39m
        [36m>[39m
          [0mDarrers 2 mesos, del més recent al més antic[0m
        [36m</p>[39m
        [36m<div[39m
          [33mclass[39m=[32m"ah-card"[39m
        [36m>[39m
          [36m<p>[39m
            [0mEncara no hi ha res a l'històric[0m
          [36m</p>[39m
        [36m</div>[39m
      [36m</section>[39m
    [36m</div>[39m
  [36m</body>[39m
[36m</html>[39m
 ✓ src/history/history.test.tsx > T-10-31 screen 25 «Històric» (S10 §2, R-10-14) > the chips drive `dogId` and `type` (↔ ?dogId= and ?tipus=); arriving with ?dogId= preselects that dog 73ms
 ✓ src/history/history.test.tsx > T-10-31 screen 25 «Històric» (S10 §2, R-10-14) > a dog that is not the member's (404 DOG_NOT_ACCESSIBLE) says so and goes back to «Tots» 45ms
 ✓ src/history/history.test.tsx > T-10-31 screen 25 «Històric» (S10 §2, R-10-14) > the empty history, and a failed read with its retry 49ms
 ✓ src/history/history.test.tsx > T-10-31 screen 25 «Històric» (S10 §2, R-10-14) > an impersonated session reads 25 with the banner; an instructor-only session does not get the page 63ms
 ✓ src/history/history.test.tsx > T-10-31 screen 25 «Històric» (S10 §2, R-10-14) > T-10-32 (25): es and en read the rows with no missing key (the titles are the api's) 58ms
 ✓ src/history/history.test.tsx > R-10-12 privacy: no member-facing surface can render the observations > screens 25 and 13 do not import the observations editor, nor read an `observations` field 21ms
 × src/instructor/tasks.test.tsx > E6-W02 round 2 (review of 30-09): screen 26 > #1 (CONVENCIONS_API §7, T-10-25): a network failure keeps the submission's key, so its retry creates one task 10035ms
   → Unable to find role="alert"

Ignored nodes: comments, script, style
[36m<section[39m
  [33maria-labelledby[39m=[32m"_r_18_"[39m
  [33mclass[39m=[32m"ah-tasks"[39m
[36m>[39m
  [36m<header[39m
    [33mclass[39m=[32m"ah-tasks__header"[39m
  [36m>[39m
    [36m<h2[39m
      [33mclass[39m=[32m"ah-tasks__title"[39m
      [33mid[39m=[32m"_r_18_"[39m
    [36m>[39m
      [0mTasques[0m
    [36m</h2>[39m
  [36m</header>[39m
  [36m<form[39m
    [33maria-label[39m=[32m"Nova tasca"[39m
    [33mclass[39m=[32m"ah-task ah-task--form"[39m
  [36m>[39m
    [36m<label[39m
      [33mclass[39m=[32m"ah-sr-only"[39m
      [33mfor[39m=[32m"_r_18_-new"[39m
    [36m>[39m
      [0mText de la tasca nova[0m
    [36m</label>[39m
    [36m<textarea[39m
      [33mclass[39m=[32m"ah-input ah-textarea"[39m
      [33mid[39m=[32m"_r_18_-new"[39m
      [33mmaxlength[39m=[32m"2000"[39m
      [33mrows[39m=[32m"3"[39m
    [36m>[39m
      [0mSalts amb calma[0m
    [36m</textarea>[39m
    [36m<div[39m
      [33mclass[39m=[32m"ah-task__form-actions"[39m
    [36m>[39m
      [36m<span[39m
        [33mclass[39m=[32m"ah-attachment-picker"[39m
      [36m>[39m
        [36m<button[39m
          [33mclass[39m=[32m"ah-button ah-button--ghost"[39m
          [33mtype[39m=[32m"button"[39m
        [36m>[39m
          [36m<span[39m
            [33mclass[39m=[32m"ah-button__content"[39m
          [36m>[39m
            [36m<svg[39m
              [33maria-hidden[39m=[32m"true"[39m
              [33mclass[39m=[32m"ah-icon"[39m
            [36m>[39m
              [36m<use[39m
                [33mhref[39m=[32m"http://localhost:3000/@fs/Users/jordib/dev/agilityhub/agilityhub-core-web/packages/ui/src/icons/sprite.svg#i-clip"[39m
              [36m/>[39m
            [36m</svg>[39m
            [0m [0m
            [0mAdjunta un fitxer[0m
          [36m</span>[39m
        [36m</button>[39m
        [36m<input[39m
          [33maria-label[39m=[32m"Adjunta un fitxer"[39m
          [33mclass[39m=[32m"ah-sr-only"[39m
          [33mmultiple[39m=[32m""[39m
          [33mtabindex[39m=[32m"-1"[39m
          [33mtype[39m=[32m"file"[39m
        [36m/>[39m
      [36m</span>[39m
      [36m<button[39m
        [33mclass[39m=[32m"ah-button ah-button--ghost"[39m
        [33mtype[39m=[32m"button"[39m
      [36m>[39m
        [36m<span[39m
          [33mclass[39m=[32m"ah-button__content"[39m
        [36m>[39m
          [0mCancel·la[0m
        [36m</span>[39m
      [36m</button>[39m
      [36m<button[39m
        [33mclass[39m=[32m"ah-button ah-button--primary"[39m
        [33mtype[39m=[32m"submit"[39m
      [36m>[39m
        [36m<span[39m
          [33mclass[39m=[32m"ah-button__content"[39m
        [36m>[39m
          [0mAfegeix[0m
        [36m</span>[39m
      [36m</button>[39m
    [36m</div>[39m
  [36m</form>[39m
  [36m<ul[39m
    [33mclass[39m=[32m"ah-tasks__list"[39m
  [36m>[39m
    [36m<li[39m
      [33mclass[39m=[32m"ah-task ah-task--pending"[39m
    [36m>[39m
      [36m<div[39m
        [33mclass[39m=[32m"ah-task__head"[39m
      [36m>[39m
        [36m<span[39m
          [33mclass[39m=[32m"ah-badge ah-tone--warning"[39m
        [36m>[39m
          [0mpendent[0m
        [36m</span>[39m
        [36m<span[39m
          [33mclass[39m=[32m"ah-task__actions"[39m
        [36m>[39m
          [36m<button[39m
            [33maria-label[39m=[32m"Marca-la com a feta"[39m
            [33mclass[39m=[32m"ah-button ah-button--ghost ah-icon-button"[39m
            [33mtype[39m=[32m"button"[39m
          [36m>[39m
            [36m<span[39m
              [33mclass[39m=[32m"ah-button__content"[39m
            [36m>[39m
              [36m<svg[39m
                [33maria-hidden[39m=[32m"true"[39m
                [33mclass[39m=[32m"ah-icon"[39m
              [36m>[39m
                [36m<use[39m
                  [33mhref[39m=[32m"http://localhost:3000/@fs/Users/jordib/dev/agilityhub/agilityhub-core-web/packages/ui/src/icons/sprite.svg#i-check"[39m
                [36m/>[39m
              [36m</svg>[39m
            [36m</span>[39m
          [36m</button>[39m
          [36m<button[39m
            [33maria-label[39m=[32m"Edita la tasca"[39m
            [33mclass[39m=[32m"ah-button ah-button--ghost ah-icon-button"[39m
            [33mtype[39m=[32m"button"[39m
          [36m>[39m
            [36m<span[39m
              [33mclass[39m=[32m"ah-button__content"[39m
            [36m>[39m
              [36m<svg[39m
                [33maria-hidden[39m=[32m"true"[39m
                [33mclass[39m=[32m"ah-icon"[39m
              [36m>[39m
                [36m<use[39m
                  [33mhref[39m=[32m"http://localhost:3000/@fs/Users/jordib/dev/agilityhub/agilityhub-core-web/packages/ui/src/icons/sprite.svg#i-edit"[39m
                [36m/>[39m
              [36m</svg>[39m
            [36m</span>[39m
          [36m</button>[39m
          [36m<button[39m
            [33maria-label[39m=[32m"Elimina la tasca"[39m
            [33mclass[39m=[32m"ah-button ah-button--ghost ah-icon-button"[39m
            [33mtype[39m=[32m"button"[39m
          [36m>[39m
            [36m<span[39m
              [33mclass[39m=[32m"ah-button__content"[39m
            [36m>[39m
              [36m<svg[39m
                [33maria-hidden[39m=[32m"true"[39m
                [33mclass[39m=[32m"ah-icon"[39m
              [36m>[39m
                [36m<use[39m
                  [33mhref[39m=[32m"http://localhost:3000/@fs/Users/jordib/dev/agilityhub/agilityhub-core-web/packages/ui/src/icons/sprite.svg#i-x"[39m
                [36m/>[39m
              [36m</svg>[39m
            [36m</span>[39m
          [36m</button>[39m
        [36m</span>[39m
      [36m</div>[39m
      [36m<p[39m
        [33mclass[39m=[32m"ah-task__text"[39m
      [36m>[39m
        [0mAquesta setmana practiqueu el balancí amb calma: sessions curtes i moltes recompenses[0m
      [36m</p>[39m
      [36m<p[39m
        [33mclass[39m=[32m"ah-task__meta"[39m
      [36m>[39m
        [36m<span>[39m
          [0m31-07 · Estel[0m
          [0m · [0m
        [36m</span>[39m
        [36m<span[39m
          [33mclass[39m=[32m"ah-attachment-chips"[39m
        [36m>[39m
          [36m<span[39m
            [33mclass[39m=[32m"ah-attachment-chip"[39m
          [36m>[39m
            [36m<button[39m
              [33mclass[39m=[32m"ah-attachment-chip__open"[39m
              [33mtype[39m=[32m"button"[39m
            [36m>[39m
              [36m<svg[39m
                [33maria-hidden[39m=[32m"true"[39m
                [33mclass[39m=[32m"ah-icon"[39m
              [36m>[39m
                [36m<use[39m
                  [33mhref[39m=[32m"http://localhost:3000/@fs/Users/jordib/dev/agilityhub/agilityhub-core-web/packages/ui/src/icons/sprite.svg#i-clip"[39m
                [36m/>[39m
              [36m</svg>[39m
              [36m<span>[39m
                [0mvídeo_balancí.mp4[0m
              [36m</span>[39m
            [36m</button>[39m
          [36m</span>[39m
        [36m</span>[39m
      [36m</p>[39m
    [36m</li>[39m
    [36m<li[39m
      [33mclass[39m=[32m"ah-task ah-task--pending"[39m
    [36m>[39m
      [36m<div[39m
        [33mclass[39m=[32m"ah-task__head"[39m
      [36m>[39m
        [36m<span[39m
          [33mclass[39m=[32m"ah-badge ah-tone--warning"[39m
        [36m>[39m
          [0mpendent[0m
        [36m</span>[39m
        [36m<span[39m
          [33mclass[39m=[32m"ah-task__actions"[39m
        [36m>[39m
          [36m<button[39m
            [33maria-label[39m=[32m"Marca-la com a feta"[39m
            [33mclass[39m=[32m"ah-button ah-button--ghost ah-icon-button"[39m
            [33mtype[39m=[32m"button"[39m
          [36m>[39m
            [36m<span[39m
              [33mclass[39m=[32m"ah-button__content"[39m
            [36m>[39m
              [36m<svg[39m
                [33maria-hidden[39m=[32m"true"[39m
                [33mclass[39m=[32m"ah-icon"[39m
              [36m>[39m
                [36m<use[39m
                  [33mhref[39m=[32m"http://localhost:3000/@fs/Users/jordib/dev/agilityhub/agilityhub-core-web/packages/ui/src/icons/sprite.svg#i-check"[39m
                [36m/>[39m
              [36m</svg>[39m
            [36m</span>[39m
          [36m</button>[39m
          [36m<button[39m
            [33maria-label[39m=[32m"Edita la tasca"[39m
            [33mclass[39m=[32m"ah-button ah-button--ghost ah-icon-button"[39m
            [33mtype[39m=[32m"button"[39m
          [36m>[39m
            [36m<span[39m
              [33mclass[39m=[32m"ah-button__content"[39m
            [36m>[39m
              [36m<svg[39m
                [33maria-hidden[39m=[32m"true"[39m
                [33mclass[39m=[32m"ah-icon"[39m
              [36m>[39m
                [36m<use[39m
                  [33mhref[39m=[32m"http://localhost:3000/@fs/Users/jordib/dev/agilityhub/agilityhub-core-web/packages/ui/src/icons/sprite.svg#i-edit"[39m
                [36m/>[39m
              [36m</svg>[39m
            [36m</span>[39m
          [36m</button>[39m
          [36m<button[39m
            [33maria-label[39m=[32m"Elimina la tasca"[39m
            [33mclass[39m=[32m"ah-button ah-button--ghost ah-icon-button"[39m
            [33mtype[39m=[32m"button"[39m
          [36m>[39m
            [36m<span[39m
              [33mclass[39m=[32m"ah-button__content"[39m
            [36m>[39m
              [36m<svg[39m
                [33maria-hidden[39m=[32m"true"[39m
                [33mclass[39m=[32m"ah-icon"[39m
              [36m>[39m
                [36m<use[39m
                  [33mhref[39m=[32m"http://localhost:3000/@fs/Users/jordib/dev/agilityhub/agilityhub-core-web/packages/ui/src/icons/sprite.svg#i-x"[39m
                [36m/>[39m
              [36m</svg>[39m
            [36m</span>[39m
          [36m</button>[39m
        [36m</span>[39m
      [36m</div>[39m
      [36m<p[39m
        [33mclass[39m=[32m"ah-task__text"[39m
      [36m>[39m
        [0mRepasseu la taula de contactes al jardí, 5 minuts al dia[0m
      [36m</p>[39m
      [36m<p[39m
        [33mclass[39m=[32m"ah-task__meta"[39m
      [36m>[39m
        [36m<span>[39m
          [0m30-07 · Marc[0m
        [36m</span>[39m
      [36m</p>[39m
    [36m</li>[39m
    [36m<li[39m
      [33mclass[39m=[32m"ah-task ah-task--done"[39m
    [36m>[39m
      [36m<div[39m
        [33mclass[39m=[32m"ah-task__head"[39m
      [36m>[39m
        [36m<span[39m
          [33mclass[39m=[32m"ah-badge ah-tone--success"[39m
        [36m>[39m
          [0mfeta[0m
        [36m</span>[39m
        [36m<span[39m
          [33mclass[39m=[32m"ah-task__actions"[39m
        [36m>[39m
          [36m<button[39m
            [33maria-label[39m=[32m"Torna-la a pendent"[39m
            [33mclass[39m=[32m"ah-button ah-button--ghost ah-icon-button"[39m
            [33mtype[39m=[32m"button"[39m
          [36m>[39m
            [36m<span[39m
              [33mclass[39m=[32m"ah-button__content"[39m
            [36m>[39m
              [36m<svg[39m
                [33maria-hidden[39m=[32m"true"[39m
                [33mclass[39m=[32m"ah-icon"[39m
              [36m>[39m
                [36m<use[39m
                  [33mhref[39m=[32m"http://localhost:3000/@fs/Users/jordib/dev/agilityhub/agilityhub-core-web/packages/ui/src/icons/sprite.svg#i-undo"[39m
                [36m/>[39m
              [36m</svg>[39m
            [36m</span>[39m
          [36m</button>[39m
          [36m<button[39m
            [33maria-label[39m=[32m"Elimina la tasca"[39m
            [33mclass[39m=[32m"ah-button ah-button--ghost ah-icon-button"[39m
            [33mtype[39m=[32m"button"[39m
          [36m>[39m
            [36m<span[39m
              [33mclass[39m=[32m"ah-button__content"[39m
            [36m>[39m
              [36m<svg[39m
                [33maria-hidden[39m=[32m"true"[39m
                [33mclass[39m=[32m"ah-icon"[39m
              [36m>[39m
                [36m<use[39m
                  [33mhref[39m=[32m"http://localhost:3000/@fs/Users/jordib/dev/agilityhub/agilityhub-core-web/packages/ui/src/icons/sprite.svg#i-x"[39m
                [36m/>[39m
              [36m</svg>[39m
            [36m</span>[39m
          [36m</button>[39m
        [36m</span>[39m
      [36m</div>[39m
      [36m<p[39m
        [33mclass[39m=[32m"ah-task__text"[39m
      [36m>[39m
        [0mTreballar l'«espera» a la línia de sortida[0m
      [36m</p>[39m
      [36m<p[39m
        [33mclass[39m=[32m"ah-task__meta"[39m
      [36m>[39m
        [36m<span>[39m
          [0m28-07 · Estel[0m
          [0m · feta per la Laura el 02-08[0m
        [36m</span>[39m
      [36m</p>[39m
    [36m</li>[39m
  [36m</ul>[39m
[36m</section>[39m

Ignored nodes: comments, script, style
[36m<section[39m
  [33maria-labelledby[39m=[32m"_r_18_"[39m
  [33mclass[39m=[32m"ah-tasks"[39m
[36m>[39m
  [36m<header[39m
    [33mclass[39m=[32m"ah-tasks__header"[39m
  [36m>[39m
    [36m<h2[39m
      [33mclass[39m=[32m"ah-tasks__title"[39m
      [33mid[39m=[32m"_r_18_"[39m
    [36m>[39m
      [0mTasques[0m
    [36m</h2>[39m
  [36m</header>[39m
  [36m<form[39m
    [33maria-label[39m=[32m"Nova tasca"[39m
    [33mclass[39m=[32m"ah-task ah-task--form"[39m
  [36m>[39m
    [36m<label[39m
      [33mclass[39m=[32m"ah-sr-only"[39m
      [33mfor[39m=[32m"_r_18_-new"[39m
    [36m>[39m
      [0mText de la tasca nova[0m
    [36m</label>[39m
    [36m<textarea[39m
      [33mclass[39m=[32m"ah-input ah-textarea"[39m
      [33mid[39m=[32m"_r_18_-new"[39m
      [33mmaxlength[39m=[32m"2000"[39m
      [33mrows[39m=[32m"3"[39m
    [36m>[39m
      [0mSalts amb calma[0m
    [36m</textarea>[39m
    [36m<div[39m
      [33mclass[39m=[32m"ah-task__form-actions"[39m
    [36m>[39m
      [36m<span[39m
        [33mclass[39m=[32m"ah-attachment-picker"[39m
      [36m>[39m
        [36m<button[39m
          [33mclass[39m=[32m"ah-button ah-button--ghost"[39m
          [33mtype[39m=[32m"button"[39m
        [36m>[39m
          [36m<span[39m
            [33mclass[39m=[32m"ah-button__content"[39m
          [36m>[39m
            [36m<svg[39m
              [33maria-hidden[39m=[32m"true"[39m
              [33mclass[39m=[32m"ah-icon"[39m
            [36m>[39m
              [36m<use[39m
                [33mhref[39m=[32m"http://localhost:3000/@fs/Users/jordib/dev/agilityhub/agilityhub-core-web/packages/ui/src/icons/sprite.svg#i-clip"[39m
              [36m/>[39m
            [36m</svg>[39m
            [0m [0m
            [0mAdjunta un fitxer[0m
          [36m</span>[39m
        [36m</button>[39m
        [36m<input[39m
          [33maria-label[39m=[32m"Adjunta un fitxer"[39m
          [33mclass[39m=[32m"ah-sr-only"[39m
          [33mmultiple[39m=[32m""[39m
          [33mtabindex[39m=[32m"-1"[39m
          [33mtype[39m=[32m"file"[39m
        [36m/>[39m
      [36m</span>[39m
      [36m<button[39m
        [33mclass[39m=[32m"ah-button ah-button--ghost"[39m
        [33mtype[39m=[32m"button"[39m
      [36m>[39m
        [36m<span[39m
          [33mclass[39m=[32m"ah-button__content"[39m
        [36m>[39m
          [0mCancel·la[0m
        [36m</span>[39m
      [36m</button>[39m
      [36m<button[39m
        [33mclass[39m=[32m"ah-button ah-button--primary"[39m
        [33mtype[39m=[32m"submit"[39m
      [36m>[39m
        [36m<span[39m
          [33mclass[39m=[32m"ah-button__content"[39m
        [36m>[39m
          [0mAfegeix[0m
        [36m</span>[39m
      [36m</button>[39m
    [36m</div>[39m
  [36m</form>[39m
  [36m<ul[39m
    [33mclass[39m=[32m"ah-tasks__list"[39m
  [36m>[39m
    [36m<li[39m
      [33mclass[39m=[32m"ah-task ah-task--pending"[39m
    [36m>[39m
      [36m<div[39m
        [33mclass[39m=[32m"ah-task__head"[39m
      [36m>[39m
        [36m<span[39m
          [33mclass[39m=[32m"ah-badge ah-tone--warning"[39m
        [36m>[39m
          [0mpendent[0m
        [36m</span>[39m
        [36m<span[39m
          [33mclass[39m=[32m"ah-task__actions"[39m
        [36m>[39m
          [36m<button[39m
            [33maria-label[39m=[32m"Marca-la com a feta"[39m
            [33mclass[39m=[32m"ah-button ah-button--ghost ah-icon-button"[39m
            [33mtype[39m=[32m"button"[39m
          [36m>[39m
            [36m<span[39m
              [33mclass[39m=[32m"ah-button__content"[39m
            [36m>[39m
              [36m<svg[39m
                [33maria-hidden[39m=[32m"true"[39m
                [33mclass[39m=[32m"ah-icon"[39m
              [36m>[39m
                [36m<use[39m
                  [33mhref[39m=[32m"http://localhost:3000/@fs/Users/jordib/dev/agilityhub/agilityhub-core-web/packages/ui/src/icons/sprite.svg#i-check"[39m
                [36m/>[39m
              [36m</svg>[39m
            [36m</span>[39m
          [36m</button>[39m
          [36m<button[39m
            [33maria-label[39m=[32m"Edita la tasca"[39m
            [33mclass[39m=[32m"ah-button ah-button--ghost ah-icon-button"[39m
            [33mtype[39m=[32m"button"[39m
          [36m>[39m
            [36m<span[39m
              [33mclass[39m=[32m"ah-button__content"[39m
            [36m>[39m
              [36m<svg[39m
                [33maria-hidden[39m=[32m"true"[39m
                [33mclass[39m=[32m"ah-icon"[39m
              [36m>[39m
                [36m<use[39m
                  [33mhref[39m=[32m"http://localhost:3000/@fs/Users/jordib/dev/agilityhub/agilityhub-core-web/packages/ui/src/icons/sprite.svg#i-edit"[39m
                [36m/>[39m
              [36m</svg>[39m
            [36m</span>[39m
          [36m</button>[39m
          [36m<button[39m
            [33maria-label[39m=[32m"Elimina la tasca"[39m
            [33mclass[39m=[32m"ah-button ah-button--ghost ah-icon-button"[39m
            [33mtype[39m=[32m"button"[39m
          [36m>[39m
            [36m<span[39m
              [33mclass[39m=[32m"ah-button__content"[39m
            [36m>[39m
              [36m<svg[39m
                [33maria-hidden[39m=[32m"true"[39m
                [33mclass[39m=[32m"ah-icon"[39m
              [36m>[39m
                [36m<use[39m
                  [33mhref[39m=[32m"http://localhost:3000/@fs/Users/jordib/dev/agilityhub/agilityhub-core-web/packages/ui/src/icons/sprite.svg#i-x"[39m
                [36m/>[39m
              [36m</svg>[39m
            [36m</span>[39m
          [36m</button>[39m
        [36m</span>[39m
      [36m</div>[39m
      [36m<p[39m
        [33mclass[39m=[32m"ah-task__text"[39m
      [36m>[39m
        [0mAquesta setmana practiqueu el balancí amb calma: sessions curtes i moltes recompenses[0m
      [36m</p>[39m
      [36m<p[39m
        [33mclass[39m=[32m"ah-task__meta"[39m
      [36m>[39m
        [36m<span>[39m
          [0m31-07 · Estel[0m
          [0m · [0m
        [36m</span>[39m
        [36m<span[39m
          [33mclass[39m=[32m"ah-attachment-chips"[39m
        [36m>[39m
          [36m<span[39m
            [33mclass[39m=[32m"ah-attachment-chip"[39m
          [36m>[39m
            [36m<button[39m
              [33mclass[39m=[32m"ah-attachment-chip__open"[39m
              [33mtype[39m=[32m"button"[39m
            [36m>[39m
              [36m<svg[39m
                [33maria-hidden[39m=[32m"true"[39m
                [33mclass[39m=[32m"ah-icon"[39m
              [36m>[39m
                [36m<use[39m
                  [33mhref[39m=[32m"http://localhost:3000/@fs/Users/jordib/dev/agilityhub/agilityhub-core-web/packages/ui/src/icons/sprite.svg#i-clip"[39m
                [36m/>[39m
              [36m</svg>[39m
              [36m<span>[39m
                [0mvídeo_balancí.mp4[0m
              [36m</span>[39m
            [36m</button>[39m
          [36m</span>[39m
        [36m</span>[39m
      [36m</p>[39m
    [36m</li>[39m
    [36m<li[39m
      [33mclass[39m=[32m"ah-task ah-task--pending"[39m
    [36m>[39m
      [36m<div[39m
        [33mclass[39m=[32m"ah-task__head"[39m
      [36m>[39m
        [36m<span[39m
          [33mclass[39m=[32m"ah-badge ah-tone--warning"[39m
        [36m>[39m
          [0mpendent[0m
        [36m</span>[39m
        [36m<span[39m
          [33mclass[39m=[32m"ah-task__actions"[39m
        [36m>[39m
          [36m<button[39m
            [33maria-label[39m=[32m"Marca-la com a feta"[39m
            [33mclass[39m=[32m"ah-button ah-button--ghost ah-icon-button"[39m
            [33mtype[39m=[32m"button"[39m
          [36m>[39m
            [36m<span[39m
              [33mclass[39m=[32m"ah-button__content"[39m
            [36m>[39m
              [36m<svg[39m
                [33maria-hidden[39m=[32m"true"[39m
                [33mclass[39m=[32m"ah-icon"[39m
              [36m>[39m
                [36m<use[39m
                  [33mhref[39m=[32m"http://localhost:3000/@fs/Users/jordib/dev/agilityhub/agilityhub-core-web/packages/ui/src/icons/sprite.svg#i-check"[39m
                [36m/>[39m
              [36m</svg>[39m
            [36m</span>[39m
          [36m</button>[39m
          [36m<button[39m
            [33maria-label[39m=[32m"Edita la tasca"[39m
            [33mclass[39m=[32m"ah-button ah-button--ghost ah-icon-button"[39m
            [33mtype[39m=[32m"button"[39m
          [36m>[39m
            [36m<span[39m
              [33mclass[39m=[32m"ah-button__content"[39m
            [36m>[39m
              [36m<svg[39m
                [33maria-hidden[39m=[32m"true"[39m
                [33mclass[39m=[32m"ah-icon"[39m
              [36m>[39m
                [36m<use[39m
                  [33mhref[39m=[32m"http://localhost:3000/@fs/Users/jordib/dev/agilityhub/agilityhub-core-web/packages/ui/src/icons/sprite.svg#i-edit"[39m
                [36m/>[39m
              [36m</svg>[39m
            [36m</span>[39m
          [36m</button>[39m
          [36m<button[39m
            [33maria-label[39m=[32m"Elimina la tasca"[39m
            [33mclass[39m=[32m"ah-button ah-button--ghost ah-icon-button"[39m
            [33mtype[39m=[32m"button"[39m
          [36m>[39m
            [36m<span[39m
              [33mclass[39m=[32m"ah-button__content"[39m
            [36m>[39m
              [36m<svg[39m
                [33maria-hidden[39m=[32m"true"[39m
                [33mclass[39m=[32m"ah-icon"[39m
              [36m>[39m
                [36m<use[39m
                  [33mhref[39m=[32m"http://localhost:3000/@fs/Users/jordib/dev/agilityhub/agilityhub-core-web/packages/ui/src/icons/sprite.svg#i-x"[39m
                [36m/>[39m
              [36m</svg>[39m
            [36m</span>[39m
          [36m</button>[39m
        [36m</span>[39m
      [36m</div>[39m
      [36m<p[39m
        [33mclass[39m=[32m"ah-task__text"[39m
      [36m>[39m
        [0mRepasseu la taula de contactes al jardí, 5 minuts al dia[0m
      [36m</p>[39m
      [36m<p[39m
        [33mclass[39m=[32m"ah-task__meta"[39m
      [36m>[39m
        [36m<span>[39m
          [0m30-07 · Marc[0m
        [36m</span>[39m
      [36m</p>[39m
    [36m</li>[39m
    [36m<li[39m
      [33mclass[39m=[32m"ah-task ah-task--done"[39m
    [36m>[39m
      [36m<div[39m
        [33mclass[39m=[32m"ah-task__head"[39m
      [36m>[39m
        [36m<span[39m
          [33mclass[39m=[32m"ah-badge ah-tone--success"[39m
        [36m>[39m
          [0mfeta[0m
        [36m</span>[39m
        [36m<span[39m
          [33mclass[39m=[32m"ah-task__actions"[39m
        [36m>[39m
          [36m<button[39m
            [33maria-label[39m=[32m"Torna-la a pendent"[39m
            [33mclass[39m=[32m"ah-button ah-button--ghost ah-icon-button"[39m
            [33mtype[39m=[32m"button"[39m
          [36m>[39m
            [36m<span[39m
              [33mclass[39m=[32m"ah-button__content"[39m
            [36m>[39m
              [36m<svg[39m
                [33maria-hidden[39m=[32m"true"[39m
                [33mclass[39m=[32m"ah-icon"[39m
              [36m>[39m
                [36m<use[39m
                  [33mhref[39m=[32m"http://localhost:3000/@fs/Users/jordib/dev/agilityhub/agilityhub-core-web/packages/ui/src/icons/sprite.svg#i-undo"[39m
                [36m/>[39m
              [36m</svg>[39m
            [36m</span>[39m
          [36m</button>[39m
          [36m<button[39m
            [33maria-label[39m=[32m"Elimina la tasca"[39m
            [33mclass[39m=[32m"ah-button ah-button--ghost ah-icon-button"[39m
            [33mtype[39m=[32m"button"[39m
          [36m>[39m
            [36m<span[39m
              [33mclass[39m=[32m"ah-button__content"[39m
            [36m>[39m
              [36m<svg[39m
                [33maria-hidden[39m=[32m"true"[39m
                [33mclass[39m=[32m"ah-icon"[39m
              [36m>[39m
                [36m<use[39m
                  [33mhref[39m=[32m"http://localhost:3000/@fs/Users/jordib/dev/agilityhub/agilityhub-core-web/packages/ui/src/icons/sprite.svg#i-x"[39m
                [36m/>[39m
              [36m</svg>[39m
            [36m</span>[39m
          [36m</button>[39m
        [36m</span>[39m
      [36m</div>[39m
      [36m<p[39m
        [33mclass[39m=[32m"ah-task__text"[39m
      [36m>[39m
        [0mTreballar l'«espera» a la línia de sortida[0m
      [36m</p>[39m
      [36m<p[39m
        [33mclass[39m=[32m"ah-task__meta"[39m
      [36m>[39m
        [36m<span>[39m
          [0m28-07 · Estel[0m
          [0m · feta per la Laura el 02-08[0m
        [36m</span>[39m
      [36m</p>[39m
    [36m</li>[39m
  [36m</ul>[39m
[36m</section>[39m
 × src/instructor/tasks.test.tsx > E6-W02 round 2 (review of 30-09): screen 26 > #1 (E74): two deliberate submissions with the same text are two tasks, each with its own key 10070ms
   → expected [ <li …(1)>…(3)</li>, …(3) ] to have a length of 5 but got 4

Ignored nodes: comments, script, style
[36m<html[39m
  [33mdata-theme[39m=[32m"dark"[39m
  [33mstyle[39m=[32m"color-scheme: dark; --ah-color-primary: #E26A2A; --ah-color-primary-fg: #0B0B0B; --ah-color-background: #0B0B0B; --ah-color-surface: #161616; --ah-color-surface-2: #1E1E1E; --ah-color-text: #FFFFFF; --ah-color-text-muted: #B5B5B5; --ah-color-border: #2B2B2B; --ah-color-success: #4CAF7D; --ah-color-warning: #E5B93C; --ah-color-danger: #E05B5B; --ah-color-info: #85B8E8; --ah-font-sans: Montserrat, system-ui, sans-serif; --ah-font-display: Montserrat, system-ui, sans-serif; --ah-radius-sm: 4px; --ah-radius-md: 4px; --ah-color-ring-1: #F2B58C; --ah-color-ring-2: #8FCE8F; --ah-color-ring-3: #C9CDD3; --ah-color-ring-4: #F5D67A; --ah-color-ring-5: #85B8E8;"[39m
[36m>[39m
  [36m<head />[39m
  [36m<body>[39m
    [36m<div>[39m
      [36m<section[39m
        [33mclass[39m=[32m"instructor-screen instructor-tasks"[39m
      [36m>[39m
        [36m<header[39m
          [33mclass[39m=[32m"ah-app-bar instructor-screen__bar"[39m
        [36m>[39m
          [36m<div[39m
            [33mclass[39m=[32m"ah-app-bar__side"[39m
          [36m>[39m
            [36m<button[39m
              [33maria-label[39m=[32m"Torna"[39m
              [33mclass[39m=[32m"ah-button ah-button--ghost ah-icon-button instructor-screen__back"[39m
              [33mtype[39m=[32m"button"[39m
            [36m>[39m
              [36m<span[39m
                [33mclass[39m=[32m"ah-button__content"[39m
              [36m>[39m
                [36m<svg[39m
                  [33maria-hidden[39m=[32m"true"[39m
                  [33mclass[39m=[32m"ah-icon"[39m
                [36m>[39m
                  [36m<use[39m
                    [33mhref[39m=[32m"http://localhost:3000/@fs/Users/jordib/dev/agilityhub/agilityhub-core-web/packages/ui/src/icons/sprite.svg#i-chev"[39m
                  [36m/>[39m
                [36m</svg>[39m
              [36m</span>[39m
            [36m</button>[39m
          [36m</div>[39m
          [36m<div[39m
            [33mclass[39m=[32m"ah-app-bar__title"[39m
          [36m>[39m
            [36m<h1>[39m
              [0mTasques i notes — Laura + Duna[0m
            [36m</h1>[39m
          [36m</div>[39m
          [36m<div[39m
            [33mclass[39m=[32m"ah-app-bar__side ah-app-bar__side--end"[39m
          [36m/>[39m
        [36m</header>[39m
        [36m<div[39m
          [33mclass[39m=[32m"ah-followup"[39m
        [36m>[39m
          [36m<section[39m
            [33maria-labelledby[39m=[32m"_r_1a_-title"[39m
            [33mclass[39m=[32m"ah-followup__block"[39m
          [36m>[39m
            [36m<h2[39m
              [33mclass[39m=[32m"ah-followup__title"[39m
              [33mid[39m=[32m"_r_1a_-title"[39m
            [36m>[39m
              [0mObservacions[0m
              [0m [0m
              [36m<span>[39m
                [0m· privades · camp únic[0m
              [36m</span>[39m
            [36m</h2>[39m
            [36m<label[39m
              [33mclass[39m=[32m"ah-sr-only"[39m
              [33mfor[39m=[32m"_r_1a_"[39m
            [36m>[39m
              [0mObservacions privades[0m
            [36m</label>[39m
            [36m<textarea[39m
              [33mclass[39m=[32m"ah-input ah-textarea ah-followup__field"[39m
              [33mid[39m=[32m"_r_1a_"[39m
              [33mmaxlength[39m=[32m"2000"[39m
              [33mrows[39m=[32m"3"[39m
            [36m>[39m
              [0mVa molt bé amb reforç de pilota. Evitar sobrecàrrega de salts: revisar espatlla dreta si coixeja. Parlar amb la Laura del pas a D a final de temporada.[0m
            [36m</textarea>[39m
            [36m<div[39m
              [33mclass[39m=[32m"ah-followup__clips"[39m
            [36m>[39m
              [36m<span[39m
                [33mclass[39m=[32m"ah-attachment-picker"[39m
              [36m>[39m
                [36m<button[39m
                  [33mclass[39m=[32m"ah-button ah-button--ghost"[39m
                  [33mtype[39m=[32m"button"[39m
                [36m>[39m
                  [36m<span[39m
                    [33mclass[39m=[32m"ah-button__content"[39m
                  [36m>[39m
                    [36m<svg[39m
                      [33maria-hidden[39m=[32m"true"[39m
                      [33mclass[39m=[32m"ah-icon"[39m
                    [36m>[39m
                      [36m<use[39m
                        [33mhref[39m=[32m"http://localhost:3000/@fs/Users/jordib/dev/agilityhub/agilityhub-core-web/packages/ui/src/icons/sprite.svg#i-clip"[39m
                      [36m/>[39m
                    [36m</svg>[39m
                    [0m [0m
                    [0mAdjunta un fitxer[0m
                  [36m</span>[39m
                [36m</button>[39m
                [36m<input[39m
                  [33maria-label[39m=[32m"Adjunta un fitxer"[39m
                  [33mclass[39m=[32m"ah-sr-only"[39m
                  [33mmultiple[39m=[32m""[39m
                  [33mtabindex[39m=[32m"-1"[39m
                  [33mtype[39m=[32m"file"[39m
                [36m/>[39m
              [36m</span>[39m
            [36m</div>[39m
          [36m</section>[39m
          [36m<section[39m
            [33maria-labelledby[39m=[32m"_r_1b_"[39m
            [33mclass[39m=[32m"ah-tasks"[39m
          [36m>[39m
            [36m<header[39m
              [33mclass[39m=[32m"ah-tasks__header"[39m
            [36m>[39m
              [36m<h2[39m
                [33mclass[39m=[32m"ah-tasks__title"[39m
                [33mid[39m=[32m"_r_1b_"[39m
              [36m>[39m
                [0mTasques[0m
              [36m</h2>[39m
              [36m<button[39m
                [33mclass[39m=[32m"ah-button ah-button--ghost ah-tasks__add"[39m
                [33mtype[39m=[32m"button"[39m
              [36m>[39m
                [36m<span[39m
                  [33mclass[39m=[32m"ah-button__content"[39m
                [36m>[39m
                  [36m<svg[39m
                    [33maria-hidden[39m=[32m"true"[39m
                    [33mclass[39m=[32m"ah-icon"[39m
                  [36m>[39m
                    [36m<use[39m
                      [33mhref[39m=[32m"http://localhost:3000/@fs/Users/jordib/dev/agilityhub/agilityhub-core-web/packages/ui/src/icons/sprite.svg#i-plus"[39m
                    [36m/>[39m
                  [36m</svg>[39m
                  [0m [0m
                  [0mAfegir[0m
                [36m</span>[39m
              [36m</button>[39m
            [36m</header>[39m
            [36m<ul[39m
              [33mclass[39m=[32m"ah-tasks__list"[39m
            [36m>[39m
              [36m<li[39m
                [33mclass[39m=[32m"ah-task ah-task--pending"[39m
...
 × src/instructor/tasks.test.tsx > E6-W02 round 2 (review of 30-09): screen 26 > #2 (R-10-10): with 52 tasks «Mostra'n més» reads the next page into the same list, whose tasks are managed like the rest — the oldest done one reopened, the oldest pending one edited, completed and deleted 271ms
   → Unable to find an accessible element with the role "button" and name "Mostra'n més"

Here are the accessible roles:

  banner:

  Name "":
  [36m<header[39m
    [33mclass[39m=[32m"ah-app-bar instructor-screen__bar"[39m
  [36m/>[39m

  Name "":
  [36m<header[39m
    [33mclass[39m=[32m"ah-tasks__header"[39m
  [36m/>[39m

  --------------------------------------------------
  button:

  Name "Torna":
  [36m<button[39m
    [33maria-label[39m=[32m"Torna"[39m
    [33mclass[39m=[32m"ah-button ah-button--ghost ah-icon-button instructor-screen__back"[39m
    [33mtype[39m=[32m"button"[39m
  [36m/>[39m

  Name "Adjunta un fitxer":
  [36m<button[39m
    [33mclass[39m=[32m"ah-button ah-button--ghost"[39m
    [33mtype[39m=[32m"button"[39m
  [36m/>[39m

  Name "Afegir":
  [36m<button[39m
    [33mclass[39m=[32m"ah-button ah-button--ghost ah-tasks__add"[39m
    [33mtype[39m=[32m"button"[39m
  [36m/>[39m

  Name "Marca-la com a feta":
  [36m<button[39m
    [33maria-label[39m=[32m"Marca-la com a feta"[39m
    [33mclass[39m=[32m"ah-button ah-button--ghost ah-icon-button"[39m
    [33mtype[39m=[32m"button"[39m
  [36m/>[39m

  Name "Edita la tasca":
  [36m<button[39m
    [33maria-label[39m=[32m"Edita la tasca"[39m
    [33mclass[39m=[32m"ah-button ah-button--ghost ah-icon-button"[39m
    [33mtype[39m=[32m"button"[39m
  [36m/>[39m

  Name "Elimina la tasca":
  [36m<button[39m
    [33maria-label[39m=[32m"Elimina la tasca"[39m
    [33mclass[39m=[32m"ah-button ah-button--ghost ah-icon-button"[39m
    [33mtype[39m=[32m"button"[39m
  [36m/>[39m

  Name "vídeo_balancí.mp4":
  [36m<button[39m
    [33mclass[39m=[32m"ah-attachment-chip__open"[39m
    [33mtype[39m=[32m"button"[39m
  [36m/>[39m

  Name "Marca-la com a feta":
  [36m<button[39m
    [33maria-label[39m=[32m"Marca-la com a feta"[39m
    [33mclass[39m=[32m"ah-button ah-button--ghost ah-icon-button"[39m
    [33mtype[39m=[32m"button"[39m
  [36m/>[39m

  Name "Edita la tasca":
  [36m<button[39m
    [33maria-label[39m=[32m"Edita la tasca"[39m
    [33mclass[39m=[32m"ah-button ah-button--ghost ah-icon-button"[39m
    [33mtype[39m=[32m"button"[39m
  [36m/>[39m

  Name "Elimina la tasca":
  [36m<button[39m
    [33maria-label[39m=[32m"Elimina la tasca"[39m
    [33mclass[39m=[32m"ah-button ah-button--ghost ah-icon-button"[39m
    [33mtype[39m=[32m"button"[39m
  [36m/>[39m

  Name "Torna-la a pendent":
  [36m<button[39m
    [33maria-label[39m=[32m"Torna-la a pendent"[39m
    [33mclass[39m=[32m"ah-button ah-button--ghost ah-icon-button"[39m
    [33mtype[39m=[32m"button"[39m
  [36m/>[39m

  Name "Elimina la tasca":
  [36m<button[39m
    [33maria-label[39m=[32m"Elimina la tasca"[39m
    [33mclass[39m=[32m"ah-button ah-button--ghost ah-icon-button"[39m
    [33mtype[39m=[32m"button"[39m
  [36m/>[39m

  Name "Marca-la com a feta":
  [36m<button[39m
    [33maria-label[39m=[32m"Marca-la com a feta"[39m
    [33mclass[39m=[32m"ah-button ah-button--ghost ah-icon-button"[39m
    [33mtype[39m=[32m"button"[39m
  [36m/>[39m

  Name "Edita la tasca":
  [36m<button[39m
    [33maria-label[39m=[32m"Edita la tasca"[39m
    [33mclass[39m=[32m"ah-button ah-button--ghost ah-icon-button"[39m
    [33mtype[39m=[32m"button"[39m
  [36m/>[39m

  Name "Elimina la tasca":
  [36m<button[39m
    [33maria-label[39m=[32m"Elimina la tasca"[39m
    [33mclass[39m=[32m"ah-button ah-button--ghost ah-icon-button"[39m
    [33mtype[39m=[32m"button"[39m
  [36m/>[39m

  Name "Marca-la com a feta":
  [36m<button[39m
    [33maria-label[39m=[32m"Marca-la com a feta"[39m
    [33mclass[39m=[32m"ah-button ah-button--ghost ah-icon-button"[39m
    [33mtype[39m=[32m"button"[39m
  [36m/>[39m

  Name "Edita la tasca":
  [36m<button[39m
    [33maria-label[39m=[32m"Edita la tasca"[39m
    [33mclass[39m=[32m"ah-button ah-button--ghost ah-icon-button"[39m
    [33mtype[39m=[32m"button"[39m
  [36m/>[39m

  Name "Elimina la tasca":
  [36m<button[39m
    [33maria-label[39m=[32m"Elimina la tasca"[39m
    [33mclass[39m=[32m"ah-button ah-button--ghost ah-icon-button"[39m
    [33mtype[39m=[32m"button"[39m
  [36m/>[39m

  Name "Torna-la a pendent":
  [36m<button[39m
    [33maria-label[39m=[32m"Torna-la a pendent"[39m
    [33mclass[39m=[32m"ah-button ah-button--ghost ah-icon-button"[39m
    [33mtype[39m=[32m"button"[39m
  [36m/>[39m

  Name "Elimina la tasca":
  [36m<button[39m
    [33maria-label[39m=[32m"Elimina la tasca"[39m
    [33mclass[39m=[32m"ah-button ah-button--ghost ah-icon-button"[39m
    [33mtype[39m=[32m"button"[39m
  [36m/>[39m

  Name "Marca-la com a feta":
  [36m<button[39m
    [33maria-label[39m=[32m"Marca-la com a feta"[39m
    [33mclass[39m=[32m"ah-button ah-button--ghost ah-icon-button"[39m
    [33mtype[39m=[32m"button"[39m
  [36m/>[39m

  Name "Edita la tasca":
  [36m<button[39m
    [33maria-label[39m=[32m"Edita la tasca"[39m
    [33mclass[39m=[32m"ah-button ah-button--ghost ah-icon-button"[39m
    [33mtype[39m=[32m"button"[39m
  [36m/>[39m

  Name "Elimina la tasca":
  [36m<button[39m
    [33maria-label[39m=[32m"Elimina la tasca"[39m
    [33mclass[39m=[32m"ah-button ah-button--ghost ah-icon-button"[39m
    [33mtype[39m=[32m"button"[39m
  [36m/>[39m

  Name "Marca-la com a feta":
  [36m<button[39m
    [33maria-label[39m=[32m"Marca-la com a feta"[39m
    [33mclass[39m=[32m"ah-button ah-button--ghost ah-icon-button"[39m
    [33mtype[39m=[32m"button"[39m
  [36m/>[39m

  Name "Edita la tasca":
  [36m<button[39m
    [33maria-label[39m=[32m"Edita la tasca"[39m
    [33mclass[39m=[32m"ah-button ah-button--ghost ah-icon-button"[39m
    [33mtype[39m=[32m"button"[39m
  [36m/>[39m

  Name "Elimina la tasca":
  [36m<button[39m
    [33maria-label[39m=[32m"Elimina la tasca"[39m
    [33mclass[39m=[32m"ah-button ah-button--ghost ah-icon-button"[39m
    [33mtype[39m=[32m"button"[39m
  [36m/>[39m

  Name "Torna-la a pendent":
  [36m<button[39m
    [33maria-label[39m=[32m"Torna-la a pendent"[39m
    [33mclass[39m=[32m"ah-button ah-button--ghost ah-icon-button"[39m
    [33mtype[39m=[32m"button"[39m
  [36m/>[39m

  Name "Elimina la tasca":
  [36m<button[39m
    [33maria-label[39m=[32m"Elimina la tasca"[39m
    [33mclass[39m=[32m"ah-button ah-button--ghost ah-icon-button"[39m
    [33mtype[39m=[32m"button"[39m
  [36m/>[39m

  Name "Marca-la com a feta":
  [36m<button[39m
    [33maria-label[39m=[32m"Marca-la com a feta"[39m
    [33mclass[39m=[32m"ah-button ah-button--ghost ah-icon-button"[39m
    [33mtype[39m=[32m"button"[39m
  [36m/>[39m

  Name "Edita la tasca":
  [36m<button[39m
    [33maria-label[39m=[32m"Edita la tasca"[39m
    [33mclass[39m=[32m"ah-button ah-button--ghost ah-icon-button"[39m
    [33mtype[39m=[32m"button"[39m
  [36m/>[39m

  Name "Elimina la tasca":
  [36m<button[39m
    [33maria-label[39m=[32m"Elimina la tasca"[39m
    [33mclass[39m=[32m"ah-button ah-button--ghost ah-icon-button"[39m
    [33mtype[39m=[32m"button"[39m
  [36m/>[39m

  Name "Marca-la com a feta":
  [36m<button[39m
    [33maria-label[39m=[32m"Marca-la com a feta"[39m
    [33mclass[39m=[32m"ah-button ah-button--ghost ah-icon-button"[39m
    [33mtype[39m=[32m"button"[39m
  [36m/>[39m

  Name "Edita la tasca":
  [36m<button[39m
    [33maria-label[39m=[32m"Edita la tasca"[39m
    [33mclass[39m=[32m"ah-button ah-button--ghost ah-icon-button"[39m
    [33mtype[39m=[32m"button"[39m
  [36m/>[39m

  Name "Elimina la tasca":
  [36m<button[39m
    [33maria-label[39m=[32m"Elimina la tasca"[39m
    [33mclass[39m=[32m"ah-button ah-button--ghost ah-icon-button"[39m
    [33mtype[39m=[32m"button"[39m
  [36m/>[39m

  Name "Torna-la a pendent":
  [36m<button[39m
    [33maria-label[39m=[32m"Torna-la a pendent"[39m
    [33mclass[39m=[32m"ah-button ah-button--ghost ah-icon-button"[39m
    [33mtype[39m=[32m"button"[39m
  [36m/>[39m

  Name "Elimina la tasca":
  [36m<button[39m
    [33maria-label[39m=[32m"Elimina la tasca"[39m
    [33mclass[39m=[32m"ah-button ah-button--ghost ah-icon-button"[39m
    [33mtype[39m=[32m"button"[39m
  [36m/>[39m

  Name "Marca-la com a feta":
  [36m<button[39m
    [33maria-label[39m=[32m"Marca-la com a feta"[39m
    [33mclass[39m=[32m"ah-button ah-button--ghost ah-icon-button"[39m
    [33mtype[39m=[32m"button"[39m
  [36m/>[39m

  Name "Edita la tasca":
  [36m<button[39m
    [33maria-label[39m=[32m"Edita la tasca"[39m
    [33mclass[39m=[32m"ah-button ah-button--ghost ah-icon-button"[39m
    [33mtype[39m=[32m"button"[39m
  [36m/>[39m

  Name "Elimina la tasca":
  [36m<button[39m
    [33maria-label[39m=[32m"Elimina la tasca"[39m
    [33mclass[39m=[32m"ah-button ah-button--ghost ah-icon-button"[39m
    [33mtype[39m=[32m"button"[39m
  [36m/>[39m

  Name "Marca-la com a feta":
  [36m<button[39m
    [33maria-label[39m=[32m"Marca-la com a feta"[39m
    [33mclass[39m=[32m"ah-button ah-button--ghost ah-icon-button"[39m
    [33mtype[39m=[32m"button"[39m
  [36m/>[39m

  Name "Edita la tasca":
  [36m<button[39m
    [33maria-label[39m=[32m"Edita la tasca"[39m
    [33mclass[39m=[32m"ah-button ah-button--ghost ah-icon-button"[39m
    [33mtype[39m=[32m"button"[39m
  [36m/>[39m

  Name "Elimina la tasca":
  [36m<button[39m
    [33maria-label[39m=[32m"Elimina la tasca"[39m
    [33mclass[39m=[32m"ah-button ah-button--ghost ah-icon-button"[39m
    [33mtype[39m=[32m"button"[39m
  [36m/>[39m

  Name "Torna-la a pendent":
  [36m<button[39m
    [33maria-label[39m=[32m"Torna-la a pendent"[39m
    [33mclass[39m=[32m"ah-button ah-button--ghost ah-icon-button"[39m
    [33mtype[39m=[32m"button"[39m
  [36m/>[39m

  Name "Elimina la tasca":
  [36m<button[39m
    [33maria-label[39m=[32m"Elimina la tasca"[39m
    [33mclass[39m=[32m"ah-button ah-button--ghost ah-icon-button"[39m
    [33mtype[39m=[32m"button"[39m
  [36m/>[39m

  Name "Marca-la com a feta":
  [36m<button[39m
    [33maria-label[39m=[32m"Marca-la com a feta"[39m
    [33mclass[39m=[32m"ah-button ah-button--ghost ah-icon-button"[39m
    [33mtype[39m=[32m"button"[39m
  [36m/>[39m

  Name "Edita la tasca":
  [36m<button[39m
    [33maria-label[39m=[32m"Edita la tasca"[39m
    [33mclass[39m=[32m"ah-button ah-button--ghost ah-icon-button"[39m
    [33mtype[39m=[32m"button"[39m
  [36m/>[39m

  Name "Elimina la tasca":
  [36m<button[39m
    [33maria-label[39m=[32m"Elimina la tasca"[39m
    [33mclass[39m=[32m"ah-button ah-button--ghost ah-icon-button"[39m
    [33mtype[39m=[32m"button"[39m
  [36m/>[39m

  Name "Marca-la com a feta":
  [36m<button[39m
    [33maria-label[39m=[32m"Marca-la com a feta"[39m
    [33mclass[39m=[32m"ah-button ah-button--ghost ah-icon-button"[39m
    [33mtype[39m=[32m"button"[39m
  [36m/>[39m

  Name "Edita la tasca":
  [36m<button[39m
    [33maria-label[39m=[32m"Edita la tasca"[39m
    [33mclass[39m=[32m"ah-button ah-button--ghost ah-icon-button"[39m
    [33mtype[39m=[32m"button"[39m
  [36m/>[39m

  Name "Elimina la tasca":
  [36m<button[39m
    [33maria-label[39m=[32m"Elimina la tasca"[39m
    [33mclass[39m=[32m"ah-button ah-button--ghost ah-icon-button"[39m
    [33mtype[39m=[32m"button"[39m
  [36m/>[39m

  Name "Torna-la a pendent":
  [36m<button[39m
    [33maria-label[39m=[32m"Torna-la a pendent"[39m
    [33mclass[39m=[32m"ah-button ah-button--ghost ah-icon-button"[39m
    [33mtype[39m=[32m"button"[39m
  [36m/>[39m

  Name "Elimina la tasca":
  [36m<button[39m
    [33maria-label[39m=[32m"Elimina la tasca"[39m
    [33mclass[39m=[32m"ah-button ah-button--ghost ah-icon-button"[39m
    [33mtype[39m=[32m"button"[39m
  [36m/>[39m

  Name "Marca-la com a feta":
  [36m<button[39m
    [33maria-label[39m=[32m"Marca-la com a feta"[39m
    [33mclass[39m=[32m"ah-button ah-button--ghost ah-icon-button"[39m
    [33mtype[39m=[32m"button"[39m
  [36m/>[39m

  Name "Edita la tasca":
  [36m<button[39m
    [33maria-label[39m=[32m"Edita la tasca"[39m
    [33mclass[39m=[32m"ah-button ah-button--ghost ah-icon-button"[39m
    [33mtype[39m=[32m"button"[39m
  [36m/>[39m

  Name "Elimina la tasca":
  [36m<button[39m
    [33maria-label[39m=[32m"Elimina la tasca"[39m
    [33mclass[39m=[32m"ah-button ah-button--ghost ah-icon-button"[39m
    [33mtype[39m=[32m"button"[39m
  [36m/>[39m

  Name "Marca-la com a feta":
  [36m<button[39m
    [33maria-label[39m=[32m"Marca-la com a feta"[39m
    [33mclass[39m=[32m"ah-button ah-button--ghost ah-icon-button"[39m
    [33mtype[39m=[32m"button"[39m
  [36m/>[39m

  Name "Edita la tasca":
  [36m<button[39m
    [33maria-label[39m=[32m"Edita la tasca"[39m
    [33mclass[39m=[32m"ah-button ah-button--ghost ah-icon-button"[39m
    [33mtype[39m=[32m"button"[39m
  [36m/>[39m

  Name "Elimina la tasca":
  [36m<button[39m
    [33maria-label[39m=[32m"Elimina la tasca"[39m
    [33mclass[39m=[32m"ah-button ah-button--ghost ah-icon-button"[39m
    [33mtype[39m=[32m"button"[39m
  [36m/>[39m

  Name "Torna-la a pendent":
  [36m<button[39m
    [33maria-label[39m=[32m"Torna-la a pendent"[39m
    [33mclass[39m=[32m"ah-button ah-button--ghost ah-icon-button"[39m
    [33mtype[39m=[32m"button"[39m
  [36m/>[39m

  Name "Elimina la tasca":
  [36m<button[39m
    [33maria-label[39m=[32m"Elimina la tasca"[39m
    [33mclass[39m=[32m"ah-button ah-button--ghost ah-icon-button"[39m
    [33mtype[39m=[32m"button"[39m
  [36m/>[39m

  Name "Marca-la com a feta":
  [36m<button[39m
    [33maria-label[39m=[32m"Marca-la com a feta"[39m
    [33mclass[39m=[32m"ah-button ah-button--ghost ah-icon-button"[39m
    [33mtype[39m=[32m"button"[39m
  [36m/>[39m

  Name "Edita la tasca":
  [36m<button[39m
    [33maria-label[39m=[32m"Edita la tasca"[39m
    [33mclass[39m=[32m"ah-button ah-button--ghost ah-icon-button"[39m
    [33mtype[39m=[32m"button"[39m
  [36m/>[39m

  Name "Elimina la tasca":
  [36m<button[39m
    [33maria-label[39m=[32m"Elimina la tasca"[39m
    [33mclass[39m=[32m"ah-button ah-button--ghost ah-icon-button"[39m
    [33mtype[39m=[32m"button"[39m
  [36m/>[39m

  Name "Marca-la com a feta":
  [36m<button[39m
    [33maria-label[39m=[32m"Marca-la com a feta"[39m
    [33mclass[39m=[32m"ah-button ah-button--ghost ah-icon-button"[39m
    [33mtype[39m=[32m"button"[39m
  [36m/>[39m

  Name "Edita la tasca":
  [36m<button[39m
    [33maria-label[39m=[32m"Edita la tasca"[39m
    [33mclass[39m=[32m"ah-button ah-button--ghost ah-icon-button"[39m
    [33mtype[39m=[32m"button"[39m
  [36m/>[39m

  Name "Elimina la tasca":
  [36m<button[39m
    [33maria-label[39m=[32m"Elimina la tasca"[39m
    [33mclass[39m=[32m"ah-button ah-button--ghost ah-icon-button"[39m
    [33mtype[39m=[32m"button"[39m
  [36m/>[39m

  Name "Torna-la a pendent":
  [36m<button[39m
    [33maria-label[39m=[32m"Torna-la a pendent"[39m
    [33mclass[39m=[32m"ah-button ah-button--ghost ah-icon-button"[39m
    [33mtype[39m=[32m"button"[39m
  [36m/>[39m

  Name "Elimina la tasca":
  [36m<button[39m
    [33maria-label[39m=[32m"Elimina la tasca"[39m
    [33mclass[39m=[32m"ah-button ah-button--ghost ah-icon-button"[39m
    [33mtype[39m=[32m"button"[39m
  [36m/>[39m

  Name "Marca-la com a feta":
  [36m<button[39m
    [33maria-label[39m=[32m"Marca-la com a feta"[39m
    [33mclass[39m=[32m"ah-button ah-button--ghost ah-icon-button"[39m
    [33mtype[39m=[32m"button"[39m
  [36m/>[39m

  Name "Edita la tasca":
  [36m<button[39m
    [33maria-label[39m=[32m"Edita la tasca"[39m
    [33mclass[39m=[32m"ah-button ah-button--ghost ah-icon-button"[39m
    [33mtype[39m=[32m"button"[39m
  [36m/>[39m

  Name "Elimina la tasca":
  [36m<button[39m
    [33maria-label[39m=[32m"Elimina la tasca"[39m
    [33mclass[39m=[32m"ah-button ah-button--ghost ah-icon-button"[39m
    [33mtype[39m=[32m"button"[39m
  [36m/>[39m

  Name "Marca-la com a feta":
  [36m<button[39m
    [33maria-label[39m=[32m"Marca-la com a feta"[39m
    [33mclass[39m=[32m"ah-button ah-button--ghost ah-icon-button"[39m
    [33mtype[39m=[32m"button"[39m
  [36m/>[39m

  Name "Edita la tasca":
  [36m<button[39m
    [33maria-label[39m=[32m"Edita la tasca"[39m
    [33mclass[39m=[32m"ah-button ah-button--ghost ah-icon-button"[39m
    [33mtype[39m=[32m"button"[39m
  [36m/>[39m

  Name "Elimina la tasca":
  [36m<button[39m
    [33maria-label[39m=[32m"Elimina la tasca"[39m
    [33mclass[39m=[32m"ah-button ah-button--ghost ah-icon-button"[39m
    [33mtype[39m=[32m"button"[39m
  [36m/>[39m

  Name "Torna-la a pendent":
  [36m<button[39m
    [33maria-label[39m=[32m"Torna-la a pendent"[39m
    [33mclass[39m=[32m"ah-button ah-button--ghost ah-icon-button"[39m
    [33mtype[39m=[32m"button"[39m
  [36m/>[39m

  Name "Elimina la tasca":
  [36m<button[39m
    [33maria-label[39m=[32m"Elimina la tasca"[39m
    [33mclass[39m=[32m"ah-button ah-button--ghost ah-icon-button"[39m
    [33mtype[39m=[32m"button"[39m
  [36m/>[39m

  Name "Marca-la com a feta":
  [36m<button[39m
    [33maria-label[39m=[32m"Marca-la com a feta"[39m
    [33mclass[39m=[32m"ah-button ah-button--ghost ah-icon-button"[39m
    [33mtype[39m=[32m"button"[39m
  [36m/>[39m

  Name "Edita la tasca":
  [36m<button[39m
    [33maria-label[39m=[32m"Edita la tasca"[39m
    [33mclass[39m=[32m"ah-button ah-button--ghost ah-icon-button"[39m
    [33mtype[39m=[32m"button"[39m
  [36m/>[39m

  Name "Elimina la tasca":
  [36m<button[39m
    [33maria-label[39m=[32m"Elimina la tasca"[39m
    [33mclass[39m=[32m"ah-button ah-button--ghost ah-icon-button"[39m
    [33mtype[39m=[32m"button"[39m
  [36m/>[39m

  Name "Marca-la com a feta":
  [36m<button[39m
    [33maria-label[39m=[32m"Marca-la com a feta"[39m
    [33mclass[39m=[32m"ah-button ah-button--ghost ah-icon-button"[39m
    [33mtype[39m=[32m"button"[39m
  [36m/>[39m

  Name "Edita la tasca":
  [36m<button[39m
    [33maria-label[39m=[32m"Edita la tasca"[39m
    [33mclass[39m=[32m"ah-button ah-button--ghost ah-icon-button"[39m
    [33mtype[39m=[32m"button"[39m
  [36m/>[39m

  Name "Elimina la tasca":
  [36m<button[39m
    [33maria-label[39m=[32m"Elimina la tasca"[39m
    [33mclass[39m=[32m"ah-button ah-button--ghost ah-icon-button"[39m
    [33mtype[39m=[32m"button"[39m
  [36m/>[39m

  Name "Torna-la a pendent":
  [36m<button[39m
    [33maria-label[39m=[32m"Torna-la a pendent"[39m
    [33mclass[39m=[32m"ah-button ah-button--ghost ah-icon-button"[39m
    [33mtype[39m=[32m"button"[39m
  [36m/>[39m

  Name "Elimina la tasca":
  [36m<button[39m
    [33maria-label[39m=[32m"Elimina la tasca"[39m
    [33mclass[39m=[32m"ah-button ah-button--ghost ah-icon-button"[39m
    [33mtype[39m=[32m"button"[39m
  [36m/>[39m

  Name "Marca-la com a feta":
  [36m<button[39m
    [33maria-label[39m=[32m"Marca-la com a feta"[39m
    [33mclass[39m=[32m"ah-button ah-button--ghost ah-icon-button"[39m
    [33mtype[39m=[32m"button"[39m
  [36m/>[39m

  Name "Edita la tasca":
  [36m<button[39m
    [33maria-label[39m=[32m"Edita la tasca"[39m
    [33mclass[39m=[32m"ah-button ah-button--ghost ah-icon-button"[39m
    [33mtype[39m=[32m"button"[39m
  [36m/>[39m

  Name "Elimina la tasca":
  [36m<button[39m
    [33maria-label[39m=[32m"Elimina la tasca"[39m
    [33mclass[39m=[32m"ah-button ah-button--ghost ah-icon-button"[39m
    [33mtype[39m=[32m"button"[39m
  [36m/>[39m

  Name "Marca-la com a feta":
  [36m<button[39m
    [33maria-label[39m=[32m"Marca-la com a feta"[39m
    [33mclass[39m=[32m"ah-button ah-button--ghost ah-icon-button"[39m
    [33mtype[39m=[32m"button"[39m
  [36m/>[39m

  Name "Edita la tasca":
  [36m<button[39m
    [33maria-label[39m=[32m"Edita la tasca"[39m
    [33mclass[39m=[32m"ah-button ah-button--ghost ah-icon-button"[39m
    [33mtype[39m=[32m"button"[39m
  [36m/>[39m

  Name "Elimina la tasca":
  [36m<button[39m
    [33maria-label[39m=[32m"Elimina la tasca"[39m
    [33mclass[39m=[32m"ah-button ah-button--ghost ah-icon-button"[39m
    [33mtype[39m=[32m"button"[39m
  [36m/>[39m

  Name "Torna-la a pendent":
  [36m<button[39m
    [33maria-label[39m=[32m"Torna-la a pendent"[39m
    [33mclass[39m=[32m"ah-button ah-button--ghost ah-icon-button"[39m
    [33mtype[39m=[32m"button"[39m
  [36m/>[39m

  Name "Elimina la tasca":
  [36m<button[39m
    [33maria-label[39m=[32m"Elimina la tasca"[39m
    [33mclass[39m=[32m"ah-button ah-button--ghost ah-icon-button"[39m
    [33mtype[39m=[32m"button"[39m
  [36m/>[39m

  Name "Marca-la com a feta":
  [36m<button[39m
    [33maria-label[39m=[32m"Marca-la com a feta"[39m
    [33mclass[39m=[32m"ah-button ah-button--ghost ah-icon-button"[39m
    [33mtype[39m=[32m"button"[39m
  [36m/>[39m

  Name "Edita la tasca":
  [36m<button[39m
    [33maria-label[39m=[32m"Edita la tasca"[39m
    [33mclass[39m=[32m"ah-button ah-button--ghost ah-icon-button"[39m
    [33mtype[39m=[32m"button"[39m
  [36m/>[39m

  Name "Elimina la tasca":
  [36m<button[39m
    [33maria-label[39m=[32m"Elimina la tasca"[39m
    [33mclass[39m=[32m"ah-button ah-button--ghost ah-icon-button"[39m
    [33mtype[39m=[32m"button"[39m
  [36m/>[39m

  Name "Marca-la com a feta":
  [36m<button[39m
    [33maria-label[39m=[32m"Marca-la com a feta"[39m
    [33mclass[39m=[32m"ah-button ah-button--ghost ah-icon-button"[39m
    [33mtype[39m=[32m"button"[39m
  [36m/>[39m

  Name "Edita la tasca":
  [36m<button[39m
    [33maria-label[39m=[32m"Edita la tasca"[39m
    [33mclass[39m=[32m"ah-button ah-button--ghost ah-icon-button"[39m
    [33mtype[39m=[32m"button"[39m
  [36m/>[39m

  Name "Elimina la tasca":
  [36m<button[39m
    [33maria-label[39m=[32m"Elimina la tasca"[39m
    [33mclass[39m=[32m"ah-button ah-button--ghost ah-icon-button"[39m
    [33mtype[39m=[32m"button"[39m
  [36m/>[39m

  Name "Torna-la a pendent":
  [36m<button[39m
    [33maria-label[39m=[32m"Torna-la a pendent"[39m
    [33mclass[39m=[32m"ah-button ah-button--ghost ah-icon-button"[39m
    [33mtype[39m=[32m"button"[39m
  [36m/>[39m

  Name "Elimina la tasca":
  [36m<button[39m
    [33maria-label[39m=[32m"Elimina la tasca"[39m
    [33mclass[39m=[32m"ah-button ah-button--ghost ah-icon-button"[39m
    [33mtype[39m=[32m"button"[39m
  [36m/>[39m

  Name "Marca-la com a feta":
  [36m<button[39m
    [33maria-label[39m=[32m"Marca-la com a feta"[39m
    [33mclass[39m=[32m"ah-button ah-button--ghost ah-icon-button"[39m
    [33mtype[39m=[32m"button"[39m
  [36m/>[39m

  Name "Edita la tasca":
  [36m<button[39m
    [33maria-label[39m=[32m"Edita la tasca"[39m
    [33mclass[39m=[32m"ah-button ah-button--ghost ah-icon-button"[39m
    [33mtype[39m=[32m"button"[39m
  [36m/>[39m

  Name "Elimina la tasca":
  [36m<button[39m
    [33maria-label[39m=[32m"Elimina la tasca"[39m
    [33mclass[39m=[32m"ah-button ah-button--ghost ah-icon-button"[39m
    [33mtype[39m=[32m"button"[39m
  [36m/>[39m

  Name "Marca-la com a feta":
  [36m<button[39m
    [33maria-label[39m=[32m"Marca-la com a feta"[39m
    [33mclass[39m=[32m"ah-button ah-button--ghost ah-icon-button"[39m
    [33mtype[39m=[32m"button"[39m
  [36m/>[39m

  Name "Edita la tasca":
  [36m<button[39m
    [33maria-label[39m=[32m"Edita la tasca"[39m
    [33mclass[39m=[32m"ah-button ah-button--ghost ah-icon-button"[39m
    [33mtype[39m=[32m"button"[39m
  [36m/>[39m

  Name "Elimina la tasca":
  [36m<button[39m
    [33maria-label[39m=[32m"Elimina la tasca"[39m
    [33mclass[39m=[32m"ah-button ah-button--ghost ah-icon-button"[39m
    [33mtype[39m=[32m"button"[39m
  [36m/>[39m

  Name "Torna-la a pendent":
  [36m<button[39m
    [33maria-label[39m=[32m"Torna-la a pendent"[39m
    [33mclass[39m=[32m"ah-button ah-button--ghost ah-icon-button"[39m
    [33mtype[39m=[32m"button"[39m
  [36m/>[39m

  Name "Elimina la tasca":
  [36m<button[39m
    [33maria-label[39m=[32m"Elimina la tasca"[39m
    [33mclass[39m=[32m"ah-button ah-button--ghost ah-icon-button"[39m
    [33mtype[39m=[32m"button"[39m
  [36m/>[39m

  Name "Marca-la com a feta":
  [36m<button[39m
    [33maria-label[39m=[32m"Marca-la com a feta"[39m
    [33mclass[39m=[32m"ah-button ah-button--ghost ah-icon-button"[39m
    [33mtype[39m=[32m"button"[39m
  [36m/>[39m

  Name "Edita la tasca":
  [36m<button[39m
    [33maria-label[39m=[32m"Edita la tasca"[39m
    [33mclass[39m=[32m"ah-button ah-button--ghost ah-icon-button"[39m
    [33mtype[39m=[32m"button"[39m
  [36m/>[39m

  Name "Elimina la tasca":
  [36m<button[39m
    [33maria-label[39m=[32m"Elimina la tasca"[39m
    [33mclass[39m=[32m"ah-button ah-button--ghost ah-icon-button"[39m
    [33mtype[39m=[32m"button"[39m
  [36m/>[39m

  Name "Marca-la com a feta":
  [36m<button[39m
    [33maria-label[39m=[32m"Marca-la com a feta"[39m
    [33mclass[39m=[32m"ah-button ah-button--ghost ah-icon-button"[39m
    [33mtype[39m=[32m"button"[39m
  [36m/>[39m

  Name "Edita la tasca":
  [36m<button[39m
    [33maria-label[39m=[32m"Edita la tasca"[39m
    [33mclass[39m=[32m"ah-button ah-button--ghost ah-icon-button"[39m
    [33mtype[39m=[32m"button"[39m
  [36m/>[39m

  Name "Elimina la tasca":
  [36m<button[39m
    [33maria-label[39m=[32m"Elimina la tasca"[39m
    [33mclass[39m=[32m"ah-button ah-button--ghost ah-icon-button"[39m
    [33mtype[39m=[32m"button"[39m
  [36m/>[39m

  Name "Torna-la a pendent":
  [36m<button[39m
    [33maria-label[39m=[32m"Torna-la a pendent"[39m
    [33mclass[39m=[32m"ah-button ah-button--ghost ah-icon-button"[39m
    [33mtype[39m=[32m"button"[39m
  [36m/>[39m

  Name "Elimina la tasca":
  [36m<button[39m
    [33maria-label[39m=[32m"Elimina la tasca"[39m
    [33mclass[39m=[32m"ah-button ah-button--ghost ah-icon-button"[39m
    [33mtype[39m=[32m"button"[39m
  [36m/>[39m

  Name "Marca-la com a feta":
  [36m<button[39m
    [33maria-label[39m=[32m"Marca-la com a feta"[39m
    [33mclass[39m=[32m"ah-button ah-button--ghost ah-icon-button"[39m
    [33mtype[39m=[32m"button"[39m
  [36m/>[39m

  Name "Edita la tasca":
  [36m<button[39m
    [33maria-label[39m=[32m"Edita la tasca"[39m
    [33mclass[39m=[32m"ah-button ah-button--ghost ah-icon-button"[39m
    [33mtype[39m=[32m"button"[39m
  [36m/>[39m

  Name "Elimina la tasca":
  [36m<button[39m
    [33maria-label[39m=[32m"Elimina la tasca"[39m
    [33mclass[39m=[32m"ah-button ah-button--ghost ah-icon-button"[39m
    [33mtype[39m=[32m"button"[39m
  [36m/>[39m

  Name "Marca-la com a feta":
  [36m<button[39m
    [33maria-label[39m=[32m"Marca-la com a feta"[39m
    [33mclass[39m=[32m"ah-button ah-button--ghost ah-icon-button"[39m
    [33mtype[39m=[32m"button"[39m
  [36m/>[39m

  Name "Edita la tasca":
  [36m<button[39m
    [33maria-label[39m=[32m"Edita la tasca"[39m
    [33mclass[39m=[32m"ah-button ah-button--ghost ah-icon-button"[39m
    [33mtype[39m=[32m"button"[39m
  [36m/>[39m

  Name "Elimina la tasca":
  [36m<button[39m
    [33maria-label[39m=[32m"Elimina la tasca"[39m
    [33mclass[39m=[32m"ah-button ah-button--ghost ah-icon-button"[39m
    [33mtype[39m=[32m"button"[39m
  [36m/>[39m

  Name "Torna-la a pendent":
  [36m<button[39m
    [33maria-label[39m=[32m"Torna-la a pendent"[39m
    [33mclass[39m=[32m"ah-button ah-button--ghost ah-icon-button"[39m
    [33mtype[39m=[32m"button"[39m
  [36m/>[39m

  Name "Elimina la tasca":
  [36m<button[39m
    [33maria-label[39m=[32m"Elimina la tasca"[39m
    [33mclass[39m=[32m"ah-button ah-button--ghost ah-icon-button"[39m
    [33mtype[39m=[32m"button"[39m
  [36m/>[39m

  Name "Marca-la com a feta":
  [36m<button[39m
    [33maria-label[39m=[32m"Marca-la com a feta"[39m
    [33mclass[39m=[32m"ah-button ah-button--ghost ah-icon-button"[39m
    [33mtype[39m=[32m"button"[39m
  [36m/>[39m

  Name "Edita la tasca":
  [36m<button[39m
    [33maria-label[39m=[32m"Edita la tasca"[39m
    [33mclass[39m=[32m"ah-button ah-button--ghost ah-icon-button"[39m
    [33mtype[39m=[32m"button"[39m
  [36m/>[39m

  Name "Elimina la tasca":
  [36m<button[39m
    [33maria-label[39m=[32m"Elimina la tasca"[39m
    [33mclass[39m=[32m"ah-button ah-button--ghost ah-icon-button"[39m
    [33mtype[39m=[32m"button"[39m
  [36m/>[39m

  Name "Marca-la com a feta":
  [36m<button[39m
    [33maria-label[39m=[32m"Marca-la com a feta"[39m
    [33mclass[39m=[32m"ah-button ah-button--ghost ah-icon-button"[39m
    [33mtype[39m=[32m"button"[39m
  [36m/>[39m

  Name "Edita la tasca":
  [36m<button[39m
    [33maria-label[39m=[32m"Edita la tasca"[39m
    [33mclass[39m=[32m"ah-button ah-button--ghost ah-icon-button"[39m
    [33mtype[39m=[32m"button"[39m
  [36m/>[39m

  Name "Elimina la tasca":
  [36m<button[39m
    [33maria-label[39m=[32m"Elimina la tasca"[39m
    [33mclass[39m=[32m"ah-button ah-button--ghost ah-icon-button"[39m
    [33mtype[39m=[32m"button"[39m
  [36m/>[39m

  Name "Torna-la a pendent":
  [36m<button[39m
    [33maria-label[39m=[32m"Torna-la a pendent"[39m
    [33mclass[39m=[32m"ah-button ah-button--ghost ah-icon-button"[39m
    [33mtype[39m=[32m"button"[39m
  [36m/>[39m

  Name "Elimina la tasca":
  [36m<button[39m
    [33maria-label[39m=[32m"Elimina la tasca"[39m
    [33mclass[39m=[32m"ah-button ah-button--ghost ah-icon-button"[39m
    [33mtype[39m=[32m"button"[39m
  [36m/>[39m

  Name "Marca-la com a feta":
  [36m<button[39m
    [33maria-label[39m=[32m"Marca-la com a feta"[39m
    [33mclass[39m=[32m"ah-button ah-button--ghost ah-icon-button"[39m
    [33mtype[39m=[32m"button"[39m
  [36m/>[39m

  Name "Edita la tasca":
  [36m<button[39m
    [33maria-label[39m=[32m"Edita la tasca"[39m
    [33mclass[39m=[32m"ah-button ah-button--ghost ah-icon-button"[39m
    [33mtype[39m=[32m"button"[39m
  [36m/>[39m

  Name "Elimina la tasca":
  [36m<button[39m
    [33maria-label[39m=[32m"Elimina la tasca"[39m
    [33mclass[39m=[32m"ah-button ah-button--ghost ah-icon-button"[39m
    [33mtype[39m=[32m"button"[39m
  [36m/>[39m

  Name "Marca-la com a feta":
  [36m<button[39m
    [33maria-label[39m=[32m"Marca-la com a feta"[39m
    [33mclass[39m=[32m"ah-button ah-button--ghost ah-icon-button"[39m
    [33mtype[39m=[32m"button"[39m
  [36m/>[39m

  Name "Edita la tasca":
  [36m<button[39m
    [33maria-label[39m=[32m"Edita la tasca"[39m
    [33mclass[39m=[32m"ah-button ah-button--ghost ah-icon-button"[39m
    [33mtype[39m=[32m"button"[39m
  [36m/>[39m

  Name "Elimina la tasca":
  [36m<button[39m
    [33maria-label[39m=[32m"Elimina la tasca"[39m
    [33mclass[39m=[32m"ah-button ah-button--ghost ah-icon-button"[39m
    [33mtype[39m=[32m"button"[39m
  [36m/>[39m

  Name "Veure l'historial complet ›":
  [36m<button[39m
    [33mclass[39m=[32m"ah-followup__history"[39m
    [33mtype[39m=[32m"button"[39m
  [36m/>[39m

  Name "foto_balancí.jpg":
  [36m<button[39m
    [33mclass[39m=[32m"ah-attachment-chip__open"[39m
    [33mtype[39m=[32m"button"[39m
  [36m/>[39m

  Name "Desa":
  [36m<button[39m
    [33mclass[39m=[32m"ah-button ah-button--primary ah-followup__save"[39m
    [33mdisabled[39m=[32m""[39m
    [33mtype[39m=[32m"button"[39m
  [36m/>[39m

  --------------------------------------------------
  heading:

  Name "Tasques i notes — Laura + Duna":
  [36m<h1 />[39m

  Name "Observacions · privades · camp únic":
  [36m<h2[39m
    [33mclass[39m=[32m"ah-followup__title"[39m
    [33mid[39m=[32m"_r_1d_-title"[39m
  [36m/>[39m

  Name "Tasques":
  [36m<h2[39m
    [33mclass[39m=[32m"ah-tasks__title"[39m
    [33mid[39m=[32m"_r_1e_"[39m
  [36m/>[39m

  Name "Notes als instructors · de l'alumne · només lectura":
  [36m<h2[39m
    [33mclass[39m=[32m"ah-followup__title"[39m
    [33mid[39m=[32m"_r_1d_-note"[39m
  [36m/>[39m

  --------------------------------------------------
  region:

  Name "Observacions · privades · camp únic":
  [36m<section[39m
    [33maria-labelledby[39m=[32m"_r_1d_-title"[39m
    [33mclass[39m=[32m"ah-followup__block"[39m
  [36m/>[39m

  Name "Tasques":
  [36m<section[39m
    [33maria-labelledby[39m=[32m"_r_1e_"[39m
    [33mclass[39m=[32m"ah-tasks"[39m
  [36m/>[39m

  Name "Notes als instructors · de l'alumne · només lectura":
  [36m<section[39m
    [33maria-labelledby[39m=[32m"_r_1d_-note"[39m
    [33mclass[39m=[32m"ah-followup__block"[39m
  [36m/>[39m

  --------------------------------------------------
  textbox:

  Name "Observacions privades":
  [36m<textarea[39m
    [33mclass[39m=[32m"ah-input ah-textarea ah-followup__field"[39m
    [33mid[39m=[32m"_r_1d_"[39m
    [33mmaxlength[39m=[32m"2000"[39m
    [33mrows[39m=[32m"3"[39m
  [36m/>[39m

  --------------------------------------------------
  list:

  Name "":
  [36m<ul[39m
    [33mclass[39m=[32m"ah-tasks__list"[39m
  [36m/>[39m

  --------------------------------------------------
  listitem:

  Name "":
  [36m<li[39m
    [33mclass[39m=[32m"ah-task ah-task--pending"[39m
  [36m/>[39m

  Name "":
  [36m<li[39m
    [33mclass[39m=[32m"ah-task ah-task--pending"[39m
  [36m/>[39m

  Name "":
  [36m<li[39m
    [33mclass[39m=[32m"ah-task ah-task--done"[39m
  [36m/>[39m

  Name "":
  [36m<li[39m
    [33mclass[39m=[32m"ah-task ah-task--pending"[39m
  [36m/>[39m

  Name "":
  [36m<li[39m
    [33mclass[39m=[32m"ah-task ah-task--pending"[39m
  [36m/>[39m

  Name "":
  [36m<li[39m
    [33mclass[39m=[32m"ah-task ah-task--done"[39m
  [36m/>[39m

  Name "":
  [36m<li[39m
    [33mclass[39m=[32m"ah-task ah-task--pending"[39m
  [36m/>[39m

  Name "":
  [36m<li[39m
    [33mclass[39m=[32m"ah-task ah-task--pending"[39m
  [36m/>[39m

  Name "":
  [36m<li[39m
    [33mclass[39m=[32m"ah-task ah-task--done"[39m
  [36m/>[39m

  Name "":
  [36m<li[39m
    [33mclass[39m=[32m"ah-task ah-task--pending"[39m
  [36m/>[39m

  Name "":
  [36m<li[39m
    [33mclass[39m=[32m"ah-task ah-task--pending"[39m
  [36m/>[39m

  Name "":
  [36m<li[39m
    [33mclass[39m=[32m"ah-task ah-task--done"[39m
  [36m/>[39m

  Name "":
  [36m<li[39m
    [33mclass[39m=[32m"ah-task ah-task--pending"[39m
  [36m/>[39m

  Name "":
  [36m<li[39m
    [33mclass[39m=[32m"ah-task ah-task--pending"[39m
  [36m/>[39m

  Name "":
  [36m<li[39m
    [33mclass[39m=[32m"ah-task ah-task--done"[39m
  [36m/>[39m

  Name "":
  [36m<li[39m
    [33mclass[39m=[32m"ah-task ah-task--pending"[39m
  [36m/>[39m

  Name "":
  [36m<li[39m
    [33mclass[39m=[32m"ah-task ah-task--pending"[39m
  [36m/>[39m

  Name "":
  [36m<li[39m
    [33mclass[39m=[32m"ah-task ah-task--done"[39m
  [36m/>[39m

  Name "":
  [36m<li[39m
    [33mclass[39m=[32m"ah-task ah-task--pending"[39m
  [36m/>[39m

  Name "":
  [36m<li[39m
    [33mclass[39m=[32m"ah-task ah-task--pending"[39m
  [36m/>[39m

  Name "":
  [36m<li[39m
    [33mclass[39m=[32m"ah-task ah-task--done"[39m
  [36m/>[39m

  Name "":
  [36m<li[39m
    [33mclass[39m=[32m"ah-task ah-task--pending"[39m
  [36m/>[39m

  Name "":
  [36m<li[39m
    [33mclass[39m=[32m"ah-task ah-task--pending"[39m
  [36m/>[39m

  Name "":
  [36m<li[39m
    [33mclass[39m=[32m"ah-task ah-task--done"[39m
  [36m/>[39m

  Name "":
  [36m<li[39m
    [33mclass[39m=[32m"ah-task ah-task--pending"[39m
  [36m/>[39m

  Name "":
  [36m<li[39m
    [33mclass[39m=[32m"ah-task ah-task--pending"[39m
  [36m/>[39m

  Name "":
  [36m<li[39m
    [33mclass[39m=[32m"ah-task ah-task--done"[39m
  [36m/>[39m

  Name "":
  [36m<li[39m
    [33mclass[39m=[32m"ah-task ah-task--pending"[39m
  [36m/>[39m

  Name "":
  [36m<li[39m
    [33mclass[39m=[32m"ah-task ah-task--pending"[39m
  [36m/>[39m

  Name "":
  [36m<li[39m
    [33mclass[39m=[32m"ah-task ah-task--done"[39m
  [36m/>[39m

  Name "":
  [36m<li[39m
    [33mclass[39m=[32m"ah-task ah-task--pending"[39m
  [36m/>[39m

  Name "":
  [36m<li[39m
    [33mclass[39m=[32m"ah-task ah-task--pending"[39m
  [36m/>[39m

  Name "":
  [36m<li[39m
    [33mclass[39m=[32m"ah-task ah-task--done"[39m
  [36m/>[39m

  Name "":
  [36m<li[39m
    [33mclass[39m=[32m"ah-task ah-task--pending"[39m
  [36m/>[39m

  Name "":
  [36m<li[39m
    [33mclass[39m=[32m"ah-task ah-task--pending"[39m
  [36m/>[39m

  Name "":
  [36m<li[39m
    [33mclass[39m=[32m"ah-task ah-task--done"[39m
  [36m/>[39m

  Name "":
  [36m<li[39m
    [33mclass[39m=[32m"ah-task ah-task--pending"[39m
  [36m/>[39m

  Name "":
  [36m<li[39m
    [33mclass[39m=[32m"ah-task ah-task--pending"[39m
  [36m/>[39m

  Name "":
  [36m<li[39m
    [33mclass[39m=[32m"ah-task ah-task--done"[39m
  [36m/>[39m

  Name "":
  [36m<li[39m
    [33mclass[39m=[32m"ah-task ah-task--pending"[39m
  [36m/>[39m

  Name "":
  [36m<li[39m
    [33mclass[39m=[32m"ah-task ah-task--pending"[39m
  [36m/>[39m

  Name "":
  [36m<li[39m
    [33mclass[39m=[32m"ah-task ah-task--done"[39m
  [36m/>[39m

  Name "":
  [36m<li[39m
    [33mclass[39m=[32m"ah-task ah-task--pending"[39m
  [36m/>[39m

  Name "":
  [36m<li[39m
    [33mclass[39m=[32m"ah-task ah-task--pending"[39m
  [36m/>[39m

  Name "":
  [36m<li[39m
    [33mclass[39m=[32m"ah-task ah-task--done"[39m
  [36m/>[39m

  Name "":
  [36m<li[39m
    [33mclass[39m=[32m"ah-task ah-task--pending"[39m
  [36m/>[39m

  Name "":
  [36m<li[39m
    [33mclass[39m=[32m"ah-task ah-task--pending"[39m
  [36m/>[39m

  Name "":
  [36m<li[39m
    [33mclass[39m=[32m"ah-task ah-task--done"[39m
  [36m/>[39m

  Name "":
  [36m<li[39m
    [33mclass[39m=[32m"ah-task ah-task--pending"[39m
  [36m/>[39m

  Name "":
  [36m<li[39m
    [33mclass[39m=[32m"ah-task ah-task--pending"[39m
  [36m/>[39m

  --------------------------------------------------
  paragraph:

  Name "":
  [36m<p[39m
    [33mclass[39m=[32m"ah-task__text"[39m
  [36m/>[39m

  Name "":
  [36m<p[39m
    [33mclass[39m=[32m"ah-task__meta"[39m
  [36m/>[39m

  Name "":
  [36m<p[39m
    [33mclass[39m=[32m"ah-task__text"[39m
  [36m/>[39m

  Name "":
  [36m<p[39m
    [33mclass[39m=[32m"ah-task__meta"[39m
  [36m/>[39m

  Name "":
  [36m<p[39m
    [33mclass[39m=[32m"ah-task__text"[39m
  [36m/>[39m

  Name "":
  [36m<p[39m
    [33mclass[39m=[32m"ah-task__meta"[39m
  [36m/>[39m

  Name "":
  [36m<p[39m
    [33mclass[39m=[32m"ah-task__text"[39m
  [36m/>[39m

  Name "":
  [36m<p[39m
    [33mclass[39m=[32m"ah-task__meta"[39m
  [36m/>[39m

  Name "":
  [36m<p[39m
    [33mclass[39m=[32m"ah-task__text"[39m
  [36m/>[39m

  Name "":
  [36m<p[39m
    [33mclass[39m=[32m"ah-task__meta"[39m
  [36m/>[39m

  Name "":
  [36m<p[39m
    [33mclass[39m=[32m"ah-task__text"[39m
  [36m/>[39m

  Name "":
  [36m<p[39m
    [33mclass[39m=[32m"ah-task__meta"[39m
  [36m/>[39m

  Name "":
  [36m<p[39m
    [33mclass[39m=[32m"ah-task__text"[39m
  [36m/>[39m

  Name "":
  [36m<p[39m
    [33mclass[39m=[32m"ah-task__meta"[39m
  [36m/>[39m

  Name "":
  [36m<p[39m
    [33mclass[39m=[32m"ah-task__text"[39m
  [36m/>[39m

  Name "":
  [36m<p[39m
    [33mclass[39m=[32m"ah-task__meta"[39m
  [36m/>[39m

  Name "":
  [36m<p[39m
    [33mclass[39m=[32m"ah-task__text"[39m
  [36m/>[39m

  Name "":
  [36m<p[39m
    [33mclass[39m=[32m"ah-task__meta"[39m
  [36m/>[39m

  Name "":
  [36m<p[39m
    [33mclass[39m=[32m"ah-task__text"[39m
  [36m/>[39m

  Name "":
  [36m<p[39m
    [33mclass[39m=[32m"ah-task__meta"[39m
  [36m/>[39m

  Name "":
  [36m<p[39m
    [33mclass[39m=[32m"ah-task__text"[39m
  [36m/>[39m

  Name "":
  [36m<p[39m
    [33mclass[39m=[32m"ah-task__meta"[39m
  [36m/>[39m

  Name "":
  [36m<p[39m
    [33mclass[39m=[32m"ah-task__text"[39m
  [36m/>[39m

  Name "":
  [36m<p[39m
    [33mclass[39m=[32m"ah-task__meta"[39m
  [36m/>[39m

  Name "":
  [36m<p[39m
    [33mclass[39m=[32m"ah-task__text"[39m
  [36m/>[39m

  Name "":
  [36m<p[39m
    [33mclass[39m=[32m"ah-task__meta"[39m
  [36m/>[39m

  Name "":
  [36m<p[39m
    [33mclass[39m=[32m"ah-task__text"[39m
  [36m/>[39m

  Name "":
  [36m<p[39m
    [33mclass[39m=[32m"ah-task__meta"[39m
  [36m/>[39m

  Name "":
  [36m<p[39m
    [33mclass[39m=[32m"ah-task__text"[39m
  [36m/>[39m

  Name "":
  [36m<p[39m
    [33mclass[39m=[32m"ah-task__meta"[39m
  [36m/>[39m

  Name "":
  [36m<p[39m
    [33mclass[39m=[32m"ah-task__text"[39m
  [36m/>[39m

  Name "":
  [36m<p[39m
    [33mclass[39m=[32m"ah-task__meta"[39m
  [36m/>[39m

  Name "":
  [36m<p[39m
    [33mclass[39m=[32m"ah-task__text"[39m
  [36m/>[39m

  Name "":
  [36m<p[39m
    [33mclass[39m=[32m"ah-task__meta"[39m
  [36m/>[39m

  Name "":
  [36m<p[39m
    [33mclass[39m=[32m"ah-task__text"[39m
  [36m/>[39m

  Name "":
  [36m<p[39m
    [33mclass[39m=[32m"ah-task__meta"[39m
  [36m/>[39m

  Name "":
  [36m<p[39m
    [33mclass[39m=[32m"ah-task__text"[39m
  [36m/>[39m

  Name "":
  [36m<p[39m
    [33mclass[39m=[32m"ah-task__meta"[39m
  [36m/>[39m

  Name "":
  [36m<p[39m
    [33mclass[39m=[32m"ah-task__text"[39m
  [36m/>[39m

  Name "":
  [36m<p[39m
    [33mclass[39m=[32m"ah-task__meta"[39m
  [36m/>[39m

  Name "":
  [36m<p[39m
    [33mclass[39m=[32m"ah-task__text"[39m
  [36m/>[39m

  Name "":
  [36m<p[39m
    [33mclass[39m=[32m"ah-task__meta"[39m
  [36m/>[39m

  Name "":
  [36m<p[39m
    [33mclass[39m=[32m"ah-task__text"[39m
  [36m/>[39m

  Name "":
  [36m<p[39m
    [33mclass[39m=[32m"ah-task__meta"[39m
  [36m/>[39m

  Name "":
  [36m<p[39m
    [33mclass[39m=[32m"ah-task__text"[39m
  [36m/>[39m

  Name "":
  [36m<p[39m
    [33mclass[39m=[32m"ah-task__meta"[39m
  [36m/>[39m

  Name "":
  [36m<p[39m
    [33mclass[39m=[32m"ah-task__text"[39m
  [36m/>[39m

  Name "":
  [36m<p[39m
    [33mclass[39m=[32m"ah-task__meta"[39m
  [36m/>[39m

  Name "":
  [36m<p[39m
    [33mclass[39m=[32m"ah-task__text"[39m
  [36m/>[39m

  Name "":
  [36m<p[39m
    [33mclass[39m=[32m"ah-task__meta"[39m
  [36m/>[39m

  Name "":
  [36m<p[39m
    [33mclass[39m=[32m"ah-task__text"[39m
  [36m/>[39m

  Name "":
  [36m<p[39m
    [33mclass[39m=[32m"ah-task__meta"[39m
  [36m/>[39m

  Name "":
  [36m<p[39m
    [33mclass[39m=[32m"ah-task__text"[39m
  [36m/>[39m

  Name "":
  [36m<p[39m
    [33mclass[39m=[32m"ah-task__meta"[39m
  [36m/>[39m

  Name "":
  [36m<p[39m
    [33mclass[39m=[32m"ah-task__text"[39m
  [36m/>[39m

  Name "":
  [36m<p[39m
    [33mclass[39m=[32m"ah-task__meta"[39m
  [36m/>[39m

  Name "":
  [36m<p[39m
    [33mclass[39m=[32m"ah-task__text"[39m
  [36m/>[39m

  Name "":
  [36m<p[39m
    [33mclass[39m=[32m"ah-task__meta"[39m
  [36m/>[39m

  Name "":
  [36m<p[39m
    [33mclass[39m=[32m"ah-task__text"[39m
  [36m/>[39m

  Name "":
  [36m<p[39m
    [33mclass[39m=[32m"ah-task__meta"[39m
  [36m/>[39m

  Name "":
  [36m<p[39m
    [33mclass[39m=[32m"ah-task__text"[39m
  [36m/>[39m

  Name "":
  [36m<p[39m
    [33mclass[39m=[32m"ah-task__meta"[39m
  [36m/>[39m

  Name "":
  [36m<p[39m
    [33mclass[39m=[32m"ah-task__text"[39m
  [36m/>[39m

  Name "":
  [36m<p[39m
    [33mclass[39m=[32m"ah-task__meta"[39m
  [36m/>[39m

  Name "":
  [36m<p[39m
    [33mclass[39m=[32m"ah-task__text"[39m
  [36m/>[39m

  Name "":
  [36m<p[39m
    [33mclass[39m=[32m"ah-task__meta"[39m
  [36m/>[39m

  Name "":
  [36m<p[39m
    [33mclass[39m=[32m"ah-task__text"[39m
  [36m/>[39m

  Name "":
  [36m<p[39m
    [33mclass[39m=[32m"ah-task__meta"[39m
  [36m/>[39m

  Name "":
  [36m<p[39m
    [33mclass[39m=[32m"ah-task__text"[39m
  [36m/>[39m

  Name "":
  [36m<p[39m
    [33mclass[39m=[32m"ah-task__meta"[39m
  [36m/>[39m

  Name "":
  [36m<p[39m
    [33mclass[39m=[32m"ah-task__text"[39m
  [36m/>[39m

  Name "":
  [36m<p[39m
    [33mclass[39m=[32m"ah-task__meta"[39m
  [36m/>[39m

  Name "":
  [36m<p[39m
    [33mclass[39m=[32m"ah-task__text"[39m
  [36m/>[39m

  Name "":
  [36m<p[39m
    [33mclass[39m=[32m"ah-task__meta"[39m
  [36m/>[39m

  Name "":
  [36m<p[39m
    [33mclass[39m=[32m"ah-task__text"[39m
  [36m/>[39m

  Name "":
  [36m<p[39m
    [33mclass[39m=[32m"ah-task__meta"[39m
  [36m/>[39m

  Name "":
  [36m<p[39m
    [33mclass[39m=[32m"ah-task__text"[39m
  [36m/>[39m

  Name "":
  [36m<p[39m
    [33mclass[39m=[32m"ah-task__meta"[39m
  [36m/>[39m

  Name "":
  [36m<p[39m
    [33mclass[39m=[32m"ah-task__text"[39m
  [36m/>[39m

  Name "":
  [36m<p[39m
    [33mclass[39m=[32m"ah-task__meta"[39m
  [36m/>[39m

  Name "":
  [36m<p[39m
    [33mclass[39m=[32m"ah-task__text"[39m
  [36m/>[39m

  Name "":
  [36m<p[39m
    [33mclass[39m=[32m"ah-task__meta"[39m
  [36m/>[39m

  Name "":
  [36m<p[39m
    [33mclass[39m=[32m"ah-task__text"[39m
  [36m/>[39m

  Name "":
  [36m<p[39m
    [33mclass[39m=[32m"ah-task__meta"[39m
  [36m/>[39m

  Name "":
  [36m<p[39m
    [33mclass[39m=[32m"ah-task__text"[39m
  [36m/>[39m

  Name "":
  [36m<p[39m
    [33mclass[39m=[32m"ah-task__meta"[39m
  [36m/>[39m

  Name "":
  [36m<p[39m
    [33mclass[39m=[32m"ah-task__text"[39m
  [36m/>[39m

  Name "":
  [36m<p[39m
    [33mclass[39m=[32m"ah-task__meta"[39m
  [36m/>[39m

  Name "":
  [36m<p[39m
    [33mclass[39m=[32m"ah-task__text"[39m
  [36m/>[39m

  Name "":
  [36m<p[39m
    [33mclass[39m=[32m"ah-task__meta"[39m
  [36m/>[39m

  Name "":
  [36m<p[39m
    [33mclass[39m=[32m"ah-task__text"[39m
  [36m/>[39m

  Name "":
  [36m<p[39m
    [33mclass[39m=[32m"ah-task__meta"[39m
  [36m/>[39m

  Name "":
  [36m<p[39m
    [33mclass[39m=[32m"ah-task__text"[39m
  [36m/>[39m

  Name "":
  [36m<p[39m
    [33mclass[39m=[32m"ah-task__meta"[39m
  [36m/>[39m

  Name "":
  [36m<p[39m
    [33mclass[39m=[32m"ah-task__text"[39m
  [36m/>[39m

  Name "":
  [36m<p[39m
    [33mclass[39m=[32m"ah-task__meta"[39m
  [36m/>[39m

  Name "":
  [36m<p[39m
    [33mclass[39m=[32m"ah-task__text"[39m
  [36m/>[39m

  Name "":
  [36m<p[39m
    [33mclass[39m=[32m"ah-task__meta"[39m
  [36m/>[39m

  Name "":
  [36m<p[39m
    [33mclass[39m=[32m"ah-task__text"[39m
  [36m/>[39m

  Name "":
  [36m<p[39m
    [33mclass[39m=[32m"ah-task__meta"[39m
  [36m/>[39m

  Name "":
  [36m<p />[39m

  --------------------------------------------------

Ignored nodes: comments, script, style
[36m<body>[39m
  [36m<div>[39m
    [36m<section[39m
      [33mclass[39m=[32m"instructor-screen instructor-tasks"[39m
    [36m>[39m
      [36m<header[39m
        [33mclass[39m=[32m"ah-app-bar instructor-screen__bar"[39m
      [36m>[39m
        [36m<div[39m
          [33mclass[39m=[32m"ah-app-bar__side"[39m
        [36m>[39m
          [36m<button[39m
            [33maria-label[39m=[32m"Torna"[39m
            [33mclass[39m=[32m"ah-button ah-button--ghost ah-icon-button instructor-screen__back"[39m
            [33mtype[39m=[32m"button"[39m
          [36m>[39m
            [36m<span[39m
              [33mclass[39m=[32m"ah-button__content"[39m
            [36m>[39m
              [36m<svg[39m
                [33maria-hidden[39m=[32m"true"[39m
                [33mclass[39m=[32m"ah-icon"[39m
              [36m>[39m
                [36m<use[39m
                  [33mhref[39m=[32m"http://localhost:3000/@fs/Users/jordib/dev/agilityhub/agilityhub-core-web/packages/ui/src/icons/sprite.svg#i-chev"[39m
                [36m/>[39m
              [36m</svg>[39m
            [36m</span>[39m
          [36m</button>[39m
        [36m</div>[39m
        [36m<div[39m
          [33mclass[39m=[32m"ah-app-bar__title"[39m
        [36m>[39m
          [36m<h1>[39m
            [0mTasques i notes — Laura + Duna[0m
          [36m</h1>[39m
        [36m</div>[39m
        [36m<div[39m
          [33mclass[39m=[32m"ah-app-bar__side ah-app-bar__side--end"[39m
        [36m/>[39m
      [36m</header>[39m
      [36m<div[39m
        [33mclass[39m=[32m"ah-followup"[39m
      [36m>[39m
        [36m<section[39m
          [33maria-labelledby[39m=[32m"_r_1d_-title"[39m
          [33mclass[39m=[32m"ah-followup__block"[39m
        [36m>[39m
          [36m<h2[39m
            [33mclass[39m=[32m"ah-followup__title"[39m
            [33mid[39m=[32m"_r_1d_-title"[39m
          [36m>[39m
            [0mObservacions[0m
            [0m [0m
            [36m<span>[39m
              [0m· privades · camp únic[0m
            [36m</span>[39m
          [36m</h2>[39m
          [36m<label[39m
            [33mclass[39m=[32m"ah-sr-only"[39m
            [33mfor[39m=[32m"_r_1d_"[39m
          [36m>[39m
            [0mObservacions privades[0m
          [36m</label>[39m
          [36m<textarea[39m
            [33mclass[39m=[32m"ah-input ah-textarea ah-followup__field"[39m
            [33mid[39m=[32m"_r_1d_"[39m
            [33mmaxlength[39m=[32m"2000"[39m
            [33mrows[39m=[32m"3"[39m
          [36m>[39m
            [0mVa molt bé amb reforç de pilota. Evitar sobrecàrrega de salts: revisar espatlla dreta si coixeja. Parlar amb la Laura del pas a D a final de temporada.[0m
          [36m</textarea>[39m
          [36m<div[39m
            [33mclass[39m=[32m"ah-followup__clips"[39m
          [36m>[39m
            [36m<span[39m
              [33mclass[39m=[32m"ah-attachment-picker"[39m
            [36m>[39m
              [36m<button[39m
                [33mclass[39m=[32m"ah-button ah-button--ghost"[39m
                [33mtype[39m=[32m"button"[39m
              [36m>[39m
                [36m<span[39m
                  [33mclass[39m=[32m"ah-button__content"[39m
                [36m>[39m
                  [36m<svg[39m
                    [33maria-hidden[39m=[32m"true"[39m
                    [33mclass[39m=[32m"ah-icon"[39m
                  [36m>[39m
                    [36m<use[39m
                      [33mhref[39m=[32m"http://localhost:3000/@fs/Users/jordib/dev/agilityhub/agilityhub-core-web/packages/ui/src/icons/sprite.svg#i-clip"[39m
                    [36m/>[39m
                  [36m</svg>[39m
                  [0m [0m
                  [0mAdjunta un fitxer[0m
                [36m</span>[39m
              [36m</button>[39m
              [36m<input[39m
                [33maria-label[39m=[32m"Adjunta un fitxer"[39m
                [33mclass[39m=[32m"ah-sr-only"[39m
                [33mmultiple[39m=[32m""[39m
                [33mtabindex[39m=[32m"-1"[39m
                [33mtype[39m=[32m"file"[39m
              [36m/>[39m
            [36m</span>[39m
          [36m</div>[39m
        [36m</section>[39m
        [36m<section[39m
          [33maria-labelledby[39m=[32m"_r_1e_"[39m
          [33mclass[39m=[32m"ah-tasks"[39m
        [36m>[39m
          [36m<header[39m
            [33mclass[39m=[32m"ah-tasks__header"[39m
          [36m>[39m
            [36m<h2[39m
              [33mclass[39m=[32m"ah-tasks__title"[39m
              [33mid[39m=[32m"_r_1e_"[39m
            [36m>[39m
              [0mTasques[0m
            [36m</h2>[39m
            [36m<button[39m
              [33mclass[39m=[32m"ah-button ah-button--ghost ah-tasks__add"[39m
              [33mtype[39m=[32m"button"[39m
            [36m>[39m
              [36m<span[39m
                [33mclass[39m=[32m"ah-button__content"[39m
              [36m>[39m
                [36m<svg[39m
                  [33maria-hidden[39m=[32m"true"[39m
                  [33mclass[39m=[32m"ah-icon"[39m
                [36m>[39m
                  [36m<use[39m
                    [33mhref[39m=[32m"http://localhost:3000/@fs/Users/jordib/dev/agilityhub/agilityhub-core-web/packages/ui/src/icons/sprite.svg#i-plus"[39m
                  [36m/>[39m
                [36m</svg>[39m
                [0m [0m
                [0mAfegir[0m
              [36m</span>[39m
            [36m</button>[39m
          [36m</header>[39m
          [36m<ul[39m
            [33mclass[39m=[32m"ah-tasks__list"[39m
          [36m>[39m
            [36m<li[39m
              [33mclass[39m=[32m"ah-task ah-task--pending"[39m
            [36m>[39m
              [36m<div[39m
                [33mclass[39m=[32m"ah-task__head"[39m
              [36m>[39m
                [36m<span[39m
                  [33mclass[39m=[32m"ah-badge ah-tone--warning"[39m
                [36m>[39m
                  [0mpendent[0m
                [36m</span>[39m
                [36m<span[39m
                  [33mclass[39m=[32m"ah-task__actions"[39m
                [36m>[39m
                  [36m<button[39m
                    [33maria-label[39m=[32m"Marca-la com a feta"[39m
                    [33mclass[39m=[32m"ah-button ah-button--ghost ah-icon-button"[39m
                    [33mtype[39m=[32m"button"[39m
                  [36m>[39m
                    [36m<span[39m
                      [33mclass[39m=[32m"ah-button__content"[39m
                    [36m>[39m
                      [36m<svg[39m
                        [33maria-hidden[39m=[32m"true"[39m
                        [33mclass[39m=[32m"ah-icon"[39m
                      [36m...
 × src/instructor/tasks.test.tsx > E6-W02 round 2 (review of 30-09): screen 26 > #4 (AGENTS rule 4): a clip that cannot be opened says why next to it — by its code, or «No s'ha pogut obrir el fitxer.» without an answer — on the list, the member's note and the history drawer 10022ms
   → Unable to find role="alert"

Ignored nodes: comments, script, style
[36m<li[39m
  [33mclass[39m=[32m"ah-task ah-task--pending"[39m
[36m>[39m
  [36m<div[39m
    [33mclass[39m=[32m"ah-task__head"[39m
  [36m>[39m
    [36m<span[39m
      [33mclass[39m=[32m"ah-badge ah-tone--warning"[39m
    [36m>[39m
      [0mpendent[0m
    [36m</span>[39m
    [36m<span[39m
      [33mclass[39m=[32m"ah-task__actions"[39m
    [36m>[39m
      [36m<button[39m
        [33maria-label[39m=[32m"Marca-la com a feta"[39m
        [33mclass[39m=[32m"ah-button ah-button--ghost ah-icon-button"[39m
        [33mtype[39m=[32m"button"[39m
      [36m>[39m
        [36m<span[39m
          [33mclass[39m=[32m"ah-button__content"[39m
        [36m>[39m
          [36m<svg[39m
            [33maria-hidden[39m=[32m"true"[39m
            [33mclass[39m=[32m"ah-icon"[39m
          [36m>[39m
            [36m<use[39m
              [33mhref[39m=[32m"http://localhost:3000/@fs/Users/jordib/dev/agilityhub/agilityhub-core-web/packages/ui/src/icons/sprite.svg#i-check"[39m
            [36m/>[39m
          [36m</svg>[39m
        [36m</span>[39m
      [36m</button>[39m
      [36m<button[39m
        [33maria-label[39m=[32m"Edita la tasca"[39m
        [33mclass[39m=[32m"ah-button ah-button--ghost ah-icon-button"[39m
        [33mtype[39m=[32m"button"[39m
      [36m>[39m
        [36m<span[39m
          [33mclass[39m=[32m"ah-button__content"[39m
        [36m>[39m
          [36m<svg[39m
            [33maria-hidden[39m=[32m"true"[39m
            [33mclass[39m=[32m"ah-icon"[39m
          [36m>[39m
            [36m<use[39m
              [33mhref[39m=[32m"http://localhost:3000/@fs/Users/jordib/dev/agilityhub/agilityhub-core-web/packages/ui/src/icons/sprite.svg#i-edit"[39m
            [36m/>[39m
          [36m</svg>[39m
        [36m</span>[39m
      [36m</button>[39m
      [36m<button[39m
        [33maria-label[39m=[32m"Elimina la tasca"[39m
        [33mclass[39m=[32m"ah-button ah-button--ghost ah-icon-button"[39m
        [33mtype[39m=[32m"button"[39m
      [36m>[39m
        [36m<span[39m
          [33mclass[39m=[32m"ah-button__content"[39m
        [36m>[39m
          [36m<svg[39m
            [33maria-hidden[39m=[32m"true"[39m
            [33mclass[39m=[32m"ah-icon"[39m
          [36m>[39m
            [36m<use[39m
              [33mhref[39m=[32m"http://localhost:3000/@fs/Users/jordib/dev/agilityhub/agilityhub-core-web/packages/ui/src/icons/sprite.svg#i-x"[39m
            [36m/>[39m
          [36m</svg>[39m
        [36m</span>[39m
      [36m</button>[39m
    [36m</span>[39m
  [36m</div>[39m
  [36m<p[39m
    [33mclass[39m=[32m"ah-task__text"[39m
  [36m>[39m
    [0mAquesta setmana practiqueu el balancí amb calma: sessions curtes i moltes recompenses[0m
  [36m</p>[39m
  [36m<p[39m
    [33mclass[39m=[32m"ah-task__meta"[39m
  [36m>[39m
    [36m<span>[39m
      [0m31-07 · Estel[0m
      [0m · [0m
    [36m</span>[39m
    [36m<span[39m
      [33mclass[39m=[32m"ah-attachment-chips"[39m
    [36m>[39m
      [36m<span[39m
        [33mclass[39m=[32m"ah-attachment-chip"[39m
      [36m>[39m
        [36m<button[39m
          [33mclass[39m=[32m"ah-attachment-chip__open"[39m
          [33mtype[39m=[32m"button"[39m
        [36m>[39m
          [36m<svg[39m
            [33maria-hidden[39m=[32m"true"[39m
            [33mclass[39m=[32m"ah-icon"[39m
          [36m>[39m
            [36m<use[39m
              [33mhref[39m=[32m"http://localhost:3000/@fs/Users/jordib/dev/agilityhub/agilityhub-core-web/packages/ui/src/icons/sprite.svg#i-clip"[39m
            [36m/>[39m
          [36m</svg>[39m
          [36m<span>[39m
            [0mvídeo_balancí.mp4[0m
          [36m</span>[39m
        [36m</button>[39m
      [36m</span>[39m
    [36m</span>[39m
  [36m</p>[39m
[36m</li>[39m

Ignored nodes: comments, script, style
[36m<li[39m
  [33mclass[39m=[32m"ah-task ah-task--pending"[39m
[36m>[39m
  [36m<div[39m
    [33mclass[39m=[32m"ah-task__head"[39m
  [36m>[39m
    [36m<span[39m
      [33mclass[39m=[32m"ah-badge ah-tone--warning"[39m
    [36m>[39m
      [0mpendent[0m
    [36m</span>[39m
    [36m<span[39m
      [33mclass[39m=[32m"ah-task__actions"[39m
    [36m>[39m
      [36m<button[39m
        [33maria-label[39m=[32m"Marca-la com a feta"[39m
        [33mclass[39m=[32m"ah-button ah-button--ghost ah-icon-button"[39m
        [33mtype[39m=[32m"button"[39m
      [36m>[39m
        [36m<span[39m
          [33mclass[39m=[32m"ah-button__content"[39m
        [36m>[39m
          [36m<svg[39m
            [33maria-hidden[39m=[32m"true"[39m
            [33mclass[39m=[32m"ah-icon"[39m
          [36m>[39m
            [36m<use[39m
              [33mhref[39m=[32m"http://localhost:3000/@fs/Users/jordib/dev/agilityhub/agilityhub-core-web/packages/ui/src/icons/sprite.svg#i-check"[39m
            [36m/>[39m
          [36m</svg>[39m
        [36m</span>[39m
      [36m</button>[39m
      [36m<button[39m
        [33maria-label[39m=[32m"Edita la tasca"[39m
        [33mclass[39m=[32m"ah-button ah-button--ghost ah-icon-button"[39m
        [33mtype[39m=[32m"button"[39m
      [36m>[39m
        [36m<span[39m
          [33mclass[39m=[32m"ah-button__content"[39m
        [36m>[39m
          [36m<svg[39m
            [33maria-hidden[39m=[32m"true"[39m
            [33mclass[39m=[32m"ah-icon"[39m
          [36m>[39m
            [36m<use[39m
              [33mhref[39m=[32m"http://localhost:3000/@fs/Users/jordib/dev/agilityhub/agilityhub-core-web/packages/ui/src/icons/sprite.svg#i-edit"[39m
            [36m/>[39m
          [36m</svg>[39m
        [36m</span>[39m
      [36m</button>[39m
      [36m<button[39m
        [33maria-label[39m=[32m"Elimina la tasca"[39m
        [33mclass[39m=[32m"ah-button ah-button--ghost ah-icon-button"[39m
        [33mtype[39m=[32m"button"[39m
      [36m>[39m
        [36m<span[39m
          [33mclass[39m=[32m"ah-button__content"[39m
        [36m>[39m
          [36m<svg[39m
            [33maria-hidden[39m=[32m"true"[39m
            [33mclass[39m=[32m"ah-icon"[39m
          [36m>[39m
            [36m<use[39m
              [33mhref[39m=[32m"http://localhost:3000/@fs/Users/jordib/dev/agilityhub/agilityhub-core-web/packages/ui/src/icons/sprite.svg#i-x"[39m
            [36m/>[39m
          [36m</svg>[39m
        [36m</span>[39m
      [36m</button>[39m
    [36m</span>[39m
  [36m</div>[39m
  [36m<p[39m
    [33mclass[39m=[32m"ah-task__text"[39m
  [36m>[39m
    [0mAquesta setmana practiqueu el balancí amb calma: sessions curtes i moltes recompenses[0m
  [36m</p>[39m
  [36m<p[39m
    [33mclass[39m=[32m"ah-task__meta"[39m
  [36m>[39m
    [36m<span>[39m
      [0m31-07 · Estel[0m
      [0m · [0m
    [36m</span>[39m
    [36m<span[39m
      [33mclass[39m=[32m"ah-attachment-chips"[39m
    [36m>[39m
      [36m<span[39m
        [33mclass[39m=[32m"ah-attachment-chip"[39m
      [36m>[39m
        [36m<button[39m
          [33mclass[39m=[32m"ah-attachment-chip__open"[39m
          [33mtype[39m=[32m"button"[39m
        [36m>[39m
          [36m<svg[39m
            [33maria-hidden[39m=[32m"true"[39m
            [33mclass[39m=[32m"ah-icon"[39m
          [36m>[39m
            [36m<use[39m
              [33mhref[39m=[32m"http://localhost:3000/@fs/Users/jordib/dev/agilityhub/agilityhub-core-web/packages/ui/src/icons/sprite.svg#i-clip"[39m
            [36m/>[39m
          [36m</svg>[39m
          [36m<span>[39m
            [0mvídeo_balancí.mp4[0m
          [36m</span>[39m
        [36m</button>[39m
      [36m</span>[39m
    [36m</span>[39m
  [36m</p>[39m
[36m</li>[39m
 × src/instructor/tasks.test.tsx > E6-W02 round 2 (review of 30-09): screen 26 > #7 (ruling E74): an instructor cannot read the file limits, so a 30 MB file is checked by the signed-url request: FILE_TOO_LARGE by its code, and nothing is PUT nor registered — an observation file and a new task's file 10076ms
   → Unable to find role="alert"

Ignored nodes: comments, script, style
[36m<section[39m
  [33maria-labelledby[39m=[32m"_r_1k_"[39m
  [33mclass[39m=[32m"ah-tasks"[39m
[36m>[39m
  [36m<header[39m
    [33mclass[39m=[32m"ah-tasks__header"[39m
  [36m>[39m
    [36m<h2[39m
      [33mclass[39m=[32m"ah-tasks__title"[39m
      [33mid[39m=[32m"_r_1k_"[39m
    [36m>[39m
      [0mTasques[0m
    [36m</h2>[39m
  [36m</header>[39m
  [36m<form[39m
    [33maria-label[39m=[32m"Nova tasca"[39m
    [33mclass[39m=[32m"ah-task ah-task--form"[39m
  [36m>[39m
    [36m<label[39m
      [33mclass[39m=[32m"ah-sr-only"[39m
      [33mfor[39m=[32m"_r_1k_-new"[39m
    [36m>[39m
      [0mText de la tasca nova[0m
    [36m</label>[39m
    [36m<textarea[39m
      [33mclass[39m=[32m"ah-input ah-textarea"[39m
      [33mid[39m=[32m"_r_1k_-new"[39m
      [33mmaxlength[39m=[32m"2000"[39m
      [33mrows[39m=[32m"3"[39m
    [36m>[39m
      [0mSalts amb calma[0m
    [36m</textarea>[39m
    [36m<span[39m
      [33mclass[39m=[32m"ah-attachment-chips"[39m
    [36m>[39m
      [36m<span[39m
        [33mclass[39m=[32m"ah-attachment-chip"[39m
      [36m>[39m
        [36m<button[39m
          [33mclass[39m=[32m"ah-attachment-chip__open"[39m
          [33mtype[39m=[32m"button"[39m
        [36m>[39m
          [36m<svg[39m
            [33maria-hidden[39m=[32m"true"[39m
            [33mclass[39m=[32m"ah-icon"[39m
          [36m>[39m
            [36m<use[39m
              [33mhref[39m=[32m"http://localhost:3000/@fs/Users/jordib/dev/agilityhub/agilityhub-core-web/packages/ui/src/icons/sprite.svg#i-clip"[39m
            [36m/>[39m
          [36m</svg>[39m
          [36m<span>[39m
            [0mvídeo_llarg.mp4[0m
          [36m</span>[39m
        [36m</button>[39m
        [36m<button[39m
          [33maria-label[39m=[32m"Treu vídeo_llarg.mp4"[39m
          [33mclass[39m=[32m"ah-button ah-button--ghost ah-icon-button ah-attachment-chip__remove"[39m
          [33mtype[39m=[32m"button"[39m
        [36m>[39m
          [36m<span[39m
            [33mclass[39m=[32m"ah-button__content"[39m
          [36m>[39m
            [36m<svg[39m
              [33maria-hidden[39m=[32m"true"[39m
              [33mclass[39m=[32m"ah-icon"[39m
            [36m>[39m
              [36m<use[39m
                [33mhref[39m=[32m"http://localhost:3000/@fs/Users/jordib/dev/agilityhub/agilityhub-core-web/packages/ui/src/icons/sprite.svg#i-x"[39m
              [36m/>[39m
            [36m</svg>[39m
          [36m</span>[39m
        [36m</button>[39m
      [36m</span>[39m
    [36m</span>[39m
    [36m<div[39m
      [33mclass[39m=[32m"ah-task__form-actions"[39m
    [36m>[39m
      [36m<span[39m
        [33mclass[39m=[32m"ah-attachment-picker"[39m
      [36m>[39m
        [36m<button[39m
          [33mclass[39m=[32m"ah-button ah-button--ghost"[39m
          [33mtype[39m=[32m"button"[39m
        [36m>[39m
          [36m<span[39m
            [33mclass[39m=[32m"ah-button__content"[39m
          [36m>[39m
            [36m<svg[39m
              [33maria-hidden[39m=[32m"true"[39m
              [33mclass[39m=[32m"ah-icon"[39m
            [36m>[39m
              [36m<use[39m
                [33mhref[39m=[32m"http://localhost:3000/@fs/Users/jordib/dev/agilityhub/agilityhub-core-web/packages/ui/src/icons/sprite.svg#i-clip"[39m
              [36m/>[39m
            [36m</svg>[39m
            [0m [0m
            [0mAdjunta un fitxer[0m
          [36m</span>[39m
        [36m</button>[39m
        [36m<input[39m
          [33maria-label[39m=[32m"Adjunta un fitxer"[39m
          [33mclass[39m=[32m"ah-sr-only"[39m
          [33mmultiple[39m=[32m""[39m
          [33mtabindex[39m=[32m"-1"[39m
          [33mtype[39m=[32m"file"[39m
        [36m/>[39m
      [36m</span>[39m
      [36m<button[39m
        [33mclass[39m=[32m"ah-button ah-button--ghost"[39m
        [33mtype[39m=[32m"button"[39m
      [36m>[39m
        [36m<span[39m
          [33mclass[39m=[32m"ah-button__content"[39m
        [36m>[39m
          [0mCancel·la[0m
        [36m</span>[39m
      [36m</button>[39m
      [36m<button[39m
        [33mclass[39m=[32m"ah-button ah-button--primary"[39m
        [33mtype[39m=[32m"submit"[39m
      [36m>[39m
        [36m<span[39m
          [33mclass[39m=[32m"ah-button__content"[39m
        [36m>[39m
          [0mAfegeix[0m
        [36m</span>[39m
      [36m</button>[39m
    [36m</div>[39m
  [36m</form>[39m
  [36m<ul[39m
    [33mclass[39m=[32m"ah-tasks__list"[39m
  [36m>[39m
    [36m<li[39m
      [33mclass[39m=[32m"ah-task ah-task--pending"[39m
    [36m>[39m
      [36m<div[39m
        [33mclass[39m=[32m"ah-task__head"[39m
      [36m>[39m
        [36m<span[39m
          [33mclass[39m=[32m"ah-badge ah-tone--warning"[39m
        [36m>[39m
          [0mpendent[0m
        [36m</span>[39m
        [36m<span[39m
          [33mclass[39m=[32m"ah-task__actions"[39m
        [36m>[39m
          [36m<button[39m
            [33maria-label[39m=[32m"Marca-la com a feta"[39m
            [33mclass[39m=[32m"ah-button ah-button--ghost ah-icon-button"[39m
            [33mtype[39m=[32m"button"[39m
          [36m>[39m
            [36m<span[39m
              [33mclass[39m=[32m"ah-button__content"[39m
            [36m>[39m
              [36m<svg[39m
                [33maria-hidden[39m=[32m"true"[39m
                [33mclass[39m=[32m"ah-icon"[39m
              [36m>[39m
                [36m<use[39m
                  [33mhref[39m=[32m"http://localhost:3000/@fs/Users/jordib/dev/agilityhub/agilityhub-core-web/packages/ui/src/icons/sprite.svg#i-check"[39m
                [36m/>[39m
              [36m</svg>[39m
            [36m</span>[39m
          [36m</button>[39m
          [36m<button[39m
            [33maria-label[39m=[32m"Edita la tasca"[39m
            [33mclass[39m=[32m"ah-button ah-button--ghost ah-icon-button"[39m
            [33mtype[39m=[32m"button"[39m
          [36m>[39m
            [36m<span[39m
              [33mclass[39m=[32m"ah-button__content"[39m
            [36m>[39m
              [36m<svg[39m
                [33maria-hidden[39m=[32m"true"[39m
                [33mclass[39m=[32m"ah-icon"[39m
              [36m>[39m
                [36m<use[39m
                  [33mhref[39m=[32m"http://localhost:3000/@fs/Users/jordib/dev/agilityhub/agilityhub-core-web/packages/ui/src/icons/sprite.svg#i-edit"[39m
                [36m/>[39m
              [36m</svg>[39m
            [36m</span>[39m
          [36m</button>[39m
          [36m<button[39m
            [33maria-label[39m=[32m"Elimina la tasca"[39m
            [33mclass[39m=[32m"ah-button ah-button--ghost ah-icon-button"[39m
            [33mtype[39m=[32m"button"[39m
          [36m>[39m
            [36m<span[39m
              [33mclass[39m=[32m"ah-button__content"[39m
            [36m>[39m
              [36m<svg[39m
                [33maria-hidden[39m=[32m"true"[39m
                [33mclass[39m=[32m"ah-icon"[39m
              [36m>[39m
                [36m<use[39m
                  [33mhref[39m=[32m"http://localhost:3000/@fs/Users/jordib/dev/agilityhub/agilityhub-core-web/packages/ui/src/icons/sprite.svg#i-x"[39m
                [36m/>[39m
              [36m</svg>[39m
            [36m</span>[39m
          [36m</button>[39m
        [36m</span>[39m
      [36m</div>[39m
      [36m<p[39m
        [33mclass[39m=[32m"ah-task__text"[39m
      [36m>[39m
        [0mAquesta setmana practiqueu el balancí amb calma: sessions curtes i moltes recompenses[0m
      [36m</p>[39m
      [36m<p[39m
        [33mclass[39m=[32m"ah-task__meta"[39m
      [36m>[39m
        [36m<span>[39m
          [0m31-07 · Estel[0m
          [0m · [0m
        [36m</span>[39m
        [36m<span[39m
          [33mclass[39m=[32m"ah-attachment-chips"[39m
        [36m>[39m
          [36m<span[39m
            [33mclass[39m=[32m"ah-attachment-chip"[39m
          [36m>[39m
            [36m<button[39m
              [33mclass[39m=[32m"ah-attachment-chip__open"[39m
              [33mtype[39m=[32m"button"[39m
            [36m>[39m
              [36m<svg[39m
                [33maria-hidden[39m=[32m"true"[39m
                [33mclass[39m=[32m"ah-icon"[39m
              [36m>[39m
                [36m<use[39m
                  [33mhref[39m=[32m"http://localhost:3000/@fs/Users/jordib/dev/agilityhub/agilityhub-core-web/packages/ui/src/icons/sprite.svg#i-clip"[39m
                [36m/>[39m
              [36m</svg>[39m
              [36m<span>[39m
                [0mvídeo_balancí.mp4[0m
              [36m</span>[39m
            [36m</button>[39m
          [36m</span>[39m
        [36m</span>[39m
      [36m</p>[39m
    [36m</li>[39m
    [36m<li[39m
      [33mclass[39m=[32m"ah-task ah-task--pending"[39m
    [36m>[39m
      [36m<div[39m
        [33mclass[39m=[32m"ah-task__head"[39m
      [36m>[39m
        [36m<span[39m
          [33mclass[39m=[32m"ah-badge ah-tone--warning"[39m
        [36m>[39m
          [0mpendent[0m
        [36m</span>[39m
        [36m<span[39m
          [33mclass[39m=[32m"ah-task__actions"[39m
        [36m>[39m
          [36m<button[39m
            [33maria-label[39m=[32m"Marca-la com a feta"[39m
            [33mclass[39m=[32m"ah-button ah-button--ghost ah-icon-button"[39m
            [33mtype[39m=[32m"button"[39m
          [36m>[39m
            [36m<span[39m
              [33mclass[39m=[32m"ah-button__content"[39m
            [36m>[39m
              [36m<svg[39m
                [33maria-hidden[39m=[32m"true"[39m
                [33mclass[39m=[32m"ah-icon"[39m
              [36m>[39m
                [36m<use[39m
                  [33mhref[39m=[32m"http://localhost:3000/@fs/Users/jordib/dev/agilityhub/agilityhub-core-web/packages/ui/src/icons/sprite.svg#i-check"[39m
                [36m/>[39m
              [36m</svg>[39m
            [36m</span>[39m
          [36m</button>[39m
          [36m<button[39m
            [33maria-label[39m=[32m"Edita la tasca"[39m
            [33mclass[39m=[32m"ah-button ah-button--ghost ah-icon-button"[39m
            [33mtype[39m=[32m"button"[39m
          [36m>[39m
            [36m<span[39m
              [33mclass[39m=[32m"ah-button__content"[39m
            [36m>[39m
              [36m<svg[39m
                [33maria-hidden[39m=[32m"true"[39m
                [33mclass[39m=[32m"ah-icon"[39m
              [36m>[39m
                [36m<use[39m
                  [33mhref[39m=[32m"http://localhost:3000/@fs/Users/jordib/dev/agilityhub/agilityhub-core-web/packages/ui/src/icons/sprite.svg#i-edit"[39m
                [36m/>[39m
              [36m</svg>[39m
            [36m</span>[39m
          [36m</button>[39m
          [36m<button[39m
            [33maria-label[39m=[32m"Elimina la tasca"[39m
            [33mclass[39m=[32m"ah-button ah-button--ghost ah-icon-button"[39m
            [33mtype[39m=[32m"button"[39m
          [36m>[39m
            [36m<span[39m
              [33mclass[39m=[32m"ah-button__content"[39m
            [36m>[39m
              [36m<svg[39m
                [33maria-hidden[39m=[32m"true"[39m
                [33mclass[39m=[32m"ah-icon"[39m
              [36m>[39m
                [36m<use[39m
                  [33mhref[39m=[32m"http://localhost:3000/@fs/Users/jordib/dev/agilityhub/agilityhub-core-web/packages/ui/src/icons/sprite.svg#i-x"[39m
                [36m/>[39m
              [36m</svg>[39m
            [36m</span>[39m
          [36m</button>[39m
        [36m</span>[39m
      [36m</div>[39m
      [36m<p[39m
        [33mclass[39m=[32m"ah-task__text"[39m
      [36m>[39m
        [0mRepasseu la taula de contactes al jardí, 5 minuts al dia[0m
      [36m</p>[39m
      [36m<p[39m
        [33mclass[39m=[32m"ah-task__meta"[39m
      [36m>[39m
        [36m<span>[39m
          [0m30-07 · Marc[0m
        [36m</span>[39m
      [36m</p>[39m
    [36m</li>[39m
    [36m<li[39m
      [33mclass[39m=[32m"ah-task ah-task--done"[39m
    [36m>[39m
      [36m<div[39m
        [33mclass[39m=[32m"ah-task__head"[39m
      [36m>[39m
        [36m<span[39m
          [33mclass[39m=[32m"ah-badge ah-tone--success"[39m
        [36m>[39m
          [0mfeta[0m
        [36m</span>[39m
        [36m<span[39m
          [33mclass[39m=[32m"ah-task__actions"[39m
        [36m>[39m
          [36m<button[39m
            [33maria-label[39m=[32m"Torna-la a pendent"[39m
            [33mclass[39m=[32m"ah-button ah-button--ghost ah-icon-button"[39m
            [33mtype[39m=[32m"button"[39m
          [36m>[39m
            [36m<span[39m
              [33mclass[39m=[32m"ah-button__content"[39m
            [36m>[39m
              [36m<svg[39m
                [33maria-hidden[39m=[32m"true"[39m
                [33mclass[39m=[32m"ah-icon"[39m
              [36m>[39m
                [36m<use[39m
                  [33mhref[39m=[32m"http://localhost:3000/@fs/Users/jordib/dev/agilityhub/agilityhub-core-web/packages/ui/src/icons/sprite.svg#i-undo"[39m
                [36m/>[39m
              [36m</svg>[39m
            [36m</span>[39m
          [36m</button>[39m
          [36m<button[39m
            [33maria-label[39m=[32m"Elimina la tasca"[39m
            [33mclass[39m=[32m"ah-button ah-button--ghost ah-icon-button"[39m
            [33mtype[39m=[32m"button"[39m
          [36m>[39m
            [36m<span[39m
              [33mclass[39m=[32m"ah-button__content"[39m
            [36m>[39m
              [36m<svg[39m
                [33maria-hidden[39m=[32m"true"[39m
                [33mclass[39m=[32m"ah-icon"[39m
              [36m>[39m
                [36m<use[39m
                  [33mhref[39m=[32m"http://localhost:3000/@fs/Users/jordib/dev/agilityhub/agilityhub-core-web/packages/ui/src/icons/sprite.svg#i-x"[39m
                [36m/>[39m
              [36m</svg>[39m
            [36m</span>[39m
          [36m</button>[39m
        [36m</span>[39m
      [36m</div>[39m
      [36m<p[39m
        [33mclass[39m=[32m"ah-task__text"[39m
      [36m>[39m
        [0mTreballar l'«espera» a la línia de sortida[0m
      [36m</p>[39m
      [36m<p[39m
        [33mclass[39m=[32m"ah-task__meta"[39m
      [36m>[39m
        [36m<span>[39m
          [0m28-07 · Estel[0m
          [0m · feta per la Laura el 02-08[0m
        [36m</span>[39m
      [36m</p>[39m
    [36m</li>[39m
  [36m</ul>[39m
[36m</section>[39m

Ignored nodes: comments, script, style
[36m<section[39m
  [33maria-labelledby[39m=[32m"_r_1k_"[39m
  [33mclass[39m=[32m"ah-tasks"[39m
[36m>[39m
  [36m<header[39m
    [33mclass[39m=[32m"ah-tasks__header"[39m
  [36m>[39m
    [36m<h2[39m
      [33mclass[39m=[32m"ah-tasks__title"[39m
      [33mid[39m=[32m"_r_1k_"[39m
    [36m>[39m
      [0mTasques[0m
    [36m</h2>[39m
  [36m</header>[39m
  [36m<form[39m
    [33maria-label[39m=[32m"Nova tasca"[39m
    [33mclass[39m=[32m"ah-task ah-task--form"[39m
  [36m>[39m
    [36m<label[39m
      [33mclass[39m=[32m"ah-sr-only"[39m
      [33mfor[39m=[32m"_r_1k_-new"[39m
    [36m>[39m
      [0mText de la tasca nova[0m
    [36m</label>[39m
    [36m<textarea[39m
      [33mclass[39m=[32m"ah-input ah-textarea"[39m
      [33mid[39m=[32m"_r_1k_-new"[39m
      [33mmaxlength[39m=[32m"2000"[39m
      [33mrows[39m=[32m"3"[39m
    [36m>[39m
      [0mSalts amb calma[0m
    [36m</textarea>[39m
    [36m<span[39m
      [33mclass[39m=[32m"ah-attachment-chips"[39m
    [36m>[39m
      [36m<span[39m
        [33mclass[39m=[32m"ah-attachment-chip"[39m
      [36m>[39m
        [36m<button[39m
          [33mclass[39m=[32m"ah-attachment-chip__open"[39m
          [33mtype[39m=[32m"button"[39m
        [36m>[39m
          [36m<svg[39m
            [33maria-hidden[39m=[32m"true"[39m
            [33mclass[39m=[32m"ah-icon"[39m
          [36m>[39m
            [36m<use[39m
              [33mhref[39m=[32m"http://localhost:3000/@fs/Users/jordib/dev/agilityhub/agilityhub-core-web/packages/ui/src/icons/sprite.svg#i-clip"[39m
            [36m/>[39m
          [36m</svg>[39m
          [36m<span>[39m
            [0mvídeo_llarg.mp4[0m
          [36m</span>[39m
        [36m</button>[39m
        [36m<button[39m
          [33maria-label[39m=[32m"Treu vídeo_llarg.mp4"[39m
          [33mclass[39m=[32m"ah-button ah-button--ghost ah-icon-button ah-attachment-chip__remove"[39m
          [33mtype[39m=[32m"button"[39m
        [36m>[39m
          [36m<span[39m
            [33mclass[39m=[32m"ah-button__content"[39m
          [36m>[39m
            [36m<svg[39m
              [33maria-hidden[39m=[32m"true"[39m
              [33mclass[39m=[32m"ah-icon"[39m
            [36m>[39m
              [36m<use[39m
                [33mhref[39m=[32m"http://localhost:3000/@fs/Users/jordib/dev/agilityhub/agilityhub-core-web/packages/ui/src/icons/sprite.svg#i-x"[39m
              [36m/>[39m
            [36m</svg>[39m
          [36m</span>[39m
        [36m</button>[39m
      [36m</span>[39m
    [36m</span>[39m
    [36m<div[39m
      [33mclass[39m=[32m"ah-task__form-actions"[39m
    [36m>[39m
      [36m<span[39m
        [33mclass[39m=[32m"ah-attachment-picker"[39m
      [36m>[39m
        [36m<button[39m
          [33mclass[39m=[32m"ah-button ah-button--ghost"[39m
          [33mtype[39m=[32m"button"[39m
        [36m>[39m
          [36m<span[39m
            [33mclass[39m=[32m"ah-button__content"[39m
          [36m>[39m
            [36m<svg[39m
              [33maria-hidden[39m=[32m"true"[39m
              [33mclass[39m=[32m"ah-icon"[39m
            [36m>[39m
              [36m<use[39m
                [33mhref[39m=[32m"http://localhost:3000/@fs/Users/jordib/dev/agilityhub/agilityhub-core-web/packages/ui/src/icons/sprite.svg#i-clip"[39m
              [36m/>[39m
            [36m</svg>[39m
            [0m [0m
            [0mAdjunta un fitxer[0m
          [36m</span>[39m
        [36m</button>[39m
        [36m<input[39m
          [33maria-label[39m=[32m"Adjunta un fitxer"[39m
          [33mclass[39m=[32m"ah-sr-only"[39m
          [33mmultiple[39m=[32m""[39m
          [33mtabindex[39m=[32m"-1"[39m
          [33mtype[39m=[32m"file"[39m
        [36m/>[39m
      [36m</span>[39m
      [36m<button[39m
        [33mclass[39m=[32m"ah-button ah-button--ghost"[39m
        [33mtype[39m=[32m"button"[39m
      [36m>[39m
        [36m<span[39m
          [33mclass[39m=[32m"ah-button__content"[39m
        [36m>[39m
          [0mCancel·la[0m
        [36m</span>[39m
      [36m</button>[39m
      [36m<button[39m
        [33mclass[39m=[32m"ah-button ah-button--primary"[39m
        [33mtype[39m=[32m"submit"[39m
      [36m>[39m
        [36m<span[39m
          [33mclass[39m=[32m"ah-button__content"[39m
        [36m>[39m
          [0mAfegeix[0m
        [36m</span>[39m
      [36m</button>[39m
    [36m</div>[39m
  [36m</form>[39m
  [36m<ul[39m
    [33mclass[39m=[32m"ah-tasks__list"[39m
  [36m>[39m
    [36m<li[39m
      [33mclass[39m=[32m"ah-task ah-task--pending"[39m
    [36m>[39m
      [36m<div[39m
        [33mclass[39m=[32m"ah-task__head"[39m
      [36m>[39m
        [36m<span[39m
          [33mclass[39m=[32m"ah-badge ah-tone--warning"[39m
        [36m>[39m
          [0mpendent[0m
        [36m</span>[39m
        [36m<span[39m
          [33mclass[39m=[32m"ah-task__actions"[39m
        [36m>[39m
          [36m<button[39m
            [33maria-label[39m=[32m"Marca-la com a feta"[39m
            [33mclass[39m=[32m"ah-button ah-button--ghost ah-icon-button"[39m
            [33mtype[39m=[32m"button"[39m
          [36m>[39m
            [36m<span[39m
              [33mclass[39m=[32m"ah-button__content"[39m
            [36m>[39m
              [36m<svg[39m
                [33maria-hidden[39m=[32m"true"[39m
                [33mclass[39m=[32m"ah-icon"[39m
              [36m>[39m
                [36m<use[39m
                  [33mhref[39m=[32m"http://localhost:3000/@fs/Users/jordib/dev/agilityhub/agilityhub-core-web/packages/ui/src/icons/sprite.svg#i-check"[39m
                [36m/>[39m
              [36m</svg>[39m
            [36m</span>[39m
          [36m</button>[39m
          [36m<button[39m
            [33maria-label[39m=[32m"Edita la tasca"[39m
            [33mclass[39m=[32m"ah-button ah-button--ghost ah-icon-button"[39m
            [33mtype[39m=[32m"button"[39m
          [36m>[39m
            [36m<span[39m
              [33mclass[39m=[32m"ah-button__content"[39m
            [36m>[39m
              [36m<svg[39m
                [33maria-hidden[39m=[32m"true"[39m
                [33mclass[39m=[32m"ah-icon"[39m
              [36m>[39m
                [36m<use[39m
                  [33mhref[39m=[32m"http://localhost:3000/@fs/Users/jordib/dev/agilityhub/agilityhub-core-web/packages/ui/src/icons/sprite.svg#i-edit"[39m
                [36m/>[39m
              [36m</svg>[39m
            [36m</span>[39m
          [36m</button>[39m
          [36m<button[39m
            [33maria-label[39m=[32m"Elimina la tasca"[39m
            [33mclass[39m=[32m"ah-button ah-button--ghost ah-icon-button"[39m
            [33mtype[39m=[32m"button"[39m
          [36m>[39m
            [36m<span[39m
              [33mclass[39m=[32m"ah-button__content"[39m
            [36m>[39m
              [36m<svg[39m
                [33maria-hidden[39m=[32m"true"[39m
                [33mclass[39m=[32m"ah-icon"[39m
              [36m>[39m
                [36m<use[39m
                  [33mhref[39m=[32m"http://localhost:3000/@fs/Users/jordib/dev/agilityhub/agilityhub-core-web/packages/ui/src/icons/sprite.svg#i-x"[39m
                [36m/>[39m
              [36m</svg>[39m
            [36m</span>[39m
          [36m</button>[39m
        [36m</span>[39m
      [36m</div>[39m
      [36m<p[39m
        [33mclass[39m=[32m"ah-task__text"[39m
      [36m>[39m
        [0mAquesta setmana practiqueu el balancí amb calma: sessions curtes i moltes recompenses[0m
      [36m</p>[39m
      [36m<p[39m
        [33mclass[39m=[32m"ah-task__meta"[39m
      [36m>[39m
        [36m<span>[39m
          [0m31-07 · Estel[0m
          [0m · [0m
        [36m</span>[39m
        [36m<span[39m
          [33mclass[39m=[32m"ah-attachment-chips"[39m
        [36m>[39m
          [36m<span[39m
            [33mclass[39m=[32m"ah-attachment-chip"[39m
          [36m>[39m
            [36m<button[39m
              [33mclass[39m=[32m"ah-attachment-chip__open"[39m
              [33mtype[39m=[32m"button"[39m
            [36m>[39m
              [36m<svg[39m
                [33maria-hidden[39m=[32m"true"[39m
                [33mclass[39m=[32m"ah-icon"[39m
              [36m>[39m
                [36m<use[39m
                  [33mhref[39m=[32m"http://localhost:3000/@fs/Users/jordib/dev/agilityhub/agilityhub-core-web/packages/ui/src/icons/sprite.svg#i-clip"[39m
                [36m/>[39m
              [36m</svg>[39m
              [36m<span>[39m
                [0mvídeo_balancí.mp4[0m
              [36m</span>[39m
            [36m</button>[39m
          [36m</span>[39m
        [36m</span>[39m
      [36m</p>[39m
    [36m</li>[39m
    [36m<li[39m
      [33mclass[39m=[32m"ah-task ah-task--pending"[39m
    [36m>[39m
      [36m<div[39m
        [33mclass[39m=[32m"ah-task__head"[39m
      [36m>[39m
        [36m<span[39m
          [33mclass[39m=[32m"ah-badge ah-tone--warning"[39m
        [36m>[39m
          [0mpendent[0m
        [36m</span>[39m
        [36m<span[39m
          [33mclass[39m=[32m"ah-task__actions"[39m
        [36m>[39m
          [36m<button[39m
            [33maria-label[39m=[32m"Marca-la com a feta"[39m
            [33mclass[39m=[32m"ah-button ah-button--ghost ah-icon-button"[39m
            [33mtype[39m=[32m"button"[39m
          [36m>[39m
            [36m<span[39m
              [33mclass[39m=[32m"ah-button__content"[39m
            [36m>[39m
              [36m<svg[39m
                [33maria-hidden[39m=[32m"true"[39m
                [33mclass[39m=[32m"ah-icon"[39m
              [36m>[39m
                [36m<use[39m
                  [33mhref[39m=[32m"http://localhost:3000/@fs/Users/jordib/dev/agilityhub/agilityhub-core-web/packages/ui/src/icons/sprite.svg#i-check"[39m
                [36m/>[39m
              [36m</svg>[39m
            [36m</span>[39m
          [36m</button>[39m
          [36m<button[39m
            [33maria-label[39m=[32m"Edita la tasca"[39m
            [33mclass[39m=[32m"ah-button ah-button--ghost ah-icon-button"[39m
            [33mtype[39m=[32m"button"[39m
          [36m>[39m
            [36m<span[39m
              [33mclass[39m=[32m"ah-button__content"[39m
            [36m>[39m
              [36m<svg[39m
                [33maria-hidden[39m=[32m"true"[39m
                [33mclass[39m=[32m"ah-icon"[39m
              [36m>[39m
                [36m<use[39m
                  [33mhref[39m=[32m"http://localhost:3000/@fs/Users/jordib/dev/agilityhub/agilityhub-core-web/packages/ui/src/icons/sprite.svg#i-edit"[39m
                [36m/>[39m
              [36m</svg>[39m
            [36m</span>[39m
          [36m</button>[39m
          [36m<button[39m
            [33maria-label[39m=[32m"Elimina la tasca"[39m
            [33mclass[39m=[32m"ah-button ah-button--ghost ah-icon-button"[39m
            [33mtype[39m=[32m"button"[39m
          [36m>[39m
            [36m<span[39m
              [33mclass[39m=[32m"ah-button__content"[39m
            [36m>[39m
              [36m<svg[39m
                [33maria-hidden[39m=[32m"true"[39m
                [33mclass[39m=[32m"ah-icon"[39m
              [36m>[39m
                [36m<use[39m
                  [33mhref[39m=[32m"http://localhost:3000/@fs/Users/jordib/dev/agilityhub/agilityhub-core-web/packages/ui/src/icons/sprite.svg#i-x"[39m
                [36m/>[39m
              [36m</svg>[39m
            [36m</span>[39m
          [36m</button>[39m
        [36m</span>[39m
      [36m</div>[39m
      [36m<p[39m
        [33mclass[39m=[32m"ah-task__text"[39m
      [36m>[39m
        [0mRepasseu la taula de contactes al jardí, 5 minuts al dia[0m
      [36m</p>[39m
      [36m<p[39m
        [33mclass[39m=[32m"ah-task__meta"[39m
      [36m>[39m
        [36m<span>[39m
          [0m30-07 · Marc[0m
        [36m</span>[39m
      [36m</p>[39m
    [36m</li>[39m
    [36m<li[39m
      [33mclass[39m=[32m"ah-task ah-task--done"[39m
    [36m>[39m
      [36m<div[39m
        [33mclass[39m=[32m"ah-task__head"[39m
      [36m>[39m
        [36m<span[39m
          [33mclass[39m=[32m"ah-badge ah-tone--success"[39m
        [36m>[39m
          [0mfeta[0m
        [36m</span>[39m
        [36m<span[39m
          [33mclass[39m=[32m"ah-task__actions"[39m
        [36m>[39m
          [36m<button[39m
            [33maria-label[39m=[32m"Torna-la a pendent"[39m
            [33mclass[39m=[32m"ah-button ah-button--ghost ah-icon-button"[39m
            [33mtype[39m=[32m"button"[39m
          [36m>[39m
            [36m<span[39m
              [33mclass[39m=[32m"ah-button__content"[39m
            [36m>[39m
              [36m<svg[39m
                [33maria-hidden[39m=[32m"true"[39m
                [33mclass[39m=[32m"ah-icon"[39m
              [36m>[39m
                [36m<use[39m
                  [33mhref[39m=[32m"http://localhost:3000/@fs/Users/jordib/dev/agilityhub/agilityhub-core-web/packages/ui/src/icons/sprite.svg#i-undo"[39m
                [36m/>[39m
              [36m</svg>[39m
            [36m</span>[39m
          [36m</button>[39m
          [36m<button[39m
            [33maria-label[39m=[32m"Elimina la tasca"[39m
            [33mclass[39m=[32m"ah-button ah-button--ghost ah-icon-button"[39m
            [33mtype[39m=[32m"button"[39m
          [36m>[39m
            [36m<span[39m
              [33mclass[39m=[32m"ah-button__content"[39m
            [36m>[39m
              [36m<svg[39m
                [33maria-hidden[39m=[32m"true"[39m
                [33mclass[39m=[32m"ah-icon"[39m
              [36m>[39m
                [36m<use[39m
                  [33mhref[39m=[32m"http://localhost:3000/@fs/Users/jordib/dev/agilityhub/agilityhub-core-web/packages/ui/src/icons/sprite.svg#i-x"[39m
                [36m/>[39m
              [36m</svg>[39m
            [36m</span>[39m
          [36m</button>[39m
        [36m</span>[39m
      [36m</div>[39m
      [36m<p[39m
        [33mclass[39m=[32m"ah-task__text"[39m
      [36m>[39m
        [0mTreballar l'«espera» a la línia de sortida[0m
      [36m</p>[39m
      [36m<p[39m
        [33mclass[39m=[32m"ah-task__meta"[39m
      [36m>[39m
        [36m<span>[39m
          [0m28-07 · Estel[0m
          [0m · feta per la Laura el 02-08[0m
        [36m</span>[39m
      [36m</p>[39m
    [36m</li>[39m
  [36m</ul>[39m
[36m</section>[39m
 ✓ src/instructor/tasks.test.tsx > 26's route (S10 §2): INSTRUCTOR and ADMIN, never an impersonation > an impersonated session reaching 26 reads «No es permet la suplantació.» and asks nothing 28ms

⎯⎯⎯⎯⎯⎯⎯ Failed Tests 6 ⎯⎯⎯⎯⎯⎯⎯

 FAIL  src/history/history.test.tsx > T-10-31 screen 25 «Històric» (S10 §2, R-10-14) > round 2 #5 (R-10-14, §9): a ?tipus= the club does not offer clears itself — historyNoModules with ?tipus=TRAINING drops it from the address and reads «Tot» again
AssertionError: expected 0 to be greater than 0

Ignored nodes: comments, script, style
[36m<html[39m
  [33mdata-theme[39m=[32m"dark"[39m
  [33mstyle[39m=[32m"color-scheme: dark; --ah-color-primary: #E26A2A; --ah-color-primary-fg: #0B0B0B; --ah-color-background: #0B0B0B; --ah-color-surface: #161616; --ah-color-surface-2: #1E1E1E; --ah-color-text: #FFFFFF; --ah-color-text-muted: #B5B5B5; --ah-color-border: #2B2B2B; --ah-color-success: #4CAF7D; --ah-color-warning: #E5B93C; --ah-color-danger: #E05B5B; --ah-color-info: #85B8E8; --ah-font-sans: Montserrat, system-ui, sans-serif; --ah-font-display: Montserrat, system-ui, sans-serif; --ah-radius-sm: 4px; --ah-radius-md: 4px; --ah-color-ring-1: #F2B58C; --ah-color-ring-2: #8FCE8F; --ah-color-ring-3: #C9CDD3; --ah-color-ring-4: #F5D67A; --ah-color-ring-5: #85B8E8;"[39m
[36m>[39m
  [36m<head />[39m
  [36m<body>[39m
    [36m<div>[39m
      [36m<section[39m
        [33mclass[39m=[32m"history-screen"[39m
      [36m>[39m
        [36m<header[39m
          [33mclass[39m=[32m"ah-app-bar history-screen__bar"[39m
        [36m>[39m
          [36m<div[39m
            [33mclass[39m=[32m"ah-app-bar__side"[39m
          [36m>[39m
            [36m<button[39m
              [33maria-label[39m=[32m"Torna"[39m
              [33mclass[39m=[32m"ah-button ah-button--ghost ah-icon-button history-screen__back"[39m
              [33mtype[39m=[32m"button"[39m
            [36m>[39m
              [36m<span[39m
                [33mclass[39m=[32m"ah-button__content"[39m
              [36m>[39m
                [36m<svg[39m
                  [33maria-hidden[39m=[32m"true"[39m
                  [33mclass[39m=[32m"ah-icon"[39m
                [36m>[39m
                  [36m<use[39m
                    [33mhref[39m=[32m"http://localhost:3000/@fs/Users/jordib/dev/agilityhub/agilityhub-core-web/packages/ui/src/icons/sprite.svg#i-chev"[39m
                  [36m/>[39m
                [36m</svg>[39m
              [36m</span>[39m
            [36m</button>[39m
          [36m</div>[39m
          [36m<div[39m
            [33mclass[39m=[32m"ah-app-bar__title"[39m
          [36m>[39m
            [36m<h1>[39m
              [0mHistòric[0m
            [36m</h1>[39m
          [36m</div>[39m
          [36m<div[39m
            [33mclass[39m=[32m"ah-app-bar__side ah-app-bar__side--end"[39m
          [36m/>[39m
        [36m</header>[39m
        [36m<div[39m
          [33maria-label[39m=[32m"Gossos"[39m
          [33mclass[39m=[32m"dog-chips"[39m
          [33mrole[39m=[32m"group"[39m
        [36m>[39m
          [36m<button[39m
            [33maria-pressed[39m=[32m"false"[39m
            [33mclass[39m=[32m"ah-chip dog-chip"[39m
            [33mtype[39m=[32m"button"[39m
          [36m>[39m
            [36m<svg[39m
              [33maria-hidden[39m=[32m"true"[39m
              [33mclass[39m=[32m"ah-icon"[39m
            [36m>[39m
              [36m<use[39m
                [33mhref[39m=[32m"http://localhost:3000/@fs/Users/jordib/dev/agilityhub/agilityhub-core-web/packages/ui/src/icons/sprite.svg#i-paw"[39m
              [36m/>[39m
            [36m</svg>[39m
            [0mDuna · C[0m
          [36m</button>[39m
          [36m<button[39m
            [33maria-pressed[39m=[32m"false"[39m
            [33mclass[39m=[32m"ah-chip dog-chip"[39m
            [33mtype[39m=[32m"button"[39m
          [36m>[39m
            [0mRock · D[0m
          [36m</button>[39m
          [36m<button[39m
            [33maria-pressed[39m=[32m"false"[39m
            [33mclass[39m=[32m"ah-chip dog-chip"[39m
            [33mtype[39m=[32m"button"[39m
          [36m>[39m
            [0mToby · B (Joan Antoni)[0m
          [36m</button>[39m
          [36m<button[39m
            [33maria-pressed[39m=[32m"true"[39m
            [33mclass[39m=[32m"ah-chip dog-chip dog-chip--selected"[39m
            [33mtype[39m=[32m"button"[39m
          [36m>[39m
            [0mTots[0m
          [36m</button>[39m
        [36m</div>[39m
        [36m<p[39m
          [33mclass[39m=[32m"history-screen__window"[39m
        [36m>[39m
          [0mDarrers 2 mesos, del més recent al més antic[0m
        [36m</p>[39m
        [36m<div[39m
          [33mclass[39m=[32m"ah-card"[39m
        [36m>[39m
          [36m<p>[39m
            [0mEncara no hi ha res a l'històric[0m
          [36m</p>[39m
        [36m</div>[39m
      [36m</section>[39m
    [36m</div>[39m
  [36m</body>[39m
[36m</html>[39m
 ❯ src/history/history.test.tsx:212:36
    210|     });
    211|     await waitFor(() => {
    212|       expect(historyRows().length).toBeGreaterThan(0);
       |                                    ^
    213|     });
    214|     expect(window.location.search).toBe("");
 ❯ runWithExpensiveErrorDiagnosticsDisabled ../../node_modules/.pnpm/@testing-library+dom@10.4.1/node_modules/@testing-library/dom/dist/config.js:47:12
 ❯ checkCallback ../../node_modules/.pnpm/@testing-library+dom@10.4.1/node_modules/@testing-library/dom/dist/wait-for.js:124:77
 ❯ Timeout.checkRealTimersCallback ../../node_modules/.pnpm/@testing-library+dom@10.4.1/node_modules/@testing-library/dom/dist/wait-for.js:118:16

⎯⎯⎯⎯⎯⎯⎯⎯⎯⎯⎯⎯⎯⎯⎯⎯⎯⎯⎯⎯⎯⎯⎯⎯[1/6]⎯

 FAIL  src/instructor/tasks.test.tsx > E6-W02 round 2 (review of 30-09): screen 26 > #1 (CONVENCIONS_API §7, T-10-25): a network failure keeps the submission's key, so its retry creates one task
TestingLibraryElementError: Unable to find role="alert"

Ignored nodes: comments, script, style
[36m<section[39m
  [33maria-labelledby[39m=[32m"_r_18_"[39m
  [33mclass[39m=[32m"ah-tasks"[39m
[36m>[39m
  [36m<header[39m
    [33mclass[39m=[32m"ah-tasks__header"[39m
  [36m>[39m
    [36m<h2[39m
      [33mclass[39m=[32m"ah-tasks__title"[39m
      [33mid[39m=[32m"_r_18_"[39m
    [36m>[39m
      [0mTasques[0m
    [36m</h2>[39m
  [36m</header>[39m
  [36m<form[39m
    [33maria-label[39m=[32m"Nova tasca"[39m
    [33mclass[39m=[32m"ah-task ah-task--form"[39m
  [36m>[39m
    [36m<label[39m
      [33mclass[39m=[32m"ah-sr-only"[39m
      [33mfor[39m=[32m"_r_18_-new"[39m
    [36m>[39m
      [0mText de la tasca nova[0m
    [36m</label>[39m
    [36m<textarea[39m
      [33mclass[39m=[32m"ah-input ah-textarea"[39m
      [33mid[39m=[32m"_r_18_-new"[39m
      [33mmaxlength[39m=[32m"2000"[39m
      [33mrows[39m=[32m"3"[39m
    [36m>[39m
      [0mSalts amb calma[0m
    [36m</textarea>[39m
    [36m<div[39m
      [33mclass[39m=[32m"ah-task__form-actions"[39m
    [36m>[39m
      [36m<span[39m
        [33mclass[39m=[32m"ah-attachment-picker"[39m
      [36m>[39m
        [36m<button[39m
          [33mclass[39m=[32m"ah-button ah-button--ghost"[39m
          [33mtype[39m=[32m"button"[39m
        [36m>[39m
          [36m<span[39m
            [33mclass[39m=[32m"ah-button__content"[39m
          [36m>[39m
            [36m<svg[39m
              [33maria-hidden[39m=[32m"true"[39m
              [33mclass[39m=[32m"ah-icon"[39m
            [36m>[39m
              [36m<use[39m
                [33mhref[39m=[32m"http://localhost:3000/@fs/Users/jordib/dev/agilityhub/agilityhub-core-web/packages/ui/src/icons/sprite.svg#i-clip"[39m
              [36m/>[39m
            [36m</svg>[39m
            [0m [0m
            [0mAdjunta un fitxer[0m
          [36m</span>[39m
        [36m</button>[39m
        [36m<input[39m
          [33maria-label[39m=[32m"Adjunta un fitxer"[39m
          [33mclass[39m=[32m"ah-sr-only"[39m
          [33mmultiple[39m=[32m""[39m
          [33mtabindex[39m=[32m"-1"[39m
          [33mtype[39m=[32m"file"[39m
        [36m/>[39m
      [36m</span>[39m
      [36m<button[39m
        [33mclass[39m=[32m"ah-button ah-button--ghost"[39m
        [33mtype[39m=[32m"button"[39m
      [36m>[39m
        [36m<span[39m
          [33mclass[39m=[32m"ah-button__content"[39m
        [36m>[39m
          [0mCancel·la[0m
        [36m</span>[39m
      [36m</button>[39m
      [36m<button[39m
        [33mclass[39m=[32m"ah-button ah-button--primary"[39m
        [33mtype[39m=[32m"submit"[39m
      [36m>[39m
        [36m<span[39m
          [33mclass[39m=[32m"ah-button__content"[39m
        [36m>[39m
          [0mAfegeix[0m
        [36m</span>[39m
      [36m</button>[39m
    [36m</div>[39m
  [36m</form>[39m
  [36m<ul[39m
    [33mclass[39m=[32m"ah-tasks__list"[39m
  [36m>[39m
    [36m<li[39m
      [33mclass[39m=[32m"ah-task ah-task--pending"[39m
    [36m>[39m
      [36m<div[39m
        [33mclass[39m=[32m"ah-task__head"[39m
      [36m>[39m
        [36m<span[39m
          [33mclass[39m=[32m"ah-badge ah-tone--warning"[39m
        [36m>[39m
          [0mpendent[0m
        [36m</span>[39m
        [36m<span[39m
          [33mclass[39m=[32m"ah-task__actions"[39m
        [36m>[39m
          [36m<button[39m
            [33maria-label[39m=[32m"Marca-la com a feta"[39m
            [33mclass[39m=[32m"ah-button ah-button--ghost ah-icon-button"[39m
            [33mtype[39m=[32m"button"[39m
          [36m>[39m
            [36m<span[39m
              [33mclass[39m=[32m"ah-button__content"[39m
            [36m>[39m
              [36m<svg[39m
                [33maria-hidden[39m=[32m"true"[39m
                [33mclass[39m=[32m"ah-icon"[39m
              [36m>[39m
                [36m<use[39m
                  [33mhref[39m=[32m"http://localhost:3000/@fs/Users/jordib/dev/agilityhub/agilityhub-core-web/packages/ui/src/icons/sprite.svg#i-check"[39m
                [36m/>[39m
              [36m</svg>[39m
            [36m</span>[39m
          [36m</button>[39m
          [36m<button[39m
            [33maria-label[39m=[32m"Edita la tasca"[39m
            [33mclass[39m=[32m"ah-button ah-button--ghost ah-icon-button"[39m
            [33mtype[39m=[32m"button"[39m
          [36m>[39m
            [36m<span[39m
              [33mclass[39m=[32m"ah-button__content"[39m
            [36m>[39m
              [36m<svg[39m
                [33maria-hidden[39m=[32m"true"[39m
                [33mclass[39m=[32m"ah-icon"[39m
              [36m>[39m
                [36m<use[39m
                  [33mhref[39m=[32m"http://localhost:3000/@fs/Users/jordib/dev/agilityhub/agilityhub-core-web/packages/ui/src/icons/sprite.svg#i-edit"[39m
                [36m/>[39m
              [36m</svg>[39m
            [36m</span>[39m
          [36m</button>[39m
          [36m<button[39m
            [33maria-label[39m=[32m"Elimina la tasca"[39m
            [33mclass[39m=[32m"ah-button ah-button--ghost ah-icon-button"[39m
            [33mtype[39m=[32m"button"[39m
          [36m>[39m
            [36m<span[39m
              [33mclass[39m=[32m"ah-button__content"[39m
            [36m>[39m
              [36m<svg[39m
                [33maria-hidden[39m=[32m"true"[39m
                [33mclass[39m=[32m"ah-icon"[39m
              [36m>[39m
                [36m<use[39m
                  [33mhref[39m=[32m"http://localhost:3000/@fs/Users/jordib/dev/agilityhub/agilityhub-core-web/packages/ui/src/icons/sprite.svg#i-x"[39m
                [36m/>[39m
              [36m</svg>[39m
            [36m</span>[39m
          [36m</button>[39m
        [36m</span>[39m
      [36m</div>[39m
      [36m<p[39m
        [33mclass[39m=[32m"ah-task__text"[39m
      [36m>[39m
        [0mAquesta setmana practiqueu el balancí amb calma: sessions curtes i moltes recompenses[0m
      [36m</p>[39m
      [36m<p[39m
        [33mclass[39m=[32m"ah-task__meta"[39m
      [36m>[39m
        [36m<span>[39m
          [0m31-07 · Estel[0m
          [0m · [0m
        [36m</span>[39m
        [36m<span[39m
          [33mclass[39m=[32m"ah-attachment-chips"[39m
        [36m>[39m
          [36m<span[39m
            [33mclass[39m=[32m"ah-attachment-chip"[39m
          [36m>[39m
            [36m<button[39m
              [33mclass[39m=[32m"ah-attachment-chip__open"[39m
              [33mtype[39m=[32m"button"[39m
            [36m>[39m
              [36m<svg[39m
                [33maria-hidden[39m=[32m"true"[39m
                [33mclass[39m=[32m"ah-icon"[39m
              [36m>[39m
                [36m<use[39m
                  [33mhref[39m=[32m"http://localhost:3000/@fs/Users/jordib/dev/agilityhub/agilityhub-core-web/packages/ui/src/icons/sprite.svg#i-clip"[39m
                [36m/>[39m
              [36m</svg>[39m
              [36m<span>[39m
                [0mvídeo_balancí.mp4[0m
              [36m</span>[39m
            [36m</button>[39m
          [36m</span>[39m
        [36m</span>[39m
      [36m</p>[39m
    [36m</li>[39m
    [36m<li[39m
      [33mclass[39m=[32m"ah-task ah-task--pending"[39m
    [36m>[39m
      [36m<div[39m
        [33mclass[39m=[32m"ah-task__head"[39m
      [36m>[39m
        [36m<span[39m
          [33mclass[39m=[32m"ah-badge ah-tone--warning"[39m
        [36m>[39m
          [0mpendent[0m
        [36m</span>[39m
        [36m<span[39m
          [33mclass[39m=[32m"ah-task__actions"[39m
        [36m>[39m
          [36m<button[39m
            [33maria-label[39m=[32m"Marca-la com a feta"[39m
            [33mclass[39m=[32m"ah-button ah-button--ghost ah-icon-button"[39m
            [33mtype[39m=[32m"button"[39m
          [36m>[39m
            [36m<span[39m
              [33mclass[39m=[32m"ah-button__content"[39m
            [36m>[39m
              [36m<svg[39m
                [33maria-hidden[39m=[32m"true"[39m
                [33mclass[39m=[32m"ah-icon"[39m
              [36m>[39m
                [36m<use[39m
                  [33mhref[39m=[32m"http://localhost:3000/@fs/Users/jordib/dev/agilityhub/agilityhub-core-web/packages/ui/src/icons/sprite.svg#i-check"[39m
                [36m/>[39m
              [36m</svg>[39m
            [36m</span>[39m
          [36m</button>[39m
          [36m<button[39m
            [33maria-label[39m=[32m"Edita la tasca"[39m
            [33mclass[39m=[32m"ah-button ah-button--ghost ah-icon-button"[39m
            [33mtype[39m=[32m"button"[39m
          [36m>[39m
            [36m<span[39m
              [33mclass[39m=[32m"ah-button__content"[39m
            [36m>[39m
              [36m<svg[39m
                [33maria-hidden[39m=[32m"true"[39m
                [33mclass[39m=[32m"ah-icon"[39m
              [36m>[39m
                [36m<use[39m
                  [33mhref[39m=[32m"http://localhost:3000/@fs/Users/jordib/dev/agilityhub/agilityhub-core-web/packages/ui/src/icons/sprite.svg#i-edit"[39m
                [36m/>[39m
              [36m</svg>[39m
            [36m</span>[39m
          [36m</button>[39m
          [36m<button[39m
            [33maria-label[39m=[32m"Elimina la tasca"[39m
            [33mclass[39m=[32m"ah-button ah-button--ghost ah-icon-button"[39m
            [33mtype[39m=[32m"button"[39m
          [36m>[39m
            [36m<span[39m
              [33mclass[39m=[32m"ah-button__content"[39m
            [36m>[39m
              [36m<svg[39m
                [33maria-hidden[39m=[32m"true"[39m
                [33mclass[39m=[32m"ah-icon"[39m
              [36m>[39m
                [36m<use[39m
                  [33mhref[39m=[32m"http://localhost:3000/@fs/Users/jordib/dev/agilityhub/agilityhub-core-web/packages/ui/src/icons/sprite.svg#i-x"[39m
                [36m/>[39m
              [36m</svg>[39m
            [36m</span>[39m
          [36m</button>[39m
        [36m</span>[39m
      [36m</div>[39m
      [36m<p[39m
        [33mclass[39m=[32m"ah-task__text"[39m
      [36m>[39m
        [0mRepasseu la taula de contactes al jardí, 5 minuts al dia[0m
      [36m</p>[39m
      [36m<p[39m
        [33mclass[39m=[32m"ah-task__meta"[39m
      [36m>[39m
        [36m<span>[39m
          [0m30-07 · Marc[0m
        [36m</span>[39m
      [36m</p>[39m
    [36m</li>[39m
    [36m<li[39m
      [33mclass[39m=[32m"ah-task ah-task--done"[39m
    [36m>[39m
      [36m<div[39m
        [33mclass[39m=[32m"ah-task__head"[39m
      [36m>[39m
        [36m<span[39m
          [33mclass[39m=[32m"ah-badge ah-tone--success"[39m
        [36m>[39m
          [0mfeta[0m
        [36m</span>[39m
        [36m<span[39m
          [33mclass[39m=[32m"ah-task__actions"[39m
        [36m>[39m
          [36m<button[39m
            [33maria-label[39m=[32m"Torna-la a pendent"[39m
            [33mclass[39m=[32m"ah-button ah-button--ghost ah-icon-button"[39m
            [33mtype[39m=[32m"button"[39m
          [36m>[39m
            [36m<span[39m
              [33mclass[39m=[32m"ah-button__content"[39m
            [36m>[39m
              [36m<svg[39m
                [33maria-hidden[39m=[32m"true"[39m
                [33mclass[39m=[32m"ah-icon"[39m
              [36m>[39m
                [36m<use[39m
                  [33mhref[39m=[32m"http://localhost:3000/@fs/Users/jordib/dev/agilityhub/agilityhub-core-web/packages/ui/src/icons/sprite.svg#i-undo"[39m
                [36m/>[39m
              [36m</svg>[39m
            [36m</span>[39m
          [36m</button>[39m
          [36m<button[39m
            [33maria-label[39m=[32m"Elimina la tasca"[39m
            [33mclass[39m=[32m"ah-button ah-button--ghost ah-icon-button"[39m
            [33mtype[39m=[32m"button"[39m
          [36m>[39m
            [36m<span[39m
              [33mclass[39m=[32m"ah-button__content"[39m
            [36m>[39m
              [36m<svg[39m
                [33maria-hidden[39m=[32m"true"[39m
                [33mclass[39m=[32m"ah-icon"[39m
              [36m>[39m
                [36m<use[39m
                  [33mhref[39m=[32m"http://localhost:3000/@fs/Users/jordib/dev/agilityhub/agilityhub-core-web/packages/ui/src/icons/sprite.svg#i-x"[39m
                [36m/>[39m
              [36m</svg>[39m
            [36m</span>[39m
          [36m</button>[39m
        [36m</span>[39m
      [36m</div>[39m
      [36m<p[39m
        [33mclass[39m=[32m"ah-task__text"[39m
      [36m>[39m
        [0mTreballar l'«espera» a la línia de sortida[0m
      [36m</p>[39m
      [36m<p[39m
        [33mclass[39m=[32m"ah-task__meta"[39m
      [36m>[39m
        [36m<span>[39m
          [0m28-07 · Estel[0m
          [0m · feta per la Laura el 02-08[0m
        [36m</span>[39m
      [36m</p>[39m
    [36m</li>[39m
  [36m</ul>[39m
[36m</section>[39m

Ignored nodes: comments, script, style
[36m<section[39m
  [33maria-labelledby[39m=[32m"_r_18_"[39m
  [33mclass[39m=[32m"ah-tasks"[39m
[36m>[39m
  [36m<header[39m
    [33mclass[39m=[32m"ah-tasks__header"[39m
  [36m>[39m
    [36m<h2[39m
      [33mclass[39m=[32m"ah-tasks__title"[39m
      [33mid[39m=[32m"_r_18_"[39m
    [36m>[39m
      [0mTasques[0m
    [36m</h2>[39m
  [36m</header>[39m
  [36m<form[39m
    [33maria-label[39m=[32m"Nova tasca"[39m
    [33mclass[39m=[32m"ah-task ah-task--form"[39m
  [36m>[39m
    [36m<label[39m
      [33mclass[39m=[32m"ah-sr-only"[39m
      [33mfor[39m=[32m"_r_18_-new"[39m
    [36m>[39m
      [0mText de la tasca nova[0m
    [36m</label>[39m
    [36m<textarea[39m
      [33mclass[39m=[32m"ah-input ah-textarea"[39m
      [33mid[39m=[32m"_r_18_-new"[39m
      [33mmaxlength[39m=[32m"2000"[39m
      [33mrows[39m=[32m"3"[39m
    [36m>[39m
      [0mSalts amb calma[0m
    [36m</textarea>[39m
    [36m<div[39m
      [33mclass[39m=[32m"ah-task__form-actions"[39m
    [36m>[39m
      [36m<span[39m
        [33mclass[39m=[32m"ah-attachment-picker"[39m
      [36m>[39m
        [36m<button[39m
          [33mclass[39m=[32m"ah-button ah-button--ghost"[39m
          [33mtype[39m=[32m"button"[39m
        [36m>[39m
          [36m<span[39m
            [33mclass[39m=[32m"ah-button__content"[39m
          [36m>[39m
            [36m<svg[39m
              [33maria-hidden[39m=[32m"true"[39m
              [33mclass[39m=[32m"ah-icon"[39m
            [36m>[39m
              [36m<use[39m
                [33mhref[39m=[32m"http://localhost:3000/@fs/Users/jordib/dev/agilityhub/agilityhub-core-web/packages/ui/src/icons/sprite.svg#i-clip"[39m
              [36m/>[39m
            [36m</svg>[39m
            [0m [0m
            [0mAdjunta un fitxer[0m
          [36m</span>[39m
        [36m</button>[39m
        [36m<input[39m
          [33maria-label[39m=[32m"Adjunta un fitxer"[39m
          [33mclass[39m=[32m"ah-sr-only"[39m
          [33mmultiple[39m=[32m""[39m
          [33mtabindex[39m=[32m"-1"[39m
          [33mtype[39m=[32m"file"[39m
        [36m/>[39m
      [36m</span>[39m
      [36m<button[39m
        [33mclass[39m=[32m"ah-button ah-button--ghost"[39m
        [33mtype[39m=[32m"button"[39m
      [36m>[39m
        [36m<span[39m
          [33mclass[39m=[32m"ah-button__content"[39m
        [36m>[39m
          [0mCancel·la[0m
        [36m</span>[39m
      [36m</button>[39m
      [36m<button[39m
        [33mclass[39m=[32m"ah-button ah-button--primary"[39m
        [33mtype[39m=[32m"submit"[39m
      [36m>[39m
        [36m<span[39m
          [33mclass[39m=[32m"ah-button__content"[39m
        [36m>[39m
          [0mAfegeix[0m
        [36m</span>[39m
      [36m</button>[39m
    [36m</div>[39m
  [36m</form>[39m
  [36m<ul[39m
    [33mclass[39m=[32m"ah-tasks__list"[39m
  [36m>[39m
    [36m<li[39m
      [33mclass[39m=[32m"ah-task ah-task--pending"[39m
    [36m>[39m
      [36m<div[39m
        [33mclass[39m=[32m"ah-task__head"[39m
      [36m>[39m
        [36m<span[39m
          [33mclass[39m=[32m"ah-badge ah-tone--warning"[39m
        [36m>[39m
          [0mpendent[0m
        [36m</span>[39m
        [36m<span[39m
          [33mclass[39m=[32m"ah-task__actions"[39m
        [36m>[39m
          [36m<button[39m
            [33maria-label[39m=[32m"Marca-la com a feta"[39m
            [33mclass[39m=[32m"ah-button ah-button--ghost ah-icon-button"[39m
            [33mtype[39m=[32m"button"[39m
          [36m>[39m
            [36m<span[39m
              [33mclass[39m=[32m"ah-button__content"[39m
            [36m>[39m
              [36m<svg[39m
                [33maria-hidden[39m=[32m"true"[39m
                [33mclass[39m=[32m"ah-icon"[39m
              [36m>[39m
                [36m<use[39m
                  [33mhref[39m=[32m"http://localhost:3000/@fs/Users/jordib/dev/agilityhub/agilityhub-core-web/packages/ui/src/icons/sprite.svg#i-check"[39m
                [36m/>[39m
              [36m</svg>[39m
            [36m</span>[39m
          [36m</button>[39m
          [36m<button[39m
            [33maria-label[39m=[32m"Edita la tasca"[39m
            [33mclass[39m=[32m"ah-button ah-button--ghost ah-icon-button"[39m
            [33mtype[39m=[32m"button"[39m
          [36m>[39m
            [36m<span[39m
              [33mclass[39m=[32m"ah-button__content"[39m
            [36m>[39m
              [36m<svg[39m
                [33maria-hidden[39m=[32m"true"[39m
                [33mclass[39m=[32m"ah-icon"[39m
              [36m>[39m
                [36m<use[39m
                  [33mhref[39m=[32m"http://localhost:3000/@fs/Users/jordib/dev/agilityhub/agilityhub-core-web/packages/ui/src/icons/sprite.svg#i-edit"[39m
                [36m/>[39m
              [36m</svg>[39m
            [36m</span>[39m
          [36m</button>[39m
          [36m<button[39m
            [33maria-label[39m=[32m"Elimina la tasca"[39m
            [33mclass[39m=[32m"ah-button ah-button--ghost ah-icon-button"[39m
            [33mtype[39m=[32m"button"[39m
          [36m>[39m
            [36m<span[39m
              [33mclass[39m=[32m"ah-button__content"[39m
            [36m>[39m
              [36m<svg[39m
                [33maria-hidden[39m=[32m"true"[39m
                [33mclass[39m=[32m"ah-icon"[39m
              [36m>[39m
                [36m<use[39m
                  [33mhref[39m=[32m"http://localhost:3000/@fs/Users/jordib/dev/agilityhub/agilityhub-core-web/packages/ui/src/icons/sprite.svg#i-x"[39m
                [36m/>[39m
              [36m</svg>[39m
            [36m</span>[39m
          [36m</button>[39m
        [36m</span>[39m
      [36m</div>[39m
      [36m<p[39m
        [33mclass[39m=[32m"ah-task__text"[39m
      [36m>[39m
        [0mAquesta setmana practiqueu el balancí amb calma: sessions curtes i moltes recompenses[0m
      [36m</p>[39m
      [36m<p[39m
        [33mclass[39m=[32m"ah-task__meta"[39m
      [36m>[39m
        [36m<span>[39m
          [0m31-07 · Estel[0m
          [0m · [0m
        [36m</span>[39m
        [36m<span[39m
          [33mclass[39m=[32m"ah-attachment-chips"[39m
        [36m>[39m
          [36m<span[39m
            [33mclass[39m=[32m"ah-attachment-chip"[39m
          [36m>[39m
            [36m<button[39m
              [33mclass[39m=[32m"ah-attachment-chip__open"[39m
              [33mtype[39m=[32m"button"[39m
            [36m>[39m
              [36m<svg[39m
                [33maria-hidden[39m=[32m"true"[39m
                [33mclass[39m=[32m"ah-icon"[39m
              [36m>[39m
                [36m<use[39m
                  [33mhref[39m=[32m"http://localhost:3000/@fs/Users/jordib/dev/agilityhub/agilityhub-core-web/packages/ui/src/icons/sprite.svg#i-clip"[39m
                [36m/>[39m
              [36m</svg>[39m
              [36m<span>[39m
                [0mvídeo_balancí.mp4[0m
              [36m</span>[39m
            [36m</button>[39m
          [36m</span>[39m
        [36m</span>[39m
      [36m</p>[39m
    [36m</li>[39m
    [36m<li[39m
      [33mclass[39m=[32m"ah-task ah-task--pending"[39m
    [36m>[39m
      [36m<div[39m
        [33mclass[39m=[32m"ah-task__head"[39m
      [36m>[39m
        [36m<span[39m
          [33mclass[39m=[32m"ah-badge ah-tone--warning"[39m
        [36m>[39m
          [0mpendent[0m
        [36m</span>[39m
        [36m<span[39m
          [33mclass[39m=[32m"ah-task__actions"[39m
        [36m>[39m
          [36m<button[39m
            [33maria-label[39m=[32m"Marca-la com a feta"[39m
            [33mclass[39m=[32m"ah-button ah-button--ghost ah-icon-button"[39m
            [33mtype[39m=[32m"button"[39m
          [36m>[39m
            [36m<span[39m
              [33mclass[39m=[32m"ah-button__content"[39m
            [36m>[39m
              [36m<svg[39m
                [33maria-hidden[39m=[32m"true"[39m
                [33mclass[39m=[32m"ah-icon"[39m
              [36m>[39m
                [36m<use[39m
                  [33mhref[39m=[32m"http://localhost:3000/@fs/Users/jordib/dev/agilityhub/agilityhub-core-web/packages/ui/src/icons/sprite.svg#i-check"[39m
                [36m/>[39m
              [36m</svg>[39m
            [36m</span>[39m
          [36m</button>[39m
          [36m<button[39m
            [33maria-label[39m=[32m"Edita la tasca"[39m
            [33mclass[39m=[32m"ah-button ah-button--ghost ah-icon-button"[39m
            [33mtype[39m=[32m"button"[39m
          [36m>[39m
            [36m<span[39m
              [33mclass[39m=[32m"ah-button__content"[39m
            [36m>[39m
              [36m<svg[39m
                [33maria-hidden[39m=[32m"true"[39m
                [33mclass[39m=[32m"ah-icon"[39m
              [36m>[39m
                [36m<use[39m
                  [33mhref[39m=[32m"http://localhost:3000/@fs/Users/jordib/dev/agilityhub/agilityhub-core-web/packages/ui/src/icons/sprite.svg#i-edit"[39m
                [36m/>[39m
              [36m</svg>[39m
            [36m</span>[39m
          [36m</button>[39m
          [36m<button[39m
            [33maria-label[39m=[32m"Elimina la tasca"[39m
            [33mclass[39m=[32m"ah-button ah-button--ghost ah-icon-button"[39m
            [33mtype[39m=[32m"button"[39m
          [36m>[39m
            [36m<span[39m
              [33mclass[39m=[32m"ah-button__content"[39m
            [36m>[39m
              [36m<svg[39m
                [33maria-hidden[39m=[32m"true"[39m
                [33mclass[39m=[32m"ah-icon"[39m
              [36m>[39m
                [36m<use[39m
                  [33mhref[39m=[32m"http://localhost:3000/@fs/Users/jordib/dev/agilityhub/agilityhub-core-web/packages/ui/src/icons/sprite.svg#i-x"[39m
                [36m/>[39m
              [36m</svg>[39m
            [36m</span>[39m
          [36m</button>[39m
        [36m</span>[39m
      [36m</div>[39m
      [36m<p[39m
        [33mclass[39m=[32m"ah-task__text"[39m
      [36m>[39m
        [0mRepasseu la taula de contactes al jardí, 5 minuts al dia[0m
      [36m</p>[39m
      [36m<p[39m
        [33mclass[39m=[32m"ah-task__meta"[39m
      [36m>[39m
        [36m<span>[39m
          [0m30-07 · Marc[0m
        [36m</span>[39m
      [36m</p>[39m
    [36m</li>[39m
    [36m<li[39m
      [33mclass[39m=[32m"ah-task ah-task--done"[39m
    [36m>[39m
      [36m<div[39m
        [33mclass[39m=[32m"ah-task__head"[39m
      [36m>[39m
        [36m<span[39m
          [33mclass[39m=[32m"ah-badge ah-tone--success"[39m
        [36m>[39m
          [0mfeta[0m
        [36m</span>[39m
        [36m<span[39m
          [33mclass[39m=[32m"ah-task__actions"[39m
        [36m>[39m
          [36m<button[39m
            [33maria-label[39m=[32m"Torna-la a pendent"[39m
            [33mclass[39m=[32m"ah-button ah-button--ghost ah-icon-button"[39m
            [33mtype[39m=[32m"button"[39m
          [36m>[39m
            [36m<span[39m
              [33mclass[39m=[32m"ah-button__content"[39m
            [36m>[39m
              [36m<svg[39m
                [33maria-hidden[39m=[32m"true"[39m
                [33mclass[39m=[32m"ah-icon"[39m
              [36m>[39m
                [36m<use[39m
                  [33mhref[39m=[32m"http://localhost:3000/@fs/Users/jordib/dev/agilityhub/agilityhub-core-web/packages/ui/src/icons/sprite.svg#i-undo"[39m
                [36m/>[39m
              [36m</svg>[39m
            [36m</span>[39m
          [36m</button>[39m
          [36m<button[39m
            [33maria-label[39m=[32m"Elimina la tasca"[39m
            [33mclass[39m=[32m"ah-button ah-button--ghost ah-icon-button"[39m
            [33mtype[39m=[32m"button"[39m
          [36m>[39m
            [36m<span[39m
              [33mclass[39m=[32m"ah-button__content"[39m
            [36m>[39m
              [36m<svg[39m
                [33maria-hidden[39m=[32m"true"[39m
                [33mclass[39m=[32m"ah-icon"[39m
              [36m>[39m
                [36m<use[39m
                  [33mhref[39m=[32m"http://localhost:3000/@fs/Users/jordib/dev/agilityhub/agilityhub-core-web/packages/ui/src/icons/sprite.svg#i-x"[39m
                [36m/>[39m
              [36m</svg>[39m
            [36m</span>[39m
          [36m</button>[39m
        [36m</span>[39m
      [36m</div>[39m
      [36m<p[39m
        [33mclass[39m=[32m"ah-task__text"[39m
      [36m>[39m
        [0mTreballar l'«espera» a la línia de sortida[0m
      [36m</p>[39m
      [36m<p[39m
        [33mclass[39m=[32m"ah-task__meta"[39m
      [36m>[39m
        [36m<span>[39m
          [0m28-07 · Estel[0m
          [0m · feta per la Laura el 02-08[0m
        [36m</span>[39m
      [36m</p>[39m
    [36m</li>[39m
  [36m</ul>[39m
[36m</section>[39m
 ❯ waitForWrapper ../../node_modules/.pnpm/@testing-library+dom@10.4.1/node_modules/@testing-library/dom/dist/wait-for.js:163:27
 ❯ ../../node_modules/.pnpm/@testing-library+dom@10.4.1/node_modules/@testing-library/dom/dist/query-helpers.js:86:33
 ❯ src/instructor/tasks.test.tsx:451:39
    449|     await renderTasks();
    450|     const form = await newTask("Salts amb calma");
    451|     expect(await within(tasksBlock()).findByRole("alert")).toHaveTextC…
       |                                       ^
    452|       "S'ha produït un error inesperat.",
    453|     );

⎯⎯⎯⎯⎯⎯⎯⎯⎯⎯⎯⎯⎯⎯⎯⎯⎯⎯⎯⎯⎯⎯⎯⎯[2/6]⎯

 FAIL  src/instructor/tasks.test.tsx > E6-W02 round 2 (review of 30-09): screen 26 > #1 (E74): two deliberate submissions with the same text are two tasks, each with its own key
AssertionError: expected [ <li …(1)>…(3)</li>, …(3) ] to have a length of 5 but got 4

Ignored nodes: comments, script, style
[36m<html[39m
  [33mdata-theme[39m=[32m"dark"[39m
  [33mstyle[39m=[32m"color-scheme: dark; --ah-color-primary: #E26A2A; --ah-color-primary-fg: #0B0B0B; --ah-color-background: #0B0B0B; --ah-color-surface: #161616; --ah-color-surface-2: #1E1E1E; --ah-color-text: #FFFFFF; --ah-color-text-muted: #B5B5B5; --ah-color-border: #2B2B2B; --ah-color-success: #4CAF7D; --ah-color-warning: #E5B93C; --ah-color-danger: #E05B5B; --ah-color-info: #85B8E8; --ah-font-sans: Montserrat, system-ui, sans-serif; --ah-font-display: Montserrat, system-ui, sans-serif; --ah-radius-sm: 4px; --ah-radius-md: 4px; --ah-color-ring-1: #F2B58C; --ah-color-ring-2: #8FCE8F; --ah-color-ring-3: #C9CDD3; --ah-color-ring-4: #F5D67A; --ah-color-ring-5: #85B8E8;"[39m
[36m>[39m
  [36m<head />[39m
  [36m<body>[39m
    [36m<div>[39m
      [36m<section[39m
        [33mclass[39m=[32m"instructor-screen instructor-tasks"[39m
      [36m>[39m
        [36m<header[39m
          [33mclass[39m=[32m"ah-app-bar instructor-screen__bar"[39m
        [36m>[39m
          [36m<div[39m
            [33mclass[39m=[32m"ah-app-bar__side"[39m
          [36m>[39m
            [36m<button[39m
              [33maria-label[39m=[32m"Torna"[39m
              [33mclass[39m=[32m"ah-button ah-button--ghost ah-icon-button instructor-screen__back"[39m
              [33mtype[39m=[32m"button"[39m
            [36m>[39m
              [36m<span[39m
                [33mclass[39m=[32m"ah-button__content"[39m
              [36m>[39m
                [36m<svg[39m
                  [33maria-hidden[39m=[32m"true"[39m
                  [33mclass[39m=[32m"ah-icon"[39m
                [36m>[39m
                  [36m<use[39m
                    [33mhref[39m=[32m"http://localhost:3000/@fs/Users/jordib/dev/agilityhub/agilityhub-core-web/packages/ui/src/icons/sprite.svg#i-chev"[39m
                  [36m/>[39m
                [36m</svg>[39m
              [36m</span>[39m
            [36m</button>[39m
          [36m</div>[39m
          [36m<div[39m
            [33mclass[39m=[32m"ah-app-bar__title"[39m
          [36m>[39m
            [36m<h1>[39m
              [0mTasques i notes — Laura + Duna[0m
            [36m</h1>[39m
          [36m</div>[39m
          [36m<div[39m
            [33mclass[39m=[32m"ah-app-bar__side ah-app-bar__side--end"[39m
          [36m/>[39m
        [36m</header>[39m
        [36m<div[39m
          [33mclass[39m=[32m"ah-followup"[39m
        [36m>[39m
          [36m<section[39m
            [33maria-labelledby[39m=[32m"_r_1a_-title"[39m
            [33mclass[39m=[32m"ah-followup__block"[39m
          [36m>[39m
            [36m<h2[39m
              [33mclass[39m=[32m"ah-followup__title"[39m
              [33mid[39m=[32m"_r_1a_-title"[39m
            [36m>[39m
              [0mObservacions[0m
              [0m [0m
              [36m<span>[39m
                [0m· privades · camp únic[0m
              [36m</span>[39m
            [36m</h2>[39m
            [36m<label[39m
              [33mclass[39m=[32m"ah-sr-only"[39m
              [33mfor[39m=[32m"_r_1a_"[39m
            [36m>[39m
              [0mObservacions privades[0m
            [36m</label>[39m
            [36m<textarea[39m
              [33mclass[39m=[32m"ah-input ah-textarea ah-followup__field"[39m
              [33mid[39m=[32m"_r_1a_"[39m
              [33mmaxlength[39m=[32m"2000"[39m
              [33mrows[39m=[32m"3"[39m
            [36m>[39m
              [0mVa molt bé amb reforç de pilota. Evitar sobrecàrrega de salts: revisar espatlla dreta si coixeja. Parlar amb la Laura del pas a D a final de temporada.[0m
            [36m</textarea>[39m
            [36m<div[39m
              [33mclass[39m=[32m"ah-followup__clips"[39m
            [36m>[39m
              [36m<span[39m
                [33mclass[39m=[32m"ah-attachment-picker"[39m
              [36m>[39m
                [36m<button[39m
                  [33mclass[39m=[32m"ah-button ah-button--ghost"[39m
                  [33mtype[39m=[32m"button"[39m
                [36m>[39m
                  [36m<span[39m
                    [33mclass[39m=[32m"ah-button__content"[39m
                  [36m>[39m
                    [36m<svg[39m
                      [33maria-hidden[39m=[32m"true"[39m
                      [33mclass[39m=[32m"ah-icon"[39m
                    [36m>[39m
                      [36m<use[39m
                        [33mhref[39m=[32m"http://localhost:3000/@fs/Users/jordib/dev/agilityhub/agilityhub-core-web/packages/ui/src/icons/sprite.svg#i-clip"[39m
                      [36m/>[39m
                    [36m</svg>[39m
                    [0m [0m
                    [0mAdjunta un fitxer[0m
                  [36m</span>[39m
                [36m</button>[39m
                [36m<input[39m
                  [33maria-label[39m=[32m"Adjunta un fitxer"[39m
                  [33mclass[39m=[32m"ah-sr-only"[39m
                  [33mmultiple[39m=[32m""[39m
                  [33mtabindex[39m=[32m"-1"[39m
                  [33mtype[39m=[32m"file"[39m
                [36m/>[39m
              [36m</span>[39m
            [36m</div>[39m
          [36m</section>[39m
          [36m<section[39m
            [33maria-labelledby[39m=[32m"_r_1b_"[39m
            [33mclass[39m=[32m"ah-tasks"[39m
          [36m>[39m
            [36m<header[39m
              [33mclass[39m=[32m"ah-tasks__header"[39m
            [36m>[39m
              [36m<h2[39m
                [33mclass[39m=[32m"ah-tasks__title"[39m
                [33mid[39m=[32m"_r_1b_"[39m
              [36m>[39m
                [0mTasques[0m
              [36m</h2>[39m
              [36m<button[39m
                [33mclass[39m=[32m"ah-button ah-button--ghost ah-tasks__add"[39m
                [33mtype[39m=[32m"button"[39m
              [36m>[39m
                [36m<span[39m
                  [33mclass[39m=[32m"ah-button__content"[39m
                [36m>[39m
                  [36m<svg[39m
                    [33maria-hidden[39m=[32m"true"[39m
                    [33mclass[39m=[32m"ah-icon"[39m
                  [36m>[39m
                    [36m<use[39m
                      [33mhref[39m=[32m"http://localhost:3000/@fs/Users/jordib/dev/agilityhub/agilityhub-core-web/packages/ui/src/icons/sprite.svg#i-plus"[39m
                    [36m/>[39m
                  [36m</svg>[39m
                  [0m [0m
                  [0mAfegir[0m
                [36m</span>[39m
              [36m</button>[39m
            [36m</header>[39m
            [36m<ul[39m
              [33mclass[39m=[32m"ah-tasks__list"[39m
            [36m>[39m
              [36m<li[39m
                [33mclass[39m=[32m"ah-task ah-task--pending"[39m
...

- Expected
+ Received

- 5
+ 4

 ❯ src/instructor/tasks.test.tsx:471:25
    469|       await newTask("Salts amb calma");
    470|       await waitFor(() => {
    471|         expect(cards()).toHaveLength(expected);
       |                         ^
    472|       });
    473|       await waitFor(() => {
 ❯ runWithExpensiveErrorDiagnosticsDisabled ../../node_modules/.pnpm/@testing-library+dom@10.4.1/node_modules/@testing-library/dom/dist/config.js:47:12
 ❯ checkCallback ../../node_modules/.pnpm/@testing-library+dom@10.4.1/node_modules/@testing-library/dom/dist/wait-for.js:124:77
 ❯ Timeout.checkRealTimersCallback ../../node_modules/.pnpm/@testing-library+dom@10.4.1/node_modules/@testing-library/dom/dist/wait-for.js:118:16

⎯⎯⎯⎯⎯⎯⎯⎯⎯⎯⎯⎯⎯⎯⎯⎯⎯⎯⎯⎯⎯⎯⎯⎯[3/6]⎯

 FAIL  src/instructor/tasks.test.tsx > E6-W02 round 2 (review of 30-09): screen 26 > #2 (R-10-10): with 52 tasks «Mostra'n més» reads the next page into the same list, whose tasks are managed like the rest — the oldest done one reopened, the oldest pending one edited, completed and deleted
TestingLibraryElementError: Unable to find an accessible element with the role "button" and name "Mostra'n més"

Here are the accessible roles:

  banner:

  Name "":
  [36m<header[39m
    [33mclass[39m=[32m"ah-app-bar instructor-screen__bar"[39m
  [36m/>[39m

  Name "":
  [36m<header[39m
    [33mclass[39m=[32m"ah-tasks__header"[39m
  [36m/>[39m

  --------------------------------------------------
  button:

  Name "Torna":
  [36m<button[39m
    [33maria-label[39m=[32m"Torna"[39m
    [33mclass[39m=[32m"ah-button ah-button--ghost ah-icon-button instructor-screen__back"[39m
    [33mtype[39m=[32m"button"[39m
  [36m/>[39m

  Name "Adjunta un fitxer":
  [36m<button[39m
    [33mclass[39m=[32m"ah-button ah-button--ghost"[39m
    [33mtype[39m=[32m"button"[39m
  [36m/>[39m

  Name "Afegir":
  [36m<button[39m
    [33mclass[39m=[32m"ah-button ah-button--ghost ah-tasks__add"[39m
    [33mtype[39m=[32m"button"[39m
  [36m/>[39m

  Name "Marca-la com a feta":
  [36m<button[39m
    [33maria-label[39m=[32m"Marca-la com a feta"[39m
    [33mclass[39m=[32m"ah-button ah-button--ghost ah-icon-button"[39m
    [33mtype[39m=[32m"button"[39m
  [36m/>[39m

  Name "Edita la tasca":
  [36m<button[39m
    [33maria-label[39m=[32m"Edita la tasca"[39m
    [33mclass[39m=[32m"ah-button ah-button--ghost ah-icon-button"[39m
    [33mtype[39m=[32m"button"[39m
  [36m/>[39m

  Name "Elimina la tasca":
  [36m<button[39m
    [33maria-label[39m=[32m"Elimina la tasca"[39m
    [33mclass[39m=[32m"ah-button ah-button--ghost ah-icon-button"[39m
    [33mtype[39m=[32m"button"[39m
  [36m/>[39m

  Name "vídeo_balancí.mp4":
  [36m<button[39m
    [33mclass[39m=[32m"ah-attachment-chip__open"[39m
    [33mtype[39m=[32m"button"[39m
  [36m/>[39m

  Name "Marca-la com a feta":
  [36m<button[39m
    [33maria-label[39m=[32m"Marca-la com a feta"[39m
    [33mclass[39m=[32m"ah-button ah-button--ghost ah-icon-button"[39m
    [33mtype[39m=[32m"button"[39m
  [36m/>[39m

  Name "Edita la tasca":
  [36m<button[39m
    [33maria-label[39m=[32m"Edita la tasca"[39m
    [33mclass[39m=[32m"ah-button ah-button--ghost ah-icon-button"[39m
    [33mtype[39m=[32m"button"[39m
  [36m/>[39m

  Name "Elimina la tasca":
  [36m<button[39m
    [33maria-label[39m=[32m"Elimina la tasca"[39m
    [33mclass[39m=[32m"ah-button ah-button--ghost ah-icon-button"[39m
    [33mtype[39m=[32m"button"[39m
  [36m/>[39m

  Name "Torna-la a pendent":
  [36m<button[39m
    [33maria-label[39m=[32m"Torna-la a pendent"[39m
    [33mclass[39m=[32m"ah-button ah-button--ghost ah-icon-button"[39m
    [33mtype[39m=[32m"button"[39m
  [36m/>[39m

  Name "Elimina la tasca":
  [36m<button[39m
    [33maria-label[39m=[32m"Elimina la tasca"[39m
    [33mclass[39m=[32m"ah-button ah-button--ghost ah-icon-button"[39m
    [33mtype[39m=[32m"button"[39m
  [36m/>[39m

  Name "Marca-la com a feta":
  [36m<button[39m
    [33maria-label[39m=[32m"Marca-la com a feta"[39m
    [33mclass[39m=[32m"ah-button ah-button--ghost ah-icon-button"[39m
    [33mtype[39m=[32m"button"[39m
  [36m/>[39m

  Name "Edita la tasca":
  [36m<button[39m
    [33maria-label[39m=[32m"Edita la tasca"[39m
    [33mclass[39m=[32m"ah-button ah-button--ghost ah-icon-button"[39m
    [33mtype[39m=[32m"button"[39m
  [36m/>[39m

  Name "Elimina la tasca":
  [36m<button[39m
    [33maria-label[39m=[32m"Elimina la tasca"[39m
    [33mclass[39m=[32m"ah-button ah-button--ghost ah-icon-button"[39m
    [33mtype[39m=[32m"button"[39m
  [36m/>[39m

  Name "Marca-la com a feta":
  [36m<button[39m
    [33maria-label[39m=[32m"Marca-la com a feta"[39m
    [33mclass[39m=[32m"ah-button ah-button--ghost ah-icon-button"[39m
    [33mtype[39m=[32m"button"[39m
  [36m/>[39m

  Name "Edita la tasca":
  [36m<button[39m
    [33maria-label[39m=[32m"Edita la tasca"[39m
    [33mclass[39m=[32m"ah-button ah-button--ghost ah-icon-button"[39m
    [33mtype[39m=[32m"button"[39m
  [36m/>[39m

  Name "Elimina la tasca":
  [36m<button[39m
    [33maria-label[39m=[32m"Elimina la tasca"[39m
    [33mclass[39m=[32m"ah-button ah-button--ghost ah-icon-button"[39m
    [33mtype[39m=[32m"button"[39m
  [36m/>[39m

  Name "Torna-la a pendent":
  [36m<button[39m
    [33maria-label[39m=[32m"Torna-la a pendent"[39m
    [33mclass[39m=[32m"ah-button ah-button--ghost ah-icon-button"[39m
    [33mtype[39m=[32m"button"[39m
  [36m/>[39m

  Name "Elimina la tasca":
  [36m<button[39m
    [33maria-label[39m=[32m"Elimina la tasca"[39m
    [33mclass[39m=[32m"ah-button ah-button--ghost ah-icon-button"[39m
    [33mtype[39m=[32m"button"[39m
  [36m/>[39m

  Name "Marca-la com a feta":
  [36m<button[39m
    [33maria-label[39m=[32m"Marca-la com a feta"[39m
    [33mclass[39m=[32m"ah-button ah-button--ghost ah-icon-button"[39m
    [33mtype[39m=[32m"button"[39m
  [36m/>[39m

  Name "Edita la tasca":
  [36m<button[39m
    [33maria-label[39m=[32m"Edita la tasca"[39m
    [33mclass[39m=[32m"ah-button ah-button--ghost ah-icon-button"[39m
    [33mtype[39m=[32m"button"[39m
  [36m/>[39m

  Name "Elimina la tasca":
  [36m<button[39m
    [33maria-label[39m=[32m"Elimina la tasca"[39m
    [33mclass[39m=[32m"ah-button ah-button--ghost ah-icon-button"[39m
    [33mtype[39m=[32m"button"[39m
  [36m/>[39m

  Name "Marca-la com a feta":
  [36m<button[39m
    [33maria-label[39m=[32m"Marca-la com a feta"[39m
    [33mclass[39m=[32m"ah-button ah-button--ghost ah-icon-button"[39m
    [33mtype[39m=[32m"button"[39m
  [36m/>[39m

  Name "Edita la tasca":
  [36m<button[39m
    [33maria-label[39m=[32m"Edita la tasca"[39m
    [33mclass[39m=[32m"ah-button ah-button--ghost ah-icon-button"[39m
    [33mtype[39m=[32m"button"[39m
  [36m/>[39m

  Name "Elimina la tasca":
  [36m<button[39m
    [33maria-label[39m=[32m"Elimina la tasca"[39m
    [33mclass[39m=[32m"ah-button ah-button--ghost ah-icon-button"[39m
    [33mtype[39m=[32m"button"[39m
  [36m/>[39m

  Name "Torna-la a pendent":
  [36m<button[39m
    [33maria-label[39m=[32m"Torna-la a pendent"[39m
    [33mclass[39m=[32m"ah-button ah-button--ghost ah-icon-button"[39m
    [33mtype[39m=[32m"button"[39m
  [36m/>[39m

  Name "Elimina la tasca":
  [36m<button[39m
    [33maria-label[39m=[32m"Elimina la tasca"[39m
    [33mclass[39m=[32m"ah-button ah-button--ghost ah-icon-button"[39m
    [33mtype[39m=[32m"button"[39m
  [36m/>[39m

  Name "Marca-la com a feta":
  [36m<button[39m
    [33maria-label[39m=[32m"Marca-la com a feta"[39m
    [33mclass[39m=[32m"ah-button ah-button--ghost ah-icon-button"[39m
    [33mtype[39m=[32m"button"[39m
  [36m/>[39m

  Name "Edita la tasca":
  [36m<button[39m
    [33maria-label[39m=[32m"Edita la tasca"[39m
    [33mclass[39m=[32m"ah-button ah-button--ghost ah-icon-button"[39m
    [33mtype[39m=[32m"button"[39m
  [36m/>[39m

  Name "Elimina la tasca":
  [36m<button[39m
    [33maria-label[39m=[32m"Elimina la tasca"[39m
    [33mclass[39m=[32m"ah-button ah-button--ghost ah-icon-button"[39m
    [33mtype[39m=[32m"button"[39m
  [36m/>[39m

  Name "Marca-la com a feta":
  [36m<button[39m
    [33maria-label[39m=[32m"Marca-la com a feta"[39m
    [33mclass[39m=[32m"ah-button ah-button--ghost ah-icon-button"[39m
    [33mtype[39m=[32m"button"[39m
  [36m/>[39m

  Name "Edita la tasca":
  [36m<button[39m
    [33maria-label[39m=[32m"Edita la tasca"[39m
    [33mclass[39m=[32m"ah-button ah-button--ghost ah-icon-button"[39m
    [33mtype[39m=[32m"button"[39m
  [36m/>[39m

  Name "Elimina la tasca":
  [36m<button[39m
    [33maria-label[39m=[32m"Elimina la tasca"[39m
    [33mclass[39m=[32m"ah-button ah-button--ghost ah-icon-button"[39m
    [33mtype[39m=[32m"button"[39m
  [36m/>[39m

  Name "Torna-la a pendent":
  [36m<button[39m
    [33maria-label[39m=[32m"Torna-la a pendent"[39m
    [33mclass[39m=[32m"ah-button ah-button--ghost ah-icon-button"[39m
    [33mtype[39m=[32m"button"[39m
  [36m/>[39m

  Name "Elimina la tasca":
  [36m<button[39m
    [33maria-label[39m=[32m"Elimina la tasca"[39m
    [33mclass[39m=[32m"ah-button ah-button--ghost ah-icon-button"[39m
    [33mtype[39m=[32m"button"[39m
  [36m/>[39m

  Name "Marca-la com a feta":
  [36m<button[39m
    [33maria-label[39m=[32m"Marca-la com a feta"[39m
    [33mclass[39m=[32m"ah-button ah-button--ghost ah-icon-button"[39m
    [33mtype[39m=[32m"button"[39m
  [36m/>[39m

  Name "Edita la tasca":
  [36m<button[39m
    [33maria-label[39m=[32m"Edita la tasca"[39m
    [33mclass[39m=[32m"ah-button ah-button--ghost ah-icon-button"[39m
    [33mtype[39m=[32m"button"[39m
  [36m/>[39m

  Name "Elimina la tasca":
  [36m<button[39m
    [33maria-label[39m=[32m"Elimina la tasca"[39m
    [33mclass[39m=[32m"ah-button ah-button--ghost ah-icon-button"[39m
    [33mtype[39m=[32m"button"[39m
  [36m/>[39m

  Name "Marca-la com a feta":
  [36m<button[39m
    [33maria-label[39m=[32m"Marca-la com a feta"[39m
    [33mclass[39m=[32m"ah-button ah-button--ghost ah-icon-button"[39m
    [33mtype[39m=[32m"button"[39m
  [36m/>[39m

  Name "Edita la tasca":
  [36m<button[39m
    [33maria-label[39m=[32m"Edita la tasca"[39m
    [33mclass[39m=[32m"ah-button ah-button--ghost ah-icon-button"[39m
    [33mtype[39m=[32m"button"[39m
  [36m/>[39m

  Name "Elimina la tasca":
  [36m<button[39m
    [33maria-label[39m=[32m"Elimina la tasca"[39m
    [33mclass[39m=[32m"ah-button ah-button--ghost ah-icon-button"[39m
    [33mtype[39m=[32m"button"[39m
  [36m/>[39m

  Name "Torna-la a pendent":
  [36m<button[39m
    [33maria-label[39m=[32m"Torna-la a pendent"[39m
    [33mclass[39m=[32m"ah-button ah-button--ghost ah-icon-button"[39m
    [33mtype[39m=[32m"button"[39m
  [36m/>[39m

  Name "Elimina la tasca":
  [36m<button[39m
    [33maria-label[39m=[32m"Elimina la tasca"[39m
    [33mclass[39m=[32m"ah-button ah-button--ghost ah-icon-button"[39m
    [33mtype[39m=[32m"button"[39m
  [36m/>[39m

  Name "Marca-la com a feta":
  [36m<button[39m
    [33maria-label[39m=[32m"Marca-la com a feta"[39m
    [33mclass[39m=[32m"ah-button ah-button--ghost ah-icon-button"[39m
    [33mtype[39m=[32m"button"[39m
  [36m/>[39m

  Name "Edita la tasca":
  [36m<button[39m
    [33maria-label[39m=[32m"Edita la tasca"[39m
    [33mclass[39m=[32m"ah-button ah-button--ghost ah-icon-button"[39m
    [33mtype[39m=[32m"button"[39m
  [36m/>[39m

  Name "Elimina la tasca":
  [36m<button[39m
    [33maria-label[39m=[32m"Elimina la tasca"[39m
    [33mclass[39m=[32m"ah-button ah-button--ghost ah-icon-button"[39m
    [33mtype[39m=[32m"button"[39m
  [36m/>[39m

  Name "Marca-la com a feta":
  [36m<button[39m
    [33maria-label[39m=[32m"Marca-la com a feta"[39m
    [33mclass[39m=[32m"ah-button ah-button--ghost ah-icon-button"[39m
    [33mtype[39m=[32m"button"[39m
  [36m/>[39m

  Name "Edita la tasca":
  [36m<button[39m
    [33maria-label[39m=[32m"Edita la tasca"[39m
    [33mclass[39m=[32m"ah-button ah-button--ghost ah-icon-button"[39m
    [33mtype[39m=[32m"button"[39m
  [36m/>[39m

  Name "Elimina la tasca":
  [36m<button[39m
    [33maria-label[39m=[32m"Elimina la tasca"[39m
    [33mclass[39m=[32m"ah-button ah-button--ghost ah-icon-button"[39m
    [33mtype[39m=[32m"button"[39m
  [36m/>[39m

  Name "Torna-la a pendent":
  [36m<button[39m
    [33maria-label[39m=[32m"Torna-la a pendent"[39m
    [33mclass[39m=[32m"ah-button ah-button--ghost ah-icon-button"[39m
    [33mtype[39m=[32m"button"[39m
  [36m/>[39m

  Name "Elimina la tasca":
  [36m<button[39m
    [33maria-label[39m=[32m"Elimina la tasca"[39m
    [33mclass[39m=[32m"ah-button ah-button--ghost ah-icon-button"[39m
    [33mtype[39m=[32m"button"[39m
  [36m/>[39m

  Name "Marca-la com a feta":
  [36m<button[39m
    [33maria-label[39m=[32m"Marca-la com a feta"[39m
    [33mclass[39m=[32m"ah-button ah-button--ghost ah-icon-button"[39m
    [33mtype[39m=[32m"button"[39m
  [36m/>[39m

  Name "Edita la tasca":
  [36m<button[39m
    [33maria-label[39m=[32m"Edita la tasca"[39m
    [33mclass[39m=[32m"ah-button ah-button--ghost ah-icon-button"[39m
    [33mtype[39m=[32m"button"[39m
  [36m/>[39m

  Name "Elimina la tasca":
  [36m<button[39m
    [33maria-label[39m=[32m"Elimina la tasca"[39m
    [33mclass[39m=[32m"ah-button ah-button--ghost ah-icon-button"[39m
    [33mtype[39m=[32m"button"[39m
  [36m/>[39m

  Name "Marca-la com a feta":
  [36m<button[39m
    [33maria-label[39m=[32m"Marca-la com a feta"[39m
    [33mclass[39m=[32m"ah-button ah-button--ghost ah-icon-button"[39m
    [33mtype[39m=[32m"button"[39m
  [36m/>[39m

  Name "Edita la tasca":
  [36m<button[39m
    [33maria-label[39m=[32m"Edita la tasca"[39m
    [33mclass[39m=[32m"ah-button ah-button--ghost ah-icon-button"[39m
    [33mtype[39m=[32m"button"[39m
  [36m/>[39m

  Name "Elimina la tasca":
  [36m<button[39m
    [33maria-label[39m=[32m"Elimina la tasca"[39m
    [33mclass[39m=[32m"ah-button ah-button--ghost ah-icon-button"[39m
    [33mtype[39m=[32m"button"[39m
  [36m/>[39m

  Name "Torna-la a pendent":
  [36m<button[39m
    [33maria-label[39m=[32m"Torna-la a pendent"[39m
    [33mclass[39m=[32m"ah-button ah-button--ghost ah-icon-button"[39m
    [33mtype[39m=[32m"button"[39m
  [36m/>[39m

  Name "Elimina la tasca":
  [36m<button[39m
    [33maria-label[39m=[32m"Elimina la tasca"[39m
    [33mclass[39m=[32m"ah-button ah-button--ghost ah-icon-button"[39m
    [33mtype[39m=[32m"button"[39m
  [36m/>[39m

  Name "Marca-la com a feta":
  [36m<button[39m
    [33maria-label[39m=[32m"Marca-la com a feta"[39m
    [33mclass[39m=[32m"ah-button ah-button--ghost ah-icon-button"[39m
    [33mtype[39m=[32m"button"[39m
  [36m/>[39m

  Name "Edita la tasca":
  [36m<button[39m
    [33maria-label[39m=[32m"Edita la tasca"[39m
    [33mclass[39m=[32m"ah-button ah-button--ghost ah-icon-button"[39m
    [33mtype[39m=[32m"button"[39m
  [36m/>[39m

  Name "Elimina la tasca":
  [36m<button[39m
    [33maria-label[39m=[32m"Elimina la tasca"[39m
    [33mclass[39m=[32m"ah-button ah-button--ghost ah-icon-button"[39m
    [33mtype[39m=[32m"button"[39m
  [36m/>[39m

  Name "Marca-la com a feta":
  [36m<button[39m
    [33maria-label[39m=[32m"Marca-la com a feta"[39m
    [33mclass[39m=[32m"ah-button ah-button--ghost ah-icon-button"[39m
    [33mtype[39m=[32m"button"[39m
  [36m/>[39m

  Name "Edita la tasca":
  [36m<button[39m
    [33maria-label[39m=[32m"Edita la tasca"[39m
    [33mclass[39m=[32m"ah-button ah-button--ghost ah-icon-button"[39m
    [33mtype[39m=[32m"button"[39m
  [36m/>[39m

  Name "Elimina la tasca":
  [36m<button[39m
    [33maria-label[39m=[32m"Elimina la tasca"[39m
    [33mclass[39m=[32m"ah-button ah-button--ghost ah-icon-button"[39m
    [33mtype[39m=[32m"button"[39m
  [36m/>[39m

  Name "Torna-la a pendent":
  [36m<button[39m
    [33maria-label[39m=[32m"Torna-la a pendent"[39m
    [33mclass[39m=[32m"ah-button ah-button--ghost ah-icon-button"[39m
    [33mtype[39m=[32m"button"[39m
  [36m/>[39m

  Name "Elimina la tasca":
  [36m<button[39m
    [33maria-label[39m=[32m"Elimina la tasca"[39m
    [33mclass[39m=[32m"ah-button ah-button--ghost ah-icon-button"[39m
    [33mtype[39m=[32m"button"[39m
  [36m/>[39m

  Name "Marca-la com a feta":
  [36m<button[39m
    [33maria-label[39m=[32m"Marca-la com a feta"[39m
    [33mclass[39m=[32m"ah-button ah-button--ghost ah-icon-button"[39m
    [33mtype[39m=[32m"button"[39m
  [36m/>[39m

  Name "Edita la tasca":
  [36m<button[39m
    [33maria-label[39m=[32m"Edita la tasca"[39m
    [33mclass[39m=[32m"ah-button ah-button--ghost ah-icon-button"[39m
    [33mtype[39m=[32m"button"[39m
  [36m/>[39m

  Name "Elimina la tasca":
  [36m<button[39m
    [33maria-label[39m=[32m"Elimina la tasca"[39m
    [33mclass[39m=[32m"ah-button ah-button--ghost ah-icon-button"[39m
    [33mtype[39m=[32m"button"[39m
  [36m/>[39m

  Name "Marca-la com a feta":
  [36m<button[39m
    [33maria-label[39m=[32m"Marca-la com a feta"[39m
    [33mclass[39m=[32m"ah-button ah-button--ghost ah-icon-button"[39m
    [33mtype[39m=[32m"button"[39m
  [36m/>[39m

  Name "Edita la tasca":
  [36m<button[39m
    [33maria-label[39m=[32m"Edita la tasca"[39m
    [33mclass[39m=[32m"ah-button ah-button--ghost ah-icon-button"[39m
    [33mtype[39m=[32m"button"[39m
  [36m/>[39m

  Name "Elimina la tasca":
  [36m<button[39m
    [33maria-label[39m=[32m"Elimina la tasca"[39m
    [33mclass[39m=[32m"ah-button ah-button--ghost ah-icon-button"[39m
    [33mtype[39m=[32m"button"[39m
  [36m/>[39m

  Name "Torna-la a pendent":
  [36m<button[39m
    [33maria-label[39m=[32m"Torna-la a pendent"[39m
    [33mclass[39m=[32m"ah-button ah-button--ghost ah-icon-button"[39m
    [33mtype[39m=[32m"button"[39m
  [36m/>[39m

  Name "Elimina la tasca":
  [36m<button[39m
    [33maria-label[39m=[32m"Elimina la tasca"[39m
    [33mclass[39m=[32m"ah-button ah-button--ghost ah-icon-button"[39m
    [33mtype[39m=[32m"button"[39m
  [36m/>[39m

  Name "Marca-la com a feta":
  [36m<button[39m
    [33maria-label[39m=[32m"Marca-la com a feta"[39m
    [33mclass[39m=[32m"ah-button ah-button--ghost ah-icon-button"[39m
    [33mtype[39m=[32m"button"[39m
  [36m/>[39m

  Name "Edita la tasca":
  [36m<button[39m
    [33maria-label[39m=[32m"Edita la tasca"[39m
    [33mclass[39m=[32m"ah-button ah-button--ghost ah-icon-button"[39m
    [33mtype[39m=[32m"button"[39m
  [36m/>[39m

  Name "Elimina la tasca":
  [36m<button[39m
    [33maria-label[39m=[32m"Elimina la tasca"[39m
    [33mclass[39m=[32m"ah-button ah-button--ghost ah-icon-button"[39m
    [33mtype[39m=[32m"button"[39m
  [36m/>[39m

  Name "Marca-la com a feta":
  [36m<button[39m
    [33maria-label[39m=[32m"Marca-la com a feta"[39m
    [33mclass[39m=[32m"ah-button ah-button--ghost ah-icon-button"[39m
    [33mtype[39m=[32m"button"[39m
  [36m/>[39m

  Name "Edita la tasca":
  [36m<button[39m
    [33maria-label[39m=[32m"Edita la tasca"[39m
    [33mclass[39m=[32m"ah-button ah-button--ghost ah-icon-button"[39m
    [33mtype[39m=[32m"button"[39m
  [36m/>[39m

  Name "Elimina la tasca":
  [36m<button[39m
    [33maria-label[39m=[32m"Elimina la tasca"[39m
    [33mclass[39m=[32m"ah-button ah-button--ghost ah-icon-button"[39m
    [33mtype[39m=[32m"button"[39m
  [36m/>[39m

  Name "Torna-la a pendent":
  [36m<button[39m
    [33maria-label[39m=[32m"Torna-la a pendent"[39m
    [33mclass[39m=[32m"ah-button ah-button--ghost ah-icon-button"[39m
    [33mtype[39m=[32m"button"[39m
  [36m/>[39m

  Name "Elimina la tasca":
  [36m<button[39m
    [33maria-label[39m=[32m"Elimina la tasca"[39m
    [33mclass[39m=[32m"ah-button ah-button--ghost ah-icon-button"[39m
    [33mtype[39m=[32m"button"[39m
  [36m/>[39m

  Name "Marca-la com a feta":
  [36m<button[39m
    [33maria-label[39m=[32m"Marca-la com a feta"[39m
    [33mclass[39m=[32m"ah-button ah-button--ghost ah-icon-button"[39m
    [33mtype[39m=[32m"button"[39m
  [36m/>[39m

  Name "Edita la tasca":
  [36m<button[39m
    [33maria-label[39m=[32m"Edita la tasca"[39m
    [33mclass[39m=[32m"ah-button ah-button--ghost ah-icon-button"[39m
    [33mtype[39m=[32m"button"[39m
  [36m/>[39m

  Name "Elimina la tasca":
  [36m<button[39m
    [33maria-label[39m=[32m"Elimina la tasca"[39m
    [33mclass[39m=[32m"ah-button ah-button--ghost ah-icon-button"[39m
    [33mtype[39m=[32m"button"[39m
  [36m/>[39m

  Name "Marca-la com a feta":
  [36m<button[39m
    [33maria-label[39m=[32m"Marca-la com a feta"[39m
    [33mclass[39m=[32m"ah-button ah-button--ghost ah-icon-button"[39m
    [33mtype[39m=[32m"button"[39m
  [36m/>[39m

  Name "Edita la tasca":
  [36m<button[39m
    [33maria-label[39m=[32m"Edita la tasca"[39m
    [33mclass[39m=[32m"ah-button ah-button--ghost ah-icon-button"[39m
    [33mtype[39m=[32m"button"[39m
  [36m/>[39m

  Name "Elimina la tasca":
  [36m<button[39m
    [33maria-label[39m=[32m"Elimina la tasca"[39m
    [33mclass[39m=[32m"ah-button ah-button--ghost ah-icon-button"[39m
    [33mtype[39m=[32m"button"[39m
  [36m/>[39m

  Name "Torna-la a pendent":
  [36m<button[39m
    [33maria-label[39m=[32m"Torna-la a pendent"[39m
    [33mclass[39m=[32m"ah-button ah-button--ghost ah-icon-button"[39m
    [33mtype[39m=[32m"button"[39m
  [36m/>[39m

  Name "Elimina la tasca":
  [36m<button[39m
    [33maria-label[39m=[32m"Elimina la tasca"[39m
    [33mclass[39m=[32m"ah-button ah-button--ghost ah-icon-button"[39m
    [33mtype[39m=[32m"button"[39m
  [36m/>[39m

  Name "Marca-la com a feta":
  [36m<button[39m
    [33maria-label[39m=[32m"Marca-la com a feta"[39m
    [33mclass[39m=[32m"ah-button ah-button--ghost ah-icon-button"[39m
    [33mtype[39m=[32m"button"[39m
  [36m/>[39m

  Name "Edita la tasca":
  [36m<button[39m
    [33maria-label[39m=[32m"Edita la tasca"[39m
    [33mclass[39m=[32m"ah-button ah-button--ghost ah-icon-button"[39m
    [33mtype[39m=[32m"button"[39m
  [36m/>[39m

  Name "Elimina la tasca":
  [36m<button[39m
    [33maria-label[39m=[32m"Elimina la tasca"[39m
    [33mclass[39m=[32m"ah-button ah-button--ghost ah-icon-button"[39m
    [33mtype[39m=[32m"button"[39m
  [36m/>[39m

  Name "Marca-la com a feta":
  [36m<button[39m
    [33maria-label[39m=[32m"Marca-la com a feta"[39m
    [33mclass[39m=[32m"ah-button ah-button--ghost ah-icon-button"[39m
    [33mtype[39m=[32m"button"[39m
  [36m/>[39m

  Name "Edita la tasca":
  [36m<button[39m
    [33maria-label[39m=[32m"Edita la tasca"[39m
    [33mclass[39m=[32m"ah-button ah-button--ghost ah-icon-button"[39m
    [33mtype[39m=[32m"button"[39m
  [36m/>[39m

  Name "Elimina la tasca":
  [36m<button[39m
    [33maria-label[39m=[32m"Elimina la tasca"[39m
    [33mclass[39m=[32m"ah-button ah-button--ghost ah-icon-button"[39m
    [33mtype[39m=[32m"button"[39m
  [36m/>[39m

  Name "Torna-la a pendent":
  [36m<button[39m
    [33maria-label[39m=[32m"Torna-la a pendent"[39m
    [33mclass[39m=[32m"ah-button ah-button--ghost ah-icon-button"[39m
    [33mtype[39m=[32m"button"[39m
  [36m/>[39m

  Name "Elimina la tasca":
  [36m<button[39m
    [33maria-label[39m=[32m"Elimina la tasca"[39m
    [33mclass[39m=[32m"ah-button ah-button--ghost ah-icon-button"[39m
    [33mtype[39m=[32m"button"[39m
  [36m/>[39m

  Name "Marca-la com a feta":
  [36m<button[39m
    [33maria-label[39m=[32m"Marca-la com a feta"[39m
    [33mclass[39m=[32m"ah-button ah-button--ghost ah-icon-button"[39m
    [33mtype[39m=[32m"button"[39m
  [36m/>[39m

  Name "Edita la tasca":
  [36m<button[39m
    [33maria-label[39m=[32m"Edita la tasca"[39m
    [33mclass[39m=[32m"ah-button ah-button--ghost ah-icon-button"[39m
    [33mtype[39m=[32m"button"[39m
  [36m/>[39m

  Name "Elimina la tasca":
  [36m<button[39m
    [33maria-label[39m=[32m"Elimina la tasca"[39m
    [33mclass[39m=[32m"ah-button ah-button--ghost ah-icon-button"[39m
    [33mtype[39m=[32m"button"[39m
  [36m/>[39m

  Name "Marca-la com a feta":
  [36m<button[39m
    [33maria-label[39m=[32m"Marca-la com a feta"[39m
    [33mclass[39m=[32m"ah-button ah-button--ghost ah-icon-button"[39m
    [33mtype[39m=[32m"button"[39m
  [36m/>[39m

  Name "Edita la tasca":
  [36m<button[39m
    [33maria-label[39m=[32m"Edita la tasca"[39m
    [33mclass[39m=[32m"ah-button ah-button--ghost ah-icon-button"[39m
    [33mtype[39m=[32m"button"[39m
  [36m/>[39m

  Name "Elimina la tasca":
  [36m<button[39m
    [33maria-label[39m=[32m"Elimina la tasca"[39m
    [33mclass[39m=[32m"ah-button ah-button--ghost ah-icon-button"[39m
    [33mtype[39m=[32m"button"[39m
  [36m/>[39m

  Name "Torna-la a pendent":
  [36m<button[39m
    [33maria-label[39m=[32m"Torna-la a pendent"[39m
    [33mclass[39m=[32m"ah-button ah-button--ghost ah-icon-button"[39m
    [33mtype[39m=[32m"button"[39m
  [36m/>[39m

  Name "Elimina la tasca":
  [36m<button[39m
    [33maria-label[39m=[32m"Elimina la tasca"[39m
    [33mclass[39m=[32m"ah-button ah-button--ghost ah-icon-button"[39m
    [33mtype[39m=[32m"button"[39m
  [36m/>[39m

  Name "Marca-la com a feta":
  [36m<button[39m
    [33maria-label[39m=[32m"Marca-la com a feta"[39m
    [33mclass[39m=[32m"ah-button ah-button--ghost ah-icon-button"[39m
    [33mtype[39m=[32m"button"[39m
  [36m/>[39m

  Name "Edita la tasca":
  [36m<button[39m
    [33maria-label[39m=[32m"Edita la tasca"[39m
    [33mclass[39m=[32m"ah-button ah-button--ghost ah-icon-button"[39m
    [33mtype[39m=[32m"button"[39m
  [36m/>[39m

  Name "Elimina la tasca":
  [36m<button[39m
    [33maria-label[39m=[32m"Elimina la tasca"[39m
    [33mclass[39m=[32m"ah-button ah-button--ghost ah-icon-button"[39m
    [33mtype[39m=[32m"button"[39m
  [36m/>[39m

  Name "Marca-la com a feta":
  [36m<button[39m
    [33maria-label[39m=[32m"Marca-la com a feta"[39m
    [33mclass[39m=[32m"ah-button ah-button--ghost ah-icon-button"[39m
    [33mtype[39m=[32m"button"[39m
  [36m/>[39m

  Name "Edita la tasca":
  [36m<button[39m
    [33maria-label[39m=[32m"Edita la tasca"[39m
    [33mclass[39m=[32m"ah-button ah-button--ghost ah-icon-button"[39m
    [33mtype[39m=[32m"button"[39m
  [36m/>[39m

  Name "Elimina la tasca":
  [36m<button[39m
    [33maria-label[39m=[32m"Elimina la tasca"[39m
    [33mclass[39m=[32m"ah-button ah-button--ghost ah-icon-button"[39m
    [33mtype[39m=[32m"button"[39m
  [36m/>[39m

  Name "Torna-la a pendent":
  [36m<button[39m
    [33maria-label[39m=[32m"Torna-la a pendent"[39m
    [33mclass[39m=[32m"ah-button ah-button--ghost ah-icon-button"[39m
    [33mtype[39m=[32m"button"[39m
  [36m/>[39m

  Name "Elimina la tasca":
  [36m<button[39m
    [33maria-label[39m=[32m"Elimina la tasca"[39m
    [33mclass[39m=[32m"ah-button ah-button--ghost ah-icon-button"[39m
    [33mtype[39m=[32m"button"[39m
  [36m/>[39m

  Name "Marca-la com a feta":
  [36m<button[39m
    [33maria-label[39m=[32m"Marca-la com a feta"[39m
    [33mclass[39m=[32m"ah-button ah-button--ghost ah-icon-button"[39m
    [33mtype[39m=[32m"button"[39m
  [36m/>[39m

  Name "Edita la tasca":
  [36m<button[39m
    [33maria-label[39m=[32m"Edita la tasca"[39m
    [33mclass[39m=[32m"ah-button ah-button--ghost ah-icon-button"[39m
    [33mtype[39m=[32m"button"[39m
  [36m/>[39m

  Name "Elimina la tasca":
  [36m<button[39m
    [33maria-label[39m=[32m"Elimina la tasca"[39m
    [33mclass[39m=[32m"ah-button ah-button--ghost ah-icon-button"[39m
    [33mtype[39m=[32m"button"[39m
  [36m/>[39m

  Name "Marca-la com a feta":
  [36m<button[39m
    [33maria-label[39m=[32m"Marca-la com a feta"[39m
    [33mclass[39m=[32m"ah-button ah-button--ghost ah-icon-button"[39m
    [33mtype[39m=[32m"button"[39m
  [36m/>[39m

  Name "Edita la tasca":
  [36m<button[39m
    [33maria-label[39m=[32m"Edita la tasca"[39m
    [33mclass[39m=[32m"ah-button ah-button--ghost ah-icon-button"[39m
    [33mtype[39m=[32m"button"[39m
  [36m/>[39m

  Name "Elimina la tasca":
  [36m<button[39m
    [33maria-label[39m=[32m"Elimina la tasca"[39m
    [33mclass[39m=[32m"ah-button ah-button--ghost ah-icon-button"[39m
    [33mtype[39m=[32m"button"[39m
  [36m/>[39m

  Name "Torna-la a pendent":
  [36m<button[39m
    [33maria-label[39m=[32m"Torna-la a pendent"[39m
    [33mclass[39m=[32m"ah-button ah-button--ghost ah-icon-button"[39m
    [33mtype[39m=[32m"button"[39m
  [36m/>[39m

  Name "Elimina la tasca":
  [36m<button[39m
    [33maria-label[39m=[32m"Elimina la tasca"[39m
    [33mclass[39m=[32m"ah-button ah-button--ghost ah-icon-button"[39m
    [33mtype[39m=[32m"button"[39m
  [36m/>[39m

  Name "Marca-la com a feta":
  [36m<button[39m
    [33maria-label[39m=[32m"Marca-la com a feta"[39m
    [33mclass[39m=[32m"ah-button ah-button--ghost ah-icon-button"[39m
    [33mtype[39m=[32m"button"[39m
  [36m/>[39m

  Name "Edita la tasca":
  [36m<button[39m
    [33maria-label[39m=[32m"Edita la tasca"[39m
    [33mclass[39m=[32m"ah-button ah-button--ghost ah-icon-button"[39m
    [33mtype[39m=[32m"button"[39m
  [36m/>[39m

  Name "Elimina la tasca":
  [36m<button[39m
    [33maria-label[39m=[32m"Elimina la tasca"[39m
    [33mclass[39m=[32m"ah-button ah-button--ghost ah-icon-button"[39m
    [33mtype[39m=[32m"button"[39m
  [36m/>[39m

  Name "Marca-la com a feta":
  [36m<button[39m
    [33maria-label[39m=[32m"Marca-la com a feta"[39m
    [33mclass[39m=[32m"ah-button ah-button--ghost ah-icon-button"[39m
    [33mtype[39m=[32m"button"[39m
  [36m/>[39m

  Name "Edita la tasca":
  [36m<button[39m
    [33maria-label[39m=[32m"Edita la tasca"[39m
    [33mclass[39m=[32m"ah-button ah-button--ghost ah-icon-button"[39m
    [33mtype[39m=[32m"button"[39m
  [36m/>[39m

  Name "Elimina la tasca":
  [36m<button[39m
    [33maria-label[39m=[32m"Elimina la tasca"[39m
    [33mclass[39m=[32m"ah-button ah-button--ghost ah-icon-button"[39m
    [33mtype[39m=[32m"button"[39m
  [36m/>[39m

  Name "Torna-la a pendent":
  [36m<button[39m
    [33maria-label[39m=[32m"Torna-la a pendent"[39m
    [33mclass[39m=[32m"ah-button ah-button--ghost ah-icon-button"[39m
    [33mtype[39m=[32m"button"[39m
  [36m/>[39m

  Name "Elimina la tasca":
  [36m<button[39m
    [33maria-label[39m=[32m"Elimina la tasca"[39m
    [33mclass[39m=[32m"ah-button ah-button--ghost ah-icon-button"[39m
    [33mtype[39m=[32m"button"[39m
  [36m/>[39m

  Name "Marca-la com a feta":
  [36m<button[39m
    [33maria-label[39m=[32m"Marca-la com a feta"[39m
    [33mclass[39m=[32m"ah-button ah-button--ghost ah-icon-button"[39m
    [33mtype[39m=[32m"button"[39m
  [36m/>[39m

  Name "Edita la tasca":
  [36m<button[39m
    [33maria-label[39m=[32m"Edita la tasca"[39m
    [33mclass[39m=[32m"ah-button ah-button--ghost ah-icon-button"[39m
    [33mtype[39m=[32m"button"[39m
  [36m/>[39m

  Name "Elimina la tasca":
  [36m<button[39m
    [33maria-label[39m=[32m"Elimina la tasca"[39m
    [33mclass[39m=[32m"ah-button ah-button--ghost ah-icon-button"[39m
    [33mtype[39m=[32m"button"[39m
  [36m/>[39m

  Name "Marca-la com a feta":
  [36m<button[39m
    [33maria-label[39m=[32m"Marca-la com a feta"[39m
    [33mclass[39m=[32m"ah-button ah-button--ghost ah-icon-button"[39m
    [33mtype[39m=[32m"button"[39m
  [36m/>[39m

  Name "Edita la tasca":
  [36m<button[39m
    [33maria-label[39m=[32m"Edita la tasca"[39m
    [33mclass[39m=[32m"ah-button ah-button--ghost ah-icon-button"[39m
    [33mtype[39m=[32m"button"[39m
  [36m/>[39m

  Name "Elimina la tasca":
  [36m<button[39m
    [33maria-label[39m=[32m"Elimina la tasca"[39m
    [33mclass[39m=[32m"ah-button ah-button--ghost ah-icon-button"[39m
    [33mtype[39m=[32m"button"[39m
  [36m/>[39m

  Name "Veure l'historial complet ›":
  [36m<button[39m
    [33mclass[39m=[32m"ah-followup__history"[39m
    [33mtype[39m=[32m"button"[39m
  [36m/>[39m

  Name "foto_balancí.jpg":
  [36m<button[39m
    [33mclass[39m=[32m"ah-attachment-chip__open"[39m
    [33mtype[39m=[32m"button"[39m
  [36m/>[39m

  Name "Desa":
  [36m<button[39m
    [33mclass[39m=[32m"ah-button ah-button--primary ah-followup__save"[39m
    [33mdisabled[39m=[32m""[39m
    [33mtype[39m=[32m"button"[39m
  [36m/>[39m

  --------------------------------------------------
  heading:

  Name "Tasques i notes — Laura + Duna":
  [36m<h1 />[39m

  Name "Observacions · privades · camp únic":
  [36m<h2[39m
    [33mclass[39m=[32m"ah-followup__title"[39m
    [33mid[39m=[32m"_r_1d_-title"[39m
  [36m/>[39m

  Name "Tasques":
  [36m<h2[39m
    [33mclass[39m=[32m"ah-tasks__title"[39m
    [33mid[39m=[32m"_r_1e_"[39m
  [36m/>[39m

  Name "Notes als instructors · de l'alumne · només lectura":
  [36m<h2[39m
    [33mclass[39m=[32m"ah-followup__title"[39m
    [33mid[39m=[32m"_r_1d_-note"[39m
  [36m/>[39m

  --------------------------------------------------
  region:

  Name "Observacions · privades · camp únic":
  [36m<section[39m
    [33maria-labelledby[39m=[32m"_r_1d_-title"[39m
    [33mclass[39m=[32m"ah-followup__block"[39m
  [36m/>[39m

  Name "Tasques":
  [36m<section[39m
    [33maria-labelledby[39m=[32m"_r_1e_"[39m
    [33mclass[39m=[32m"ah-tasks"[39m
  [36m/>[39m

  Name "Notes als instructors · de l'alumne · només lectura":
  [36m<section[39m
    [33maria-labelledby[39m=[32m"_r_1d_-note"[39m
    [33mclass[39m=[32m"ah-followup__block"[39m
  [36m/>[39m

  --------------------------------------------------
  textbox:

  Name "Observacions privades":
  [36m<textarea[39m
    [33mclass[39m=[32m"ah-input ah-textarea ah-followup__field"[39m
    [33mid[39m=[32m"_r_1d_"[39m
    [33mmaxlength[39m=[32m"2000"[39m
    [33mrows[39m=[32m"3"[39m
  [36m/>[39m

  --------------------------------------------------
  list:

  Name "":
  [36m<ul[39m
    [33mclass[39m=[32m"ah-tasks__list"[39m
  [36m/>[39m

  --------------------------------------------------
  listitem:

  Name "":
  [36m<li[39m
    [33mclass[39m=[32m"ah-task ah-task--pending"[39m
  [36m/>[39m

  Name "":
  [36m<li[39m
    [33mclass[39m=[32m"ah-task ah-task--pending"[39m
  [36m/>[39m

  Name "":
  [36m<li[39m
    [33mclass[39m=[32m"ah-task ah-task--done"[39m
  [36m/>[39m

  Name "":
  [36m<li[39m
    [33mclass[39m=[32m"ah-task ah-task--pending"[39m
  [36m/>[39m

  Name "":
  [36m<li[39m
    [33mclass[39m=[32m"ah-task ah-task--pending"[39m
  [36m/>[39m

  Name "":
  [36m<li[39m
    [33mclass[39m=[32m"ah-task ah-task--done"[39m
  [36m/>[39m

  Name "":
  [36m<li[39m
    [33mclass[39m=[32m"ah-task ah-task--pending"[39m
  [36m/>[39m

  Name "":
  [36m<li[39m
    [33mclass[39m=[32m"ah-task ah-task--pending"[39m
  [36m/>[39m

  Name "":
  [36m<li[39m
    [33mclass[39m=[32m"ah-task ah-task--done"[39m
  [36m/>[39m

  Name "":
  [36m<li[39m
    [33mclass[39m=[32m"ah-task ah-task--pending"[39m
  [36m/>[39m

  Name "":
  [36m<li[39m
    [33mclass[39m=[32m"ah-task ah-task--pending"[39m
  [36m/>[39m

  Name "":
  [36m<li[39m
    [33mclass[39m=[32m"ah-task ah-task--done"[39m
  [36m/>[39m

  Name "":
  [36m<li[39m
    [33mclass[39m=[32m"ah-task ah-task--pending"[39m
  [36m/>[39m

  Name "":
  [36m<li[39m
    [33mclass[39m=[32m"ah-task ah-task--pending"[39m
  [36m/>[39m

  Name "":
  [36m<li[39m
    [33mclass[39m=[32m"ah-task ah-task--done"[39m
  [36m/>[39m

  Name "":
  [36m<li[39m
    [33mclass[39m=[32m"ah-task ah-task--pending"[39m
  [36m/>[39m

  Name "":
  [36m<li[39m
    [33mclass[39m=[32m"ah-task ah-task--pending"[39m
  [36m/>[39m

  Name "":
  [36m<li[39m
    [33mclass[39m=[32m"ah-task ah-task--done"[39m
  [36m/>[39m

  Name "":
  [36m<li[39m
    [33mclass[39m=[32m"ah-task ah-task--pending"[39m
  [36m/>[39m

  Name "":
  [36m<li[39m
    [33mclass[39m=[32m"ah-task ah-task--pending"[39m
  [36m/>[39m

  Name "":
  [36m<li[39m
    [33mclass[39m=[32m"ah-task ah-task--done"[39m
  [36m/>[39m

  Name "":
  [36m<li[39m
    [33mclass[39m=[32m"ah-task ah-task--pending"[39m
  [36m/>[39m

  Name "":
  [36m<li[39m
    [33mclass[39m=[32m"ah-task ah-task--pending"[39m
  [36m/>[39m

  Name "":
  [36m<li[39m
    [33mclass[39m=[32m"ah-task ah-task--done"[39m
  [36m/>[39m

  Name "":
  [36m<li[39m
    [33mclass[39m=[32m"ah-task ah-task--pending"[39m
  [36m/>[39m

  Name "":
  [36m<li[39m
    [33mclass[39m=[32m"ah-task ah-task--pending"[39m
  [36m/>[39m

  Name "":
  [36m<li[39m
    [33mclass[39m=[32m"ah-task ah-task--done"[39m
  [36m/>[39m

  Name "":
  [36m<li[39m
    [33mclass[39m=[32m"ah-task ah-task--pending"[39m
  [36m/>[39m

  Name "":
  [36m<li[39m
    [33mclass[39m=[32m"ah-task ah-task--pending"[39m
  [36m/>[39m

  Name "":
  [36m<li[39m
    [33mclass[39m=[32m"ah-task ah-task--done"[39m
  [36m/>[39m

  Name "":
  [36m<li[39m
    [33mclass[39m=[32m"ah-task ah-task--pending"[39m
  [36m/>[39m

  Name "":
  [36m<li[39m
    [33mclass[39m=[32m"ah-task ah-task--pending"[39m
  [36m/>[39m

  Name "":
  [36m<li[39m
    [33mclass[39m=[32m"ah-task ah-task--done"[39m
  [36m/>[39m

  Name "":
  [36m<li[39m
    [33mclass[39m=[32m"ah-task ah-task--pending"[39m
  [36m/>[39m

  Name "":
  [36m<li[39m
    [33mclass[39m=[32m"ah-task ah-task--pending"[39m
  [36m/>[39m

  Name "":
  [36m<li[39m
    [33mclass[39m=[32m"ah-task ah-task--done"[39m
  [36m/>[39m

  Name "":
  [36m<li[39m
    [33mclass[39m=[32m"ah-task ah-task--pending"[39m
  [36m/>[39m

  Name "":
  [36m<li[39m
    [33mclass[39m=[32m"ah-task ah-task--pending"[39m
  [36m/>[39m

  Name "":
  [36m<li[39m
    [33mclass[39m=[32m"ah-task ah-task--done"[39m
  [36m/>[39m

  Name "":
  [36m<li[39m
    [33mclass[39m=[32m"ah-task ah-task--pending"[39m
  [36m/>[39m

  Name "":
  [36m<li[39m
    [33mclass[39m=[32m"ah-task ah-task--pending"[39m
  [36m/>[39m

  Name "":
  [36m<li[39m
    [33mclass[39m=[32m"ah-task ah-task--done"[39m
  [36m/>[39m

  Name "":
  [36m<li[39m
    [33mclass[39m=[32m"ah-task ah-task--pending"[39m
  [36m/>[39m

  Name "":
  [36m<li[39m
    [33mclass[39m=[32m"ah-task ah-task--pending"[39m
  [36m/>[39m

  Name "":
  [36m<li[39m
    [33mclass[39m=[32m"ah-task ah-task--done"[39m
  [36m/>[39m

  Name "":
  [36m<li[39m
    [33mclass[39m=[32m"ah-task ah-task--pending"[39m
  [36m/>[39m

  Name "":
  [36m<li[39m
    [33mclass[39m=[32m"ah-task ah-task--pending"[39m
  [36m/>[39m

  Name "":
  [36m<li[39m
    [33mclass[39m=[32m"ah-task ah-task--done"[39m
  [36m/>[39m

  Name "":
  [36m<li[39m
    [33mclass[39m=[32m"ah-task ah-task--pending"[39m
  [36m/>[39m

  Name "":
  [36m<li[39m
    [33mclass[39m=[32m"ah-task ah-task--pending"[39m
  [36m/>[39m

  --------------------------------------------------
  paragraph:

  Name "":
  [36m<p[39m
    [33mclass[39m=[32m"ah-task__text"[39m
  [36m/>[39m

  Name "":
  [36m<p[39m
    [33mclass[39m=[32m"ah-task__meta"[39m
  [36m/>[39m

  Name "":
  [36m<p[39m
    [33mclass[39m=[32m"ah-task__text"[39m
  [36m/>[39m

  Name "":
  [36m<p[39m
    [33mclass[39m=[32m"ah-task__meta"[39m
  [36m/>[39m

  Name "":
  [36m<p[39m
    [33mclass[39m=[32m"ah-task__text"[39m
  [36m/>[39m

  Name "":
  [36m<p[39m
    [33mclass[39m=[32m"ah-task__meta"[39m
  [36m/>[39m

  Name "":
  [36m<p[39m
    [33mclass[39m=[32m"ah-task__text"[39m
  [36m/>[39m

  Name "":
  [36m<p[39m
    [33mclass[39m=[32m"ah-task__meta"[39m
  [36m/>[39m

  Name "":
  [36m<p[39m
    [33mclass[39m=[32m"ah-task__text"[39m
  [36m/>[39m

  Name "":
  [36m<p[39m
    [33mclass[39m=[32m"ah-task__meta"[39m
  [36m/>[39m

  Name "":
  [36m<p[39m
    [33mclass[39m=[32m"ah-task__text"[39m
  [36m/>[39m

  Name "":
  [36m<p[39m
    [33mclass[39m=[32m"ah-task__meta"[39m
  [36m/>[39m

  Name "":
  [36m<p[39m
    [33mclass[39m=[32m"ah-task__text"[39m
  [36m/>[39m

  Name "":
  [36m<p[39m
    [33mclass[39m=[32m"ah-task__meta"[39m
  [36m/>[39m

  Name "":
  [36m<p[39m
    [33mclass[39m=[32m"ah-task__text"[39m
  [36m/>[39m

  Name "":
  [36m<p[39m
    [33mclass[39m=[32m"ah-task__meta"[39m
  [36m/>[39m

  Name "":
  [36m<p[39m
    [33mclass[39m=[32m"ah-task__text"[39m
  [36m/>[39m

  Name "":
  [36m<p[39m
    [33mclass[39m=[32m"ah-task__meta"[39m
  [36m/>[39m

  Name "":
  [36m<p[39m
    [33mclass[39m=[32m"ah-task__text"[39m
  [36m/>[39m

  Name "":
  [36m<p[39m
    [33mclass[39m=[32m"ah-task__meta"[39m
  [36m/>[39m

  Name "":
  [36m<p[39m
    [33mclass[39m=[32m"ah-task__text"[39m
  [36m/>[39m

  Name "":
  [36m<p[39m
    [33mclass[39m=[32m"ah-task__meta"[39m
  [36m/>[39m

  Name "":
  [36m<p[39m
    [33mclass[39m=[32m"ah-task__text"[39m
  [36m/>[39m

  Name "":
  [36m<p[39m
    [33mclass[39m=[32m"ah-task__meta"[39m
  [36m/>[39m

  Name "":
  [36m<p[39m
    [33mclass[39m=[32m"ah-task__text"[39m
  [36m/>[39m

  Name "":
  [36m<p[39m
    [33mclass[39m=[32m"ah-task__meta"[39m
  [36m/>[39m

  Name "":
  [36m<p[39m
    [33mclass[39m=[32m"ah-task__text"[39m
  [36m/>[39m

  Name "":
  [36m<p[39m
    [33mclass[39m=[32m"ah-task__meta"[39m
  [36m/>[39m

  Name "":
  [36m<p[39m
    [33mclass[39m=[32m"ah-task__text"[39m
  [36m/>[39m

  Name "":
  [36m<p[39m
    [33mclass[39m=[32m"ah-task__meta"[39m
  [36m/>[39m

  Name "":
  [36m<p[39m
    [33mclass[39m=[32m"ah-task__text"[39m
  [36m/>[39m

  Name "":
  [36m<p[39m
    [33mclass[39m=[32m"ah-task__meta"[39m
  [36m/>[39m

  Name "":
  [36m<p[39m
    [33mclass[39m=[32m"ah-task__text"[39m
  [36m/>[39m

  Name "":
  [36m<p[39m
    [33mclass[39m=[32m"ah-task__meta"[39m
  [36m/>[39m

  Name "":
  [36m<p[39m
    [33mclass[39m=[32m"ah-task__text"[39m
  [36m/>[39m

  Name "":
  [36m<p[39m
    [33mclass[39m=[32m"ah-task__meta"[39m
  [36m/>[39m

  Name "":
  [36m<p[39m
    [33mclass[39m=[32m"ah-task__text"[39m
  [36m/>[39m

  Name "":
  [36m<p[39m
    [33mclass[39m=[32m"ah-task__meta"[39m
  [36m/>[39m

  Name "":
  [36m<p[39m
    [33mclass[39m=[32m"ah-task__text"[39m
  [36m/>[39m

  Name "":
  [36m<p[39m
    [33mclass[39m=[32m"ah-task__meta"[39m
  [36m/>[39m

  Name "":
  [36m<p[39m
    [33mclass[39m=[32m"ah-task__text"[39m
  [36m/>[39m

  Name "":
  [36m<p[39m
    [33mclass[39m=[32m"ah-task__meta"[39m
  [36m/>[39m

  Name "":
  [36m<p[39m
    [33mclass[39m=[32m"ah-task__text"[39m
  [36m/>[39m

  Name "":
  [36m<p[39m
    [33mclass[39m=[32m"ah-task__meta"[39m
  [36m/>[39m

  Name "":
  [36m<p[39m
    [33mclass[39m=[32m"ah-task__text"[39m
  [36m/>[39m

  Name "":
  [36m<p[39m
    [33mclass[39m=[32m"ah-task__meta"[39m
  [36m/>[39m

  Name "":
  [36m<p[39m
    [33mclass[39m=[32m"ah-task__text"[39m
  [36m/>[39m

  Name "":
  [36m<p[39m
    [33mclass[39m=[32m"ah-task__meta"[39m
  [36m/>[39m

  Name "":
  [36m<p[39m
    [33mclass[39m=[32m"ah-task__text"[39m
  [36m/>[39m

  Name "":
  [36m<p[39m
    [33mclass[39m=[32m"ah-task__meta"[39m
  [36m/>[39m

  Name "":
  [36m<p[39m
    [33mclass[39m=[32m"ah-task__text"[39m
  [36m/>[39m

  Name "":
  [36m<p[39m
    [33mclass[39m=[32m"ah-task__meta"[39m
  [36m/>[39m

  Name "":
  [36m<p[39m
    [33mclass[39m=[32m"ah-task__text"[39m
  [36m/>[39m

  Name "":
  [36m<p[39m
    [33mclass[39m=[32m"ah-task__meta"[39m
  [36m/>[39m

  Name "":
  [36m<p[39m
    [33mclass[39m=[32m"ah-task__text"[39m
  [36m/>[39m

  Name "":
  [36m<p[39m
    [33mclass[39m=[32m"ah-task__meta"[39m
  [36m/>[39m

  Name "":
  [36m<p[39m
    [33mclass[39m=[32m"ah-task__text"[39m
  [36m/>[39m

  Name "":
  [36m<p[39m
    [33mclass[39m=[32m"ah-task__meta"[39m
  [36m/>[39m

  Name "":
  [36m<p[39m
    [33mclass[39m=[32m"ah-task__text"[39m
  [36m/>[39m

  Name "":
  [36m<p[39m
    [33mclass[39m=[32m"ah-task__meta"[39m
  [36m/>[39m

  Name "":
  [36m<p[39m
    [33mclass[39m=[32m"ah-task__text"[39m
  [36m/>[39m

  Name "":
  [36m<p[39m
    [33mclass[39m=[32m"ah-task__meta"[39m
  [36m/>[39m

  Name "":
  [36m<p[39m
    [33mclass[39m=[32m"ah-task__text"[39m
  [36m/>[39m

  Name "":
  [36m<p[39m
    [33mclass[39m=[32m"ah-task__meta"[39m
  [36m/>[39m

  Name "":
  [36m<p[39m
    [33mclass[39m=[32m"ah-task__text"[39m
  [36m/>[39m

  Name "":
  [36m<p[39m
    [33mclass[39m=[32m"ah-task__meta"[39m
  [36m/>[39m

  Name "":
  [36m<p[39m
    [33mclass[39m=[32m"ah-task__text"[39m
  [36m/>[39m

  Name "":
  [36m<p[39m
    [33mclass[39m=[32m"ah-task__meta"[39m
  [36m/>[39m

  Name "":
  [36m<p[39m
    [33mclass[39m=[32m"ah-task__text"[39m
  [36m/>[39m

  Name "":
  [36m<p[39m
    [33mclass[39m=[32m"ah-task__meta"[39m
  [36m/>[39m

  Name "":
  [36m<p[39m
    [33mclass[39m=[32m"ah-task__text"[39m
  [36m/>[39m

  Name "":
  [36m<p[39m
    [33mclass[39m=[32m"ah-task__meta"[39m
  [36m/>[39m

  Name "":
  [36m<p[39m
    [33mclass[39m=[32m"ah-task__text"[39m
  [36m/>[39m

  Name "":
  [36m<p[39m
    [33mclass[39m=[32m"ah-task__meta"[39m
  [36m/>[39m

  Name "":
  [36m<p[39m
    [33mclass[39m=[32m"ah-task__text"[39m
  [36m/>[39m

  Name "":
  [36m<p[39m
    [33mclass[39m=[32m"ah-task__meta"[39m
  [36m/>[39m

  Name "":
  [36m<p[39m
    [33mclass[39m=[32m"ah-task__text"[39m
  [36m/>[39m

  Name "":
  [36m<p[39m
    [33mclass[39m=[32m"ah-task__meta"[39m
  [36m/>[39m

  Name "":
  [36m<p[39m
    [33mclass[39m=[32m"ah-task__text"[39m
  [36m/>[39m

  Name "":
  [36m<p[39m
    [33mclass[39m=[32m"ah-task__meta"[39m
  [36m/>[39m

  Name "":
  [36m<p[39m
    [33mclass[39m=[32m"ah-task__text"[39m
  [36m/>[39m

  Name "":
  [36m<p[39m
    [33mclass[39m=[32m"ah-task__meta"[39m
  [36m/>[39m

  Name "":
  [36m<p[39m
    [33mclass[39m=[32m"ah-task__text"[39m
  [36m/>[39m

  Name "":
  [36m<p[39m
    [33mclass[39m=[32m"ah-task__meta"[39m
  [36m/>[39m

  Name "":
  [36m<p[39m
    [33mclass[39m=[32m"ah-task__text"[39m
  [36m/>[39m

  Name "":
  [36m<p[39m
    [33mclass[39m=[32m"ah-task__meta"[39m
  [36m/>[39m

  Name "":
  [36m<p[39m
    [33mclass[39m=[32m"ah-task__text"[39m
  [36m/>[39m

  Name "":
  [36m<p[39m
    [33mclass[39m=[32m"ah-task__meta"[39m
  [36m/>[39m

  Name "":
  [36m<p[39m
    [33mclass[39m=[32m"ah-task__text"[39m
  [36m/>[39m

  Name "":
  [36m<p[39m
    [33mclass[39m=[32m"ah-task__meta"[39m
  [36m/>[39m

  Name "":
  [36m<p[39m
    [33mclass[39m=[32m"ah-task__text"[39m
  [36m/>[39m

  Name "":
  [36m<p[39m
    [33mclass[39m=[32m"ah-task__meta"[39m
  [36m/>[39m

  Name "":
  [36m<p[39m
    [33mclass[39m=[32m"ah-task__text"[39m
  [36m/>[39m

  Name "":
  [36m<p[39m
    [33mclass[39m=[32m"ah-task__meta"[39m
  [36m/>[39m

  Name "":
  [36m<p[39m
    [33mclass[39m=[32m"ah-task__text"[39m
  [36m/>[39m

  Name "":
  [36m<p[39m
    [33mclass[39m=[32m"ah-task__meta"[39m
  [36m/>[39m

  Name "":
  [36m<p[39m
    [33mclass[39m=[32m"ah-task__text"[39m
  [36m/>[39m

  Name "":
  [36m<p[39m
    [33mclass[39m=[32m"ah-task__meta"[39m
  [36m/>[39m

  Name "":
  [36m<p[39m
    [33mclass[39m=[32m"ah-task__text"[39m
  [36m/>[39m

  Name "":
  [36m<p[39m
    [33mclass[39m=[32m"ah-task__meta"[39m
  [36m/>[39m

  Name "":
  [36m<p />[39m

  --------------------------------------------------

Ignored nodes: comments, script, style
[36m<body>[39m
  [36m<div>[39m
    [36m<section[39m
      [33mclass[39m=[32m"instructor-screen instructor-tasks"[39m
    [36m>[39m
      [36m<header[39m
        [33mclass[39m=[32m"ah-app-bar instructor-screen__bar"[39m
      [36m>[39m
        [36m<div[39m
          [33mclass[39m=[32m"ah-app-bar__side"[39m
        [36m>[39m
          [36m<button[39m
            [33maria-label[39m=[32m"Torna"[39m
            [33mclass[39m=[32m"ah-button ah-button--ghost ah-icon-button instructor-screen__back"[39m
            [33mtype[39m=[32m"button"[39m
          [36m>[39m
            [36m<span[39m
              [33mclass[39m=[32m"ah-button__content"[39m
            [36m>[39m
              [36m<svg[39m
                [33maria-hidden[39m=[32m"true"[39m
                [33mclass[39m=[32m"ah-icon"[39m
              [36m>[39m
                [36m<use[39m
                  [33mhref[39m=[32m"http://localhost:3000/@fs/Users/jordib/dev/agilityhub/agilityhub-core-web/packages/ui/src/icons/sprite.svg#i-chev"[39m
                [36m/>[39m
              [36m</svg>[39m
            [36m</span>[39m
          [36m</button>[39m
        [36m</div>[39m
        [36m<div[39m
          [33mclass[39m=[32m"ah-app-bar__title"[39m
        [36m>[39m
          [36m<h1>[39m
            [0mTasques i notes — Laura + Duna[0m
          [36m</h1>[39m
        [36m</div>[39m
        [36m<div[39m
          [33mclass[39m=[32m"ah-app-bar__side ah-app-bar__side--end"[39m
        [36m/>[39m
      [36m</header>[39m
      [36m<div[39m
        [33mclass[39m=[32m"ah-followup"[39m
      [36m>[39m
        [36m<section[39m
          [33maria-labelledby[39m=[32m"_r_1d_-title"[39m
          [33mclass[39m=[32m"ah-followup__block"[39m
        [36m>[39m
          [36m<h2[39m
            [33mclass[39m=[32m"ah-followup__title"[39m
            [33mid[39m=[32m"_r_1d_-title"[39m
          [36m>[39m
            [0mObservacions[0m
            [0m [0m
            [36m<span>[39m
              [0m· privades · camp únic[0m
            [36m</span>[39m
          [36m</h2>[39m
          [36m<label[39m
            [33mclass[39m=[32m"ah-sr-only"[39m
            [33mfor[39m=[32m"_r_1d_"[39m
          [36m>[39m
            [0mObservacions privades[0m
          [36m</label>[39m
          [36m<textarea[39m
            [33mclass[39m=[32m"ah-input ah-textarea ah-followup__field"[39m
            [33mid[39m=[32m"_r_1d_"[39m
            [33mmaxlength[39m=[32m"2000"[39m
            [33mrows[39m=[32m"3"[39m
          [36m>[39m
            [0mVa molt bé amb reforç de pilota. Evitar sobrecàrrega de salts: revisar espatlla dreta si coixeja. Parlar amb la Laura del pas a D a final de temporada.[0m
          [36m</textarea>[39m
          [36m<div[39m
            [33mclass[39m=[32m"ah-followup__clips"[39m
          [36m>[39m
            [36m<span[39m
              [33mclass[39m=[32m"ah-attachment-picker"[39m
            [36m>[39m
              [36m<button[39m
                [33mclass[39m=[32m"ah-button ah-button--ghost"[39m
                [33mtype[39m=[32m"button"[39m
              [36m>[39m
                [36m<span[39m
                  [33mclass[39m=[32m"ah-button__content"[39m
                [36m>[39m
                  [36m<svg[39m
                    [33maria-hidden[39m=[32m"true"[39m
                    [33mclass[39m=[32m"ah-icon"[39m
                  [36m>[39m
                    [36m<use[39m
                      [33mhref[39m=[32m"http://localhost:3000/@fs/Users/jordib/dev/agilityhub/agilityhub-core-web/packages/ui/src/icons/sprite.svg#i-clip"[39m
                    [36m/>[39m
                  [36m</svg>[39m
                  [0m [0m
                  [0mAdjunta un fitxer[0m
                [36m</span>[39m
              [36m</button>[39m
              [36m<input[39m
                [33maria-label[39m=[32m"Adjunta un fitxer"[39m
                [33mclass[39m=[32m"ah-sr-only"[39m
                [33mmultiple[39m=[32m""[39m
                [33mtabindex[39m=[32m"-1"[39m
                [33mtype[39m=[32m"file"[39m
              [36m/>[39m
            [36m</span>[39m
          [36m</div>[39m
        [36m</section>[39m
        [36m<section[39m
          [33maria-labelledby[39m=[32m"_r_1e_"[39m
          [33mclass[39m=[32m"ah-tasks"[39m
        [36m>[39m
          [36m<header[39m
            [33mclass[39m=[32m"ah-tasks__header"[39m
          [36m>[39m
            [36m<h2[39m
              [33mclass[39m=[32m"ah-tasks__title"[39m
              [33mid[39m=[32m"_r_1e_"[39m
            [36m>[39m
              [0mTasques[0m
            [36m</h2>[39m
            [36m<button[39m
              [33mclass[39m=[32m"ah-button ah-button--ghost ah-tasks__add"[39m
              [33mtype[39m=[32m"button"[39m
            [36m>[39m
              [36m<span[39m
                [33mclass[39m=[32m"ah-button__content"[39m
              [36m>[39m
                [36m<svg[39m
                  [33maria-hidden[39m=[32m"true"[39m
                  [33mclass[39m=[32m"ah-icon"[39m
                [36m>[39m
                  [36m<use[39m
                    [33mhref[39m=[32m"http://localhost:3000/@fs/Users/jordib/dev/agilityhub/agilityhub-core-web/packages/ui/src/icons/sprite.svg#i-plus"[39m
                  [36m/>[39m
                [36m</svg>[39m
                [0m [0m
                [0mAfegir[0m
              [36m</span>[39m
            [36m</button>[39m
          [36m</header>[39m
          [36m<ul[39m
            [33mclass[39m=[32m"ah-tasks__list"[39m
          [36m>[39m
            [36m<li[39m
              [33mclass[39m=[32m"ah-task ah-task--pending"[39m
            [36m>[39m
              [36m<div[39m
                [33mclass[39m=[32m"ah-task__head"[39m
              [36m>[39m
                [36m<span[39m
                  [33mclass[39m=[32m"ah-badge ah-tone--warning"[39m
                [36m>[39m
                  [0mpendent[0m
                [36m</span>[39m
                [36m<span[39m
                  [33mclass[39m=[32m"ah-task__actions"[39m
                [36m>[39m
                  [36m<button[39m
                    [33maria-label[39m=[32m"Marca-la com a feta"[39m
                    [33mclass[39m=[32m"ah-button ah-button--ghost ah-icon-button"[39m
                    [33mtype[39m=[32m"button"[39m
                  [36m>[39m
                    [36m<span[39m
                      [33mclass[39m=[32m"ah-button__content"[39m
                    [36m>[39m
                      [36m<svg[39m
                        [33maria-hidden[39m=[32m"true"[39m
                        [33mclass[39m=[32m"ah-icon"[39m
                      [36m...
 ❯ Object.getElementError ../../node_modules/.pnpm/@testing-library+dom@10.4.1/node_modules/@testing-library/dom/dist/config.js:37:19
 ❯ ../../node_modules/.pnpm/@testing-library+dom@10.4.1/node_modules/@testing-library/dom/dist/query-helpers.js:76:38
 ❯ ../../node_modules/.pnpm/@testing-library+dom@10.4.1/node_modules/@testing-library/dom/dist/query-helpers.js:52:17
 ❯ ../../node_modules/.pnpm/@testing-library+dom@10.4.1/node_modules/@testing-library/dom/dist/query-helpers.js:95:19
 ❯ src/instructor/tasks.test.tsx:490:28
    488|     await renderTasks({ scenario: "tasksMany", tasks: 50 });
    489|     expect(screen.queryByText(/^Repàs 49/u)).toBeNull();
    490|     fireEvent.click(screen.getByRole("button", { name: "Mostra'n més" …
       |                            ^
    491|     await waitFor(() => {
    492|       expect(cards()).toHaveLength(52);

⎯⎯⎯⎯⎯⎯⎯⎯⎯⎯⎯⎯⎯⎯⎯⎯⎯⎯⎯⎯⎯⎯⎯⎯[4/6]⎯

 FAIL  src/instructor/tasks.test.tsx > E6-W02 round 2 (review of 30-09): screen 26 > #4 (AGENTS rule 4): a clip that cannot be opened says why next to it — by its code, or «No s'ha pogut obrir el fitxer.» without an answer — on the list, the member's note and the history drawer
TestingLibraryElementError: Unable to find role="alert"

Ignored nodes: comments, script, style
[36m<li[39m
  [33mclass[39m=[32m"ah-task ah-task--pending"[39m
[36m>[39m
  [36m<div[39m
    [33mclass[39m=[32m"ah-task__head"[39m
  [36m>[39m
    [36m<span[39m
      [33mclass[39m=[32m"ah-badge ah-tone--warning"[39m
    [36m>[39m
      [0mpendent[0m
    [36m</span>[39m
    [36m<span[39m
      [33mclass[39m=[32m"ah-task__actions"[39m
    [36m>[39m
      [36m<button[39m
        [33maria-label[39m=[32m"Marca-la com a feta"[39m
        [33mclass[39m=[32m"ah-button ah-button--ghost ah-icon-button"[39m
        [33mtype[39m=[32m"button"[39m
      [36m>[39m
        [36m<span[39m
          [33mclass[39m=[32m"ah-button__content"[39m
        [36m>[39m
          [36m<svg[39m
            [33maria-hidden[39m=[32m"true"[39m
            [33mclass[39m=[32m"ah-icon"[39m
          [36m>[39m
            [36m<use[39m
              [33mhref[39m=[32m"http://localhost:3000/@fs/Users/jordib/dev/agilityhub/agilityhub-core-web/packages/ui/src/icons/sprite.svg#i-check"[39m
            [36m/>[39m
          [36m</svg>[39m
        [36m</span>[39m
      [36m</button>[39m
      [36m<button[39m
        [33maria-label[39m=[32m"Edita la tasca"[39m
        [33mclass[39m=[32m"ah-button ah-button--ghost ah-icon-button"[39m
        [33mtype[39m=[32m"button"[39m
      [36m>[39m
        [36m<span[39m
          [33mclass[39m=[32m"ah-button__content"[39m
        [36m>[39m
          [36m<svg[39m
            [33maria-hidden[39m=[32m"true"[39m
            [33mclass[39m=[32m"ah-icon"[39m
          [36m>[39m
            [36m<use[39m
              [33mhref[39m=[32m"http://localhost:3000/@fs/Users/jordib/dev/agilityhub/agilityhub-core-web/packages/ui/src/icons/sprite.svg#i-edit"[39m
            [36m/>[39m
          [36m</svg>[39m
        [36m</span>[39m
      [36m</button>[39m
      [36m<button[39m
        [33maria-label[39m=[32m"Elimina la tasca"[39m
        [33mclass[39m=[32m"ah-button ah-button--ghost ah-icon-button"[39m
        [33mtype[39m=[32m"button"[39m
      [36m>[39m
        [36m<span[39m
          [33mclass[39m=[32m"ah-button__content"[39m
        [36m>[39m
          [36m<svg[39m
            [33maria-hidden[39m=[32m"true"[39m
            [33mclass[39m=[32m"ah-icon"[39m
          [36m>[39m
            [36m<use[39m
              [33mhref[39m=[32m"http://localhost:3000/@fs/Users/jordib/dev/agilityhub/agilityhub-core-web/packages/ui/src/icons/sprite.svg#i-x"[39m
            [36m/>[39m
          [36m</svg>[39m
        [36m</span>[39m
      [36m</button>[39m
    [36m</span>[39m
  [36m</div>[39m
  [36m<p[39m
    [33mclass[39m=[32m"ah-task__text"[39m
  [36m>[39m
    [0mAquesta setmana practiqueu el balancí amb calma: sessions curtes i moltes recompenses[0m
  [36m</p>[39m
  [36m<p[39m
    [33mclass[39m=[32m"ah-task__meta"[39m
  [36m>[39m
    [36m<span>[39m
      [0m31-07 · Estel[0m
      [0m · [0m
    [36m</span>[39m
    [36m<span[39m
      [33mclass[39m=[32m"ah-attachment-chips"[39m
    [36m>[39m
      [36m<span[39m
        [33mclass[39m=[32m"ah-attachment-chip"[39m
      [36m>[39m
        [36m<button[39m
          [33mclass[39m=[32m"ah-attachment-chip__open"[39m
          [33mtype[39m=[32m"button"[39m
        [36m>[39m
          [36m<svg[39m
            [33maria-hidden[39m=[32m"true"[39m
            [33mclass[39m=[32m"ah-icon"[39m
          [36m>[39m
            [36m<use[39m
              [33mhref[39m=[32m"http://localhost:3000/@fs/Users/jordib/dev/agilityhub/agilityhub-core-web/packages/ui/src/icons/sprite.svg#i-clip"[39m
            [36m/>[39m
          [36m</svg>[39m
          [36m<span>[39m
            [0mvídeo_balancí.mp4[0m
          [36m</span>[39m
        [36m</button>[39m
      [36m</span>[39m
    [36m</span>[39m
  [36m</p>[39m
[36m</li>[39m

Ignored nodes: comments, script, style
[36m<li[39m
  [33mclass[39m=[32m"ah-task ah-task--pending"[39m
[36m>[39m
  [36m<div[39m
    [33mclass[39m=[32m"ah-task__head"[39m
  [36m>[39m
    [36m<span[39m
      [33mclass[39m=[32m"ah-badge ah-tone--warning"[39m
    [36m>[39m
      [0mpendent[0m
    [36m</span>[39m
    [36m<span[39m
      [33mclass[39m=[32m"ah-task__actions"[39m
    [36m>[39m
      [36m<button[39m
        [33maria-label[39m=[32m"Marca-la com a feta"[39m
        [33mclass[39m=[32m"ah-button ah-button--ghost ah-icon-button"[39m
        [33mtype[39m=[32m"button"[39m
      [36m>[39m
        [36m<span[39m
          [33mclass[39m=[32m"ah-button__content"[39m
        [36m>[39m
          [36m<svg[39m
            [33maria-hidden[39m=[32m"true"[39m
            [33mclass[39m=[32m"ah-icon"[39m
          [36m>[39m
            [36m<use[39m
              [33mhref[39m=[32m"http://localhost:3000/@fs/Users/jordib/dev/agilityhub/agilityhub-core-web/packages/ui/src/icons/sprite.svg#i-check"[39m
            [36m/>[39m
          [36m</svg>[39m
        [36m</span>[39m
      [36m</button>[39m
      [36m<button[39m
        [33maria-label[39m=[32m"Edita la tasca"[39m
        [33mclass[39m=[32m"ah-button ah-button--ghost ah-icon-button"[39m
        [33mtype[39m=[32m"button"[39m
      [36m>[39m
        [36m<span[39m
          [33mclass[39m=[32m"ah-button__content"[39m
        [36m>[39m
          [36m<svg[39m
            [33maria-hidden[39m=[32m"true"[39m
            [33mclass[39m=[32m"ah-icon"[39m
          [36m>[39m
            [36m<use[39m
              [33mhref[39m=[32m"http://localhost:3000/@fs/Users/jordib/dev/agilityhub/agilityhub-core-web/packages/ui/src/icons/sprite.svg#i-edit"[39m
            [36m/>[39m
          [36m</svg>[39m
        [36m</span>[39m
      [36m</button>[39m
      [36m<button[39m
        [33maria-label[39m=[32m"Elimina la tasca"[39m
        [33mclass[39m=[32m"ah-button ah-button--ghost ah-icon-button"[39m
        [33mtype[39m=[32m"button"[39m
      [36m>[39m
        [36m<span[39m
          [33mclass[39m=[32m"ah-button__content"[39m
        [36m>[39m
          [36m<svg[39m
            [33maria-hidden[39m=[32m"true"[39m
            [33mclass[39m=[32m"ah-icon"[39m
          [36m>[39m
            [36m<use[39m
              [33mhref[39m=[32m"http://localhost:3000/@fs/Users/jordib/dev/agilityhub/agilityhub-core-web/packages/ui/src/icons/sprite.svg#i-x"[39m
            [36m/>[39m
          [36m</svg>[39m
        [36m</span>[39m
      [36m</button>[39m
    [36m</span>[39m
  [36m</div>[39m
  [36m<p[39m
    [33mclass[39m=[32m"ah-task__text"[39m
  [36m>[39m
    [0mAquesta setmana practiqueu el balancí amb calma: sessions curtes i moltes recompenses[0m
  [36m</p>[39m
  [36m<p[39m
    [33mclass[39m=[32m"ah-task__meta"[39m
  [36m>[39m
    [36m<span>[39m
      [0m31-07 · Estel[0m
      [0m · [0m
    [36m</span>[39m
    [36m<span[39m
      [33mclass[39m=[32m"ah-attachment-chips"[39m
    [36m>[39m
      [36m<span[39m
        [33mclass[39m=[32m"ah-attachment-chip"[39m
      [36m>[39m
        [36m<button[39m
          [33mclass[39m=[32m"ah-attachment-chip__open"[39m
          [33mtype[39m=[32m"button"[39m
        [36m>[39m
          [36m<svg[39m
            [33maria-hidden[39m=[32m"true"[39m
            [33mclass[39m=[32m"ah-icon"[39m
          [36m>[39m
            [36m<use[39m
              [33mhref[39m=[32m"http://localhost:3000/@fs/Users/jordib/dev/agilityhub/agilityhub-core-web/packages/ui/src/icons/sprite.svg#i-clip"[39m
            [36m/>[39m
          [36m</svg>[39m
          [36m<span>[39m
            [0mvídeo_balancí.mp4[0m
          [36m</span>[39m
        [36m</button>[39m
      [36m</span>[39m
    [36m</span>[39m
  [36m</p>[39m
[36m</li>[39m
 ❯ waitForWrapper ../../node_modules/.pnpm/@testing-library+dom@10.4.1/node_modules/@testing-library/dom/dist/wait-for.js:163:27
 ❯ ../../node_modules/.pnpm/@testing-library+dom@10.4.1/node_modules/@testing-library/dom/dist/query-helpers.js:86:33
 ❯ src/instructor/tasks.test.tsx:565:43
    563|     const clip = within(card(0)).getByRole("button", { name: "vídeo_ba…
    564|     fireEvent.click(clip);
    565|     const refused = await within(card(0)).findByRole("alert");
       |                                           ^
    566|     expect(refused).toHaveTextContent("No teniu permís per fer aquesta…
    567|     expect(clip.closest(".ah-attachment-chip")?.nextElementSibling).to…

⎯⎯⎯⎯⎯⎯⎯⎯⎯⎯⎯⎯⎯⎯⎯⎯⎯⎯⎯⎯⎯⎯⎯⎯[5/6]⎯

 FAIL  src/instructor/tasks.test.tsx > E6-W02 round 2 (review of 30-09): screen 26 > #7 (ruling E74): an instructor cannot read the file limits, so a 30 MB file is checked by the signed-url request: FILE_TOO_LARGE by its code, and nothing is PUT nor registered — an observation file and a new task's file
TestingLibraryElementError: Unable to find role="alert"

Ignored nodes: comments, script, style
[36m<section[39m
  [33maria-labelledby[39m=[32m"_r_1k_"[39m
  [33mclass[39m=[32m"ah-tasks"[39m
[36m>[39m
  [36m<header[39m
    [33mclass[39m=[32m"ah-tasks__header"[39m
  [36m>[39m
    [36m<h2[39m
      [33mclass[39m=[32m"ah-tasks__title"[39m
      [33mid[39m=[32m"_r_1k_"[39m
    [36m>[39m
      [0mTasques[0m
    [36m</h2>[39m
  [36m</header>[39m
  [36m<form[39m
    [33maria-label[39m=[32m"Nova tasca"[39m
    [33mclass[39m=[32m"ah-task ah-task--form"[39m
  [36m>[39m
    [36m<label[39m
      [33mclass[39m=[32m"ah-sr-only"[39m
      [33mfor[39m=[32m"_r_1k_-new"[39m
    [36m>[39m
      [0mText de la tasca nova[0m
    [36m</label>[39m
    [36m<textarea[39m
      [33mclass[39m=[32m"ah-input ah-textarea"[39m
      [33mid[39m=[32m"_r_1k_-new"[39m
      [33mmaxlength[39m=[32m"2000"[39m
      [33mrows[39m=[32m"3"[39m
    [36m>[39m
      [0mSalts amb calma[0m
    [36m</textarea>[39m
    [36m<span[39m
      [33mclass[39m=[32m"ah-attachment-chips"[39m
    [36m>[39m
      [36m<span[39m
        [33mclass[39m=[32m"ah-attachment-chip"[39m
      [36m>[39m
        [36m<button[39m
          [33mclass[39m=[32m"ah-attachment-chip__open"[39m
          [33mtype[39m=[32m"button"[39m
        [36m>[39m
          [36m<svg[39m
            [33maria-hidden[39m=[32m"true"[39m
            [33mclass[39m=[32m"ah-icon"[39m
          [36m>[39m
            [36m<use[39m
              [33mhref[39m=[32m"http://localhost:3000/@fs/Users/jordib/dev/agilityhub/agilityhub-core-web/packages/ui/src/icons/sprite.svg#i-clip"[39m
            [36m/>[39m
          [36m</svg>[39m
          [36m<span>[39m
            [0mvídeo_llarg.mp4[0m
          [36m</span>[39m
        [36m</button>[39m
        [36m<button[39m
          [33maria-label[39m=[32m"Treu vídeo_llarg.mp4"[39m
          [33mclass[39m=[32m"ah-button ah-button--ghost ah-icon-button ah-attachment-chip__remove"[39m
          [33mtype[39m=[32m"button"[39m
        [36m>[39m
          [36m<span[39m
            [33mclass[39m=[32m"ah-button__content"[39m
          [36m>[39m
            [36m<svg[39m
              [33maria-hidden[39m=[32m"true"[39m
              [33mclass[39m=[32m"ah-icon"[39m
            [36m>[39m
              [36m<use[39m
                [33mhref[39m=[32m"http://localhost:3000/@fs/Users/jordib/dev/agilityhub/agilityhub-core-web/packages/ui/src/icons/sprite.svg#i-x"[39m
              [36m/>[39m
            [36m</svg>[39m
          [36m</span>[39m
        [36m</button>[39m
      [36m</span>[39m
    [36m</span>[39m
    [36m<div[39m
      [33mclass[39m=[32m"ah-task__form-actions"[39m
    [36m>[39m
      [36m<span[39m
        [33mclass[39m=[32m"ah-attachment-picker"[39m
      [36m>[39m
        [36m<button[39m
          [33mclass[39m=[32m"ah-button ah-button--ghost"[39m
          [33mtype[39m=[32m"button"[39m
        [36m>[39m
          [36m<span[39m
            [33mclass[39m=[32m"ah-button__content"[39m
          [36m>[39m
            [36m<svg[39m
              [33maria-hidden[39m=[32m"true"[39m
              [33mclass[39m=[32m"ah-icon"[39m
            [36m>[39m
              [36m<use[39m
                [33mhref[39m=[32m"http://localhost:3000/@fs/Users/jordib/dev/agilityhub/agilityhub-core-web/packages/ui/src/icons/sprite.svg#i-clip"[39m
              [36m/>[39m
            [36m</svg>[39m
            [0m [0m
            [0mAdjunta un fitxer[0m
          [36m</span>[39m
        [36m</button>[39m
        [36m<input[39m
          [33maria-label[39m=[32m"Adjunta un fitxer"[39m
          [33mclass[39m=[32m"ah-sr-only"[39m
          [33mmultiple[39m=[32m""[39m
          [33mtabindex[39m=[32m"-1"[39m
          [33mtype[39m=[32m"file"[39m
        [36m/>[39m
      [36m</span>[39m
      [36m<button[39m
        [33mclass[39m=[32m"ah-button ah-button--ghost"[39m
        [33mtype[39m=[32m"button"[39m
      [36m>[39m
        [36m<span[39m
          [33mclass[39m=[32m"ah-button__content"[39m
        [36m>[39m
          [0mCancel·la[0m
        [36m</span>[39m
      [36m</button>[39m
      [36m<button[39m
        [33mclass[39m=[32m"ah-button ah-button--primary"[39m
        [33mtype[39m=[32m"submit"[39m
      [36m>[39m
        [36m<span[39m
          [33mclass[39m=[32m"ah-button__content"[39m
        [36m>[39m
          [0mAfegeix[0m
        [36m</span>[39m
      [36m</button>[39m
    [36m</div>[39m
  [36m</form>[39m
  [36m<ul[39m
    [33mclass[39m=[32m"ah-tasks__list"[39m
  [36m>[39m
    [36m<li[39m
      [33mclass[39m=[32m"ah-task ah-task--pending"[39m
    [36m>[39m
      [36m<div[39m
        [33mclass[39m=[32m"ah-task__head"[39m
      [36m>[39m
        [36m<span[39m
          [33mclass[39m=[32m"ah-badge ah-tone--warning"[39m
        [36m>[39m
          [0mpendent[0m
        [36m</span>[39m
        [36m<span[39m
          [33mclass[39m=[32m"ah-task__actions"[39m
        [36m>[39m
          [36m<button[39m
            [33maria-label[39m=[32m"Marca-la com a feta"[39m
            [33mclass[39m=[32m"ah-button ah-button--ghost ah-icon-button"[39m
            [33mtype[39m=[32m"button"[39m
          [36m>[39m
            [36m<span[39m
              [33mclass[39m=[32m"ah-button__content"[39m
            [36m>[39m
              [36m<svg[39m
                [33maria-hidden[39m=[32m"true"[39m
                [33mclass[39m=[32m"ah-icon"[39m
              [36m>[39m
                [36m<use[39m
                  [33mhref[39m=[32m"http://localhost:3000/@fs/Users/jordib/dev/agilityhub/agilityhub-core-web/packages/ui/src/icons/sprite.svg#i-check"[39m
                [36m/>[39m
              [36m</svg>[39m
            [36m</span>[39m
          [36m</button>[39m
          [36m<button[39m
            [33maria-label[39m=[32m"Edita la tasca"[39m
            [33mclass[39m=[32m"ah-button ah-button--ghost ah-icon-button"[39m
            [33mtype[39m=[32m"button"[39m
          [36m>[39m
            [36m<span[39m
              [33mclass[39m=[32m"ah-button__content"[39m
            [36m>[39m
              [36m<svg[39m
                [33maria-hidden[39m=[32m"true"[39m
                [33mclass[39m=[32m"ah-icon"[39m
              [36m>[39m
                [36m<use[39m
                  [33mhref[39m=[32m"http://localhost:3000/@fs/Users/jordib/dev/agilityhub/agilityhub-core-web/packages/ui/src/icons/sprite.svg#i-edit"[39m
                [36m/>[39m
              [36m</svg>[39m
            [36m</span>[39m
          [36m</button>[39m
          [36m<button[39m
            [33maria-label[39m=[32m"Elimina la tasca"[39m
            [33mclass[39m=[32m"ah-button ah-button--ghost ah-icon-button"[39m
            [33mtype[39m=[32m"button"[39m
          [36m>[39m
            [36m<span[39m
              [33mclass[39m=[32m"ah-button__content"[39m
            [36m>[39m
              [36m<svg[39m
                [33maria-hidden[39m=[32m"true"[39m
                [33mclass[39m=[32m"ah-icon"[39m
              [36m>[39m
                [36m<use[39m
                  [33mhref[39m=[32m"http://localhost:3000/@fs/Users/jordib/dev/agilityhub/agilityhub-core-web/packages/ui/src/icons/sprite.svg#i-x"[39m
                [36m/>[39m
              [36m</svg>[39m
            [36m</span>[39m
          [36m</button>[39m
        [36m</span>[39m
      [36m</div>[39m
      [36m<p[39m
        [33mclass[39m=[32m"ah-task__text"[39m
      [36m>[39m
        [0mAquesta setmana practiqueu el balancí amb calma: sessions curtes i moltes recompenses[0m
      [36m</p>[39m
      [36m<p[39m
        [33mclass[39m=[32m"ah-task__meta"[39m
      [36m>[39m
        [36m<span>[39m
          [0m31-07 · Estel[0m
          [0m · [0m
        [36m</span>[39m
        [36m<span[39m
          [33mclass[39m=[32m"ah-attachment-chips"[39m
        [36m>[39m
          [36m<span[39m
            [33mclass[39m=[32m"ah-attachment-chip"[39m
          [36m>[39m
            [36m<button[39m
              [33mclass[39m=[32m"ah-attachment-chip__open"[39m
              [33mtype[39m=[32m"button"[39m
            [36m>[39m
              [36m<svg[39m
                [33maria-hidden[39m=[32m"true"[39m
                [33mclass[39m=[32m"ah-icon"[39m
              [36m>[39m
                [36m<use[39m
                  [33mhref[39m=[32m"http://localhost:3000/@fs/Users/jordib/dev/agilityhub/agilityhub-core-web/packages/ui/src/icons/sprite.svg#i-clip"[39m
                [36m/>[39m
              [36m</svg>[39m
              [36m<span>[39m
                [0mvídeo_balancí.mp4[0m
              [36m</span>[39m
            [36m</button>[39m
          [36m</span>[39m
        [36m</span>[39m
      [36m</p>[39m
    [36m</li>[39m
    [36m<li[39m
      [33mclass[39m=[32m"ah-task ah-task--pending"[39m
    [36m>[39m
      [36m<div[39m
        [33mclass[39m=[32m"ah-task__head"[39m
      [36m>[39m
        [36m<span[39m
          [33mclass[39m=[32m"ah-badge ah-tone--warning"[39m
        [36m>[39m
          [0mpendent[0m
        [36m</span>[39m
        [36m<span[39m
          [33mclass[39m=[32m"ah-task__actions"[39m
        [36m>[39m
          [36m<button[39m
            [33maria-label[39m=[32m"Marca-la com a feta"[39m
            [33mclass[39m=[32m"ah-button ah-button--ghost ah-icon-button"[39m
            [33mtype[39m=[32m"button"[39m
          [36m>[39m
            [36m<span[39m
              [33mclass[39m=[32m"ah-button__content"[39m
            [36m>[39m
              [36m<svg[39m
                [33maria-hidden[39m=[32m"true"[39m
                [33mclass[39m=[32m"ah-icon"[39m
              [36m>[39m
                [36m<use[39m
                  [33mhref[39m=[32m"http://localhost:3000/@fs/Users/jordib/dev/agilityhub/agilityhub-core-web/packages/ui/src/icons/sprite.svg#i-check"[39m
                [36m/>[39m
              [36m</svg>[39m
            [36m</span>[39m
          [36m</button>[39m
          [36m<button[39m
            [33maria-label[39m=[32m"Edita la tasca"[39m
            [33mclass[39m=[32m"ah-button ah-button--ghost ah-icon-button"[39m
            [33mtype[39m=[32m"button"[39m
          [36m>[39m
            [36m<span[39m
              [33mclass[39m=[32m"ah-button__content"[39m
            [36m>[39m
              [36m<svg[39m
                [33maria-hidden[39m=[32m"true"[39m
                [33mclass[39m=[32m"ah-icon"[39m
              [36m>[39m
                [36m<use[39m
                  [33mhref[39m=[32m"http://localhost:3000/@fs/Users/jordib/dev/agilityhub/agilityhub-core-web/packages/ui/src/icons/sprite.svg#i-edit"[39m
                [36m/>[39m
              [36m</svg>[39m
            [36m</span>[39m
          [36m</button>[39m
          [36m<button[39m
            [33maria-label[39m=[32m"Elimina la tasca"[39m
            [33mclass[39m=[32m"ah-button ah-button--ghost ah-icon-button"[39m
            [33mtype[39m=[32m"button"[39m
          [36m>[39m
            [36m<span[39m
              [33mclass[39m=[32m"ah-button__content"[39m
            [36m>[39m
              [36m<svg[39m
                [33maria-hidden[39m=[32m"true"[39m
                [33mclass[39m=[32m"ah-icon"[39m
              [36m>[39m
                [36m<use[39m
                  [33mhref[39m=[32m"http://localhost:3000/@fs/Users/jordib/dev/agilityhub/agilityhub-core-web/packages/ui/src/icons/sprite.svg#i-x"[39m
                [36m/>[39m
              [36m</svg>[39m
            [36m</span>[39m
          [36m</button>[39m
        [36m</span>[39m
      [36m</div>[39m
      [36m<p[39m
        [33mclass[39m=[32m"ah-task__text"[39m
      [36m>[39m
        [0mRepasseu la taula de contactes al jardí, 5 minuts al dia[0m
      [36m</p>[39m
      [36m<p[39m
        [33mclass[39m=[32m"ah-task__meta"[39m
      [36m>[39m
        [36m<span>[39m
          [0m30-07 · Marc[0m
        [36m</span>[39m
      [36m</p>[39m
    [36m</li>[39m
    [36m<li[39m
      [33mclass[39m=[32m"ah-task ah-task--done"[39m
    [36m>[39m
      [36m<div[39m
        [33mclass[39m=[32m"ah-task__head"[39m
      [36m>[39m
        [36m<span[39m
          [33mclass[39m=[32m"ah-badge ah-tone--success"[39m
        [36m>[39m
          [0mfeta[0m
        [36m</span>[39m
        [36m<span[39m
          [33mclass[39m=[32m"ah-task__actions"[39m
        [36m>[39m
          [36m<button[39m
            [33maria-label[39m=[32m"Torna-la a pendent"[39m
            [33mclass[39m=[32m"ah-button ah-button--ghost ah-icon-button"[39m
            [33mtype[39m=[32m"button"[39m
          [36m>[39m
            [36m<span[39m
              [33mclass[39m=[32m"ah-button__content"[39m
            [36m>[39m
              [36m<svg[39m
                [33maria-hidden[39m=[32m"true"[39m
                [33mclass[39m=[32m"ah-icon"[39m
              [36m>[39m
                [36m<use[39m
                  [33mhref[39m=[32m"http://localhost:3000/@fs/Users/jordib/dev/agilityhub/agilityhub-core-web/packages/ui/src/icons/sprite.svg#i-undo"[39m
                [36m/>[39m
              [36m</svg>[39m
            [36m</span>[39m
          [36m</button>[39m
          [36m<button[39m
            [33maria-label[39m=[32m"Elimina la tasca"[39m
            [33mclass[39m=[32m"ah-button ah-button--ghost ah-icon-button"[39m
            [33mtype[39m=[32m"button"[39m
          [36m>[39m
            [36m<span[39m
              [33mclass[39m=[32m"ah-button__content"[39m
            [36m>[39m
              [36m<svg[39m
                [33maria-hidden[39m=[32m"true"[39m
                [33mclass[39m=[32m"ah-icon"[39m
              [36m>[39m
                [36m<use[39m
                  [33mhref[39m=[32m"http://localhost:3000/@fs/Users/jordib/dev/agilityhub/agilityhub-core-web/packages/ui/src/icons/sprite.svg#i-x"[39m
                [36m/>[39m
              [36m</svg>[39m
            [36m</span>[39m
          [36m</button>[39m
        [36m</span>[39m
      [36m</div>[39m
      [36m<p[39m
        [33mclass[39m=[32m"ah-task__text"[39m
      [36m>[39m
        [0mTreballar l'«espera» a la línia de sortida[0m
      [36m</p>[39m
      [36m<p[39m
        [33mclass[39m=[32m"ah-task__meta"[39m
      [36m>[39m
        [36m<span>[39m
          [0m28-07 · Estel[0m
          [0m · feta per la Laura el 02-08[0m
        [36m</span>[39m
      [36m</p>[39m
    [36m</li>[39m
  [36m</ul>[39m
[36m</section>[39m

Ignored nodes: comments, script, style
[36m<section[39m
  [33maria-labelledby[39m=[32m"_r_1k_"[39m
  [33mclass[39m=[32m"ah-tasks"[39m
[36m>[39m
  [36m<header[39m
    [33mclass[39m=[32m"ah-tasks__header"[39m
  [36m>[39m
    [36m<h2[39m
      [33mclass[39m=[32m"ah-tasks__title"[39m
      [33mid[39m=[32m"_r_1k_"[39m
    [36m>[39m
      [0mTasques[0m
    [36m</h2>[39m
  [36m</header>[39m
  [36m<form[39m
    [33maria-label[39m=[32m"Nova tasca"[39m
    [33mclass[39m=[32m"ah-task ah-task--form"[39m
  [36m>[39m
    [36m<label[39m
      [33mclass[39m=[32m"ah-sr-only"[39m
      [33mfor[39m=[32m"_r_1k_-new"[39m
    [36m>[39m
      [0mText de la tasca nova[0m
    [36m</label>[39m
    [36m<textarea[39m
      [33mclass[39m=[32m"ah-input ah-textarea"[39m
      [33mid[39m=[32m"_r_1k_-new"[39m
      [33mmaxlength[39m=[32m"2000"[39m
      [33mrows[39m=[32m"3"[39m
    [36m>[39m
      [0mSalts amb calma[0m
    [36m</textarea>[39m
    [36m<span[39m
      [33mclass[39m=[32m"ah-attachment-chips"[39m
    [36m>[39m
      [36m<span[39m
        [33mclass[39m=[32m"ah-attachment-chip"[39m
      [36m>[39m
        [36m<button[39m
          [33mclass[39m=[32m"ah-attachment-chip__open"[39m
          [33mtype[39m=[32m"button"[39m
        [36m>[39m
          [36m<svg[39m
            [33maria-hidden[39m=[32m"true"[39m
            [33mclass[39m=[32m"ah-icon"[39m
          [36m>[39m
            [36m<use[39m
              [33mhref[39m=[32m"http://localhost:3000/@fs/Users/jordib/dev/agilityhub/agilityhub-core-web/packages/ui/src/icons/sprite.svg#i-clip"[39m
            [36m/>[39m
          [36m</svg>[39m
          [36m<span>[39m
            [0mvídeo_llarg.mp4[0m
          [36m</span>[39m
        [36m</button>[39m
        [36m<button[39m
          [33maria-label[39m=[32m"Treu vídeo_llarg.mp4"[39m
          [33mclass[39m=[32m"ah-button ah-button--ghost ah-icon-button ah-attachment-chip__remove"[39m
          [33mtype[39m=[32m"button"[39m
        [36m>[39m
          [36m<span[39m
            [33mclass[39m=[32m"ah-button__content"[39m
          [36m>[39m
            [36m<svg[39m
              [33maria-hidden[39m=[32m"true"[39m
              [33mclass[39m=[32m"ah-icon"[39m
            [36m>[39m
              [36m<use[39m
                [33mhref[39m=[32m"http://localhost:3000/@fs/Users/jordib/dev/agilityhub/agilityhub-core-web/packages/ui/src/icons/sprite.svg#i-x"[39m
              [36m/>[39m
            [36m</svg>[39m
          [36m</span>[39m
        [36m</button>[39m
      [36m</span>[39m
    [36m</span>[39m
    [36m<div[39m
      [33mclass[39m=[32m"ah-task__form-actions"[39m
    [36m>[39m
      [36m<span[39m
        [33mclass[39m=[32m"ah-attachment-picker"[39m
      [36m>[39m
        [36m<button[39m
          [33mclass[39m=[32m"ah-button ah-button--ghost"[39m
          [33mtype[39m=[32m"button"[39m
        [36m>[39m
          [36m<span[39m
            [33mclass[39m=[32m"ah-button__content"[39m
          [36m>[39m
            [36m<svg[39m
              [33maria-hidden[39m=[32m"true"[39m
              [33mclass[39m=[32m"ah-icon"[39m
            [36m>[39m
              [36m<use[39m
                [33mhref[39m=[32m"http://localhost:3000/@fs/Users/jordib/dev/agilityhub/agilityhub-core-web/packages/ui/src/icons/sprite.svg#i-clip"[39m
              [36m/>[39m
            [36m</svg>[39m
            [0m [0m
            [0mAdjunta un fitxer[0m
          [36m</span>[39m
        [36m</button>[39m
        [36m<input[39m
          [33maria-label[39m=[32m"Adjunta un fitxer"[39m
          [33mclass[39m=[32m"ah-sr-only"[39m
          [33mmultiple[39m=[32m""[39m
          [33mtabindex[39m=[32m"-1"[39m
          [33mtype[39m=[32m"file"[39m
        [36m/>[39m
      [36m</span>[39m
      [36m<button[39m
        [33mclass[39m=[32m"ah-button ah-button--ghost"[39m
        [33mtype[39m=[32m"button"[39m
      [36m>[39m
        [36m<span[39m
          [33mclass[39m=[32m"ah-button__content"[39m
        [36m>[39m
          [0mCancel·la[0m
        [36m</span>[39m
      [36m</button>[39m
      [36m<button[39m
        [33mclass[39m=[32m"ah-button ah-button--primary"[39m
        [33mtype[39m=[32m"submit"[39m
      [36m>[39m
        [36m<span[39m
          [33mclass[39m=[32m"ah-button__content"[39m
        [36m>[39m
          [0mAfegeix[0m
        [36m</span>[39m
      [36m</button>[39m
    [36m</div>[39m
  [36m</form>[39m
  [36m<ul[39m
    [33mclass[39m=[32m"ah-tasks__list"[39m
  [36m>[39m
    [36m<li[39m
      [33mclass[39m=[32m"ah-task ah-task--pending"[39m
    [36m>[39m
      [36m<div[39m
        [33mclass[39m=[32m"ah-task__head"[39m
      [36m>[39m
        [36m<span[39m
          [33mclass[39m=[32m"ah-badge ah-tone--warning"[39m
        [36m>[39m
          [0mpendent[0m
        [36m</span>[39m
        [36m<span[39m
          [33mclass[39m=[32m"ah-task__actions"[39m
        [36m>[39m
          [36m<button[39m
            [33maria-label[39m=[32m"Marca-la com a feta"[39m
            [33mclass[39m=[32m"ah-button ah-button--ghost ah-icon-button"[39m
            [33mtype[39m=[32m"button"[39m
          [36m>[39m
            [36m<span[39m
              [33mclass[39m=[32m"ah-button__content"[39m
            [36m>[39m
              [36m<svg[39m
                [33maria-hidden[39m=[32m"true"[39m
                [33mclass[39m=[32m"ah-icon"[39m
              [36m>[39m
                [36m<use[39m
                  [33mhref[39m=[32m"http://localhost:3000/@fs/Users/jordib/dev/agilityhub/agilityhub-core-web/packages/ui/src/icons/sprite.svg#i-check"[39m
                [36m/>[39m
              [36m</svg>[39m
            [36m</span>[39m
          [36m</button>[39m
          [36m<button[39m
            [33maria-label[39m=[32m"Edita la tasca"[39m
            [33mclass[39m=[32m"ah-button ah-button--ghost ah-icon-button"[39m
            [33mtype[39m=[32m"button"[39m
          [36m>[39m
            [36m<span[39m
              [33mclass[39m=[32m"ah-button__content"[39m
            [36m>[39m
              [36m<svg[39m
                [33maria-hidden[39m=[32m"true"[39m
                [33mclass[39m=[32m"ah-icon"[39m
              [36m>[39m
                [36m<use[39m
                  [33mhref[39m=[32m"http://localhost:3000/@fs/Users/jordib/dev/agilityhub/agilityhub-core-web/packages/ui/src/icons/sprite.svg#i-edit"[39m
                [36m/>[39m
              [36m</svg>[39m
            [36m</span>[39m
          [36m</button>[39m
          [36m<button[39m
            [33maria-label[39m=[32m"Elimina la tasca"[39m
            [33mclass[39m=[32m"ah-button ah-button--ghost ah-icon-button"[39m
            [33mtype[39m=[32m"button"[39m
          [36m>[39m
            [36m<span[39m
              [33mclass[39m=[32m"ah-button__content"[39m
            [36m>[39m
              [36m<svg[39m
                [33maria-hidden[39m=[32m"true"[39m
                [33mclass[39m=[32m"ah-icon"[39m
              [36m>[39m
                [36m<use[39m
                  [33mhref[39m=[32m"http://localhost:3000/@fs/Users/jordib/dev/agilityhub/agilityhub-core-web/packages/ui/src/icons/sprite.svg#i-x"[39m
                [36m/>[39m
              [36m</svg>[39m
            [36m</span>[39m
          [36m</button>[39m
        [36m</span>[39m
      [36m</div>[39m
      [36m<p[39m
        [33mclass[39m=[32m"ah-task__text"[39m
      [36m>[39m
        [0mAquesta setmana practiqueu el balancí amb calma: sessions curtes i moltes recompenses[0m
      [36m</p>[39m
      [36m<p[39m
        [33mclass[39m=[32m"ah-task__meta"[39m
      [36m>[39m
        [36m<span>[39m
          [0m31-07 · Estel[0m
          [0m · [0m
        [36m</span>[39m
        [36m<span[39m
          [33mclass[39m=[32m"ah-attachment-chips"[39m
        [36m>[39m
          [36m<span[39m
            [33mclass[39m=[32m"ah-attachment-chip"[39m
          [36m>[39m
            [36m<button[39m
              [33mclass[39m=[32m"ah-attachment-chip__open"[39m
              [33mtype[39m=[32m"button"[39m
            [36m>[39m
              [36m<svg[39m
                [33maria-hidden[39m=[32m"true"[39m
                [33mclass[39m=[32m"ah-icon"[39m
              [36m>[39m
                [36m<use[39m
                  [33mhref[39m=[32m"http://localhost:3000/@fs/Users/jordib/dev/agilityhub/agilityhub-core-web/packages/ui/src/icons/sprite.svg#i-clip"[39m
                [36m/>[39m
              [36m</svg>[39m
              [36m<span>[39m
                [0mvídeo_balancí.mp4[0m
              [36m</span>[39m
            [36m</button>[39m
          [36m</span>[39m
        [36m</span>[39m
      [36m</p>[39m
    [36m</li>[39m
    [36m<li[39m
      [33mclass[39m=[32m"ah-task ah-task--pending"[39m
    [36m>[39m
      [36m<div[39m
        [33mclass[39m=[32m"ah-task__head"[39m
      [36m>[39m
        [36m<span[39m
          [33mclass[39m=[32m"ah-badge ah-tone--warning"[39m
        [36m>[39m
          [0mpendent[0m
        [36m</span>[39m
        [36m<span[39m
          [33mclass[39m=[32m"ah-task__actions"[39m
        [36m>[39m
          [36m<button[39m
            [33maria-label[39m=[32m"Marca-la com a feta"[39m
            [33mclass[39m=[32m"ah-button ah-button--ghost ah-icon-button"[39m
            [33mtype[39m=[32m"button"[39m
          [36m>[39m
            [36m<span[39m
              [33mclass[39m=[32m"ah-button__content"[39m
            [36m>[39m
              [36m<svg[39m
                [33maria-hidden[39m=[32m"true"[39m
                [33mclass[39m=[32m"ah-icon"[39m
              [36m>[39m
                [36m<use[39m
                  [33mhref[39m=[32m"http://localhost:3000/@fs/Users/jordib/dev/agilityhub/agilityhub-core-web/packages/ui/src/icons/sprite.svg#i-check"[39m
                [36m/>[39m
              [36m</svg>[39m
            [36m</span>[39m
          [36m</button>[39m
          [36m<button[39m
            [33maria-label[39m=[32m"Edita la tasca"[39m
            [33mclass[39m=[32m"ah-button ah-button--ghost ah-icon-button"[39m
            [33mtype[39m=[32m"button"[39m
          [36m>[39m
            [36m<span[39m
              [33mclass[39m=[32m"ah-button__content"[39m
            [36m>[39m
              [36m<svg[39m
                [33maria-hidden[39m=[32m"true"[39m
                [33mclass[39m=[32m"ah-icon"[39m
              [36m>[39m
                [36m<use[39m
                  [33mhref[39m=[32m"http://localhost:3000/@fs/Users/jordib/dev/agilityhub/agilityhub-core-web/packages/ui/src/icons/sprite.svg#i-edit"[39m
                [36m/>[39m
              [36m</svg>[39m
            [36m</span>[39m
          [36m</button>[39m
          [36m<button[39m
            [33maria-label[39m=[32m"Elimina la tasca"[39m
            [33mclass[39m=[32m"ah-button ah-button--ghost ah-icon-button"[39m
            [33mtype[39m=[32m"button"[39m
          [36m>[39m
            [36m<span[39m
              [33mclass[39m=[32m"ah-button__content"[39m
            [36m>[39m
              [36m<svg[39m
                [33maria-hidden[39m=[32m"true"[39m
                [33mclass[39m=[32m"ah-icon"[39m
              [36m>[39m
                [36m<use[39m
                  [33mhref[39m=[32m"http://localhost:3000/@fs/Users/jordib/dev/agilityhub/agilityhub-core-web/packages/ui/src/icons/sprite.svg#i-x"[39m
                [36m/>[39m
              [36m</svg>[39m
            [36m</span>[39m
          [36m</button>[39m
        [36m</span>[39m
      [36m</div>[39m
      [36m<p[39m
        [33mclass[39m=[32m"ah-task__text"[39m
      [36m>[39m
        [0mRepasseu la taula de contactes al jardí, 5 minuts al dia[0m
      [36m</p>[39m
      [36m<p[39m
        [33mclass[39m=[32m"ah-task__meta"[39m
      [36m>[39m
        [36m<span>[39m
          [0m30-07 · Marc[0m
        [36m</span>[39m
      [36m</p>[39m
    [36m</li>[39m
    [36m<li[39m
      [33mclass[39m=[32m"ah-task ah-task--done"[39m
    [36m>[39m
      [36m<div[39m
        [33mclass[39m=[32m"ah-task__head"[39m
      [36m>[39m
        [36m<span[39m
          [33mclass[39m=[32m"ah-badge ah-tone--success"[39m
        [36m>[39m
          [0mfeta[0m
        [36m</span>[39m
        [36m<span[39m
          [33mclass[39m=[32m"ah-task__actions"[39m
        [36m>[39m
          [36m<button[39m
            [33maria-label[39m=[32m"Torna-la a pendent"[39m
            [33mclass[39m=[32m"ah-button ah-button--ghost ah-icon-button"[39m
            [33mtype[39m=[32m"button"[39m
          [36m>[39m
            [36m<span[39m
              [33mclass[39m=[32m"ah-button__content"[39m
            [36m>[39m
              [36m<svg[39m
                [33maria-hidden[39m=[32m"true"[39m
                [33mclass[39m=[32m"ah-icon"[39m
              [36m>[39m
                [36m<use[39m
                  [33mhref[39m=[32m"http://localhost:3000/@fs/Users/jordib/dev/agilityhub/agilityhub-core-web/packages/ui/src/icons/sprite.svg#i-undo"[39m
                [36m/>[39m
              [36m</svg>[39m
            [36m</span>[39m
          [36m</button>[39m
          [36m<button[39m
            [33maria-label[39m=[32m"Elimina la tasca"[39m
            [33mclass[39m=[32m"ah-button ah-button--ghost ah-icon-button"[39m
            [33mtype[39m=[32m"button"[39m
          [36m>[39m
            [36m<span[39m
              [33mclass[39m=[32m"ah-button__content"[39m
            [36m>[39m
              [36m<svg[39m
                [33maria-hidden[39m=[32m"true"[39m
                [33mclass[39m=[32m"ah-icon"[39m
              [36m>[39m
                [36m<use[39m
                  [33mhref[39m=[32m"http://localhost:3000/@fs/Users/jordib/dev/agilityhub/agilityhub-core-web/packages/ui/src/icons/sprite.svg#i-x"[39m
                [36m/>[39m
              [36m</svg>[39m
            [36m</span>[39m
          [36m</button>[39m
        [36m</span>[39m
      [36m</div>[39m
      [36m<p[39m
        [33mclass[39m=[32m"ah-task__text"[39m
      [36m>[39m
        [0mTreballar l'«espera» a la línia de sortida[0m
      [36m</p>[39m
      [36m<p[39m
        [33mclass[39m=[32m"ah-task__meta"[39m
      [36m>[39m
        [36m<span>[39m
          [0m28-07 · Estel[0m
          [0m · feta per la Laura el 02-08[0m
        [36m</span>[39m
      [36m</p>[39m
    [36m</li>[39m
  [36m</ul>[39m
[36m</section>[39m
 ❯ waitForWrapper ../../node_modules/.pnpm/@testing-library+dom@10.4.1/node_modules/@testing-library/dom/dist/wait-for.js:163:27
 ❯ ../../node_modules/.pnpm/@testing-library+dom@10.4.1/node_modules/@testing-library/dom/dist/query-helpers.js:86:33
 ❯ src/instructor/tasks.test.tsx:613:39
    611|       ).toHaveLength(2);
    612|     });
    613|     expect(await within(tasksBlock()).findByRole("alert")).toHaveTextC…
       |                                       ^
    614|       "El fitxer és massa gran.",
    615|     );

⎯⎯⎯⎯⎯⎯⎯⎯⎯⎯⎯⎯⎯⎯⎯⎯⎯⎯⎯⎯⎯⎯⎯⎯[6/6]⎯


 Test Files  2 failed (2)
      Tests  6 failed | 22 passed (28)
   Start at  16:14:20
   Duration  42.31s (tests 96%, transform 2%, environment 1%, import 1%)

undefined
/Users/jordib/dev/agilityhub/agilityhub-core-web/apps/clubs:
 ERR_PNPM_RECURSIVE_EXEC_FIRST_FAIL  Command failed with exit code 1: vitest run --reporter=verbose src/instructor/tasks.test.tsx src/history/history.test.tsx
